timestamp,sim_time_s,total_vehicles,avg_speed_ms,avg_speed_kmh,avg_wait_s,max_wait_s,throughput,departed,teleported,e1_id,e1_count,e1_spd_kmh,e1_occ,e2_id,e2_count,e2_spd_kmh,e2_occ,e3_id,e3_count,e3_spd_kmh,e3_occ,e4_id,e4_count,e4_spd_kmh,e4_occ,e5_id,e5_count,e5_spd_kmh,e5_occ,e6_id,e6_count,e6_spd_kmh,e6_occ,e7_id,e7_count,e7_spd_kmh,e7_occ,e8_id,e8_count,e8_spd_kmh,e8_occ,traffic_state,congestion_index,speed_ma5,speed_ma15,wait_ma5,vehicle_ma5,speed_change_pct,efficiency,hour_of_day,traffic_pressure,state_by_speed,state_by_wait,state_by_density,final_state,severity,is_anomaly,predicted_next_state,recommendation
2026-04-01 09:48:50,10,0,0.0,0.0,0.0,0.0,0,0,0,-1149832778#0,0,100.01,0.0,-1149832778#1,0,100.01,0.0,-1149832778#2,0,100.01,0.0,-1149832778#3,0,100.01,0.0,-1175493775#0,0,100.01,0.0,-1175493775#1,0,100.01,0.0,-1175493775#2,0,100.01,0.0,-1215966886,0,50.0,0.0,Tắc nghẽn,0.6,0.0,0.0,0.0,0.0,0.0,0.0,0,0.0,Tắc nghẽn,Thông thoáng,Chậm,Tắc nghẽn,3,0,Bình thường,"Điều tiết khẩn cấp, ưu tiên hướng thoát, gửi cảnh báo"
2026-04-01 09:48:50,20,19,9.396,33.82,0.11,2.0,0,0,0,-1149832778#0,0,100.01,0.0,-1149832778#1,0,100.01,0.0,-1149832778#2,0,100.01,0.0,-1149832778#3,0,100.01,0.0,-1175493775#0,0,100.01,0.0,-1175493775#1,0,100.01,0.0,-1175493775#2,0,100.01,0.0,-1215966886,0,50.0,0.0,Bình thường,0.195,16.91,16.91,0.055,9.5,inf,0.0,0,0.06,Bình thường,Thông thoáng,Thông thoáng,Bình thường,1,1,Bình thường,"Theo dõi, tối ưu pha đèn nếu cần"
2026-04-01 09:48:51,30,37,8.359,30.09,0.89,12.0,0,0,0,-1149832778#0,0,100.01,0.0,-1149832778#1,0,100.01,0.0,-1149832778#2,0,100.01,0.0,-1149832778#3,0,100.01,0.0,-1175493775#0,0,100.01,0.0,-1175493775#1,0,100.01,0.0,-1175493775#2,0,100.01,0.0,-1215966886,0,50.0,0.0,Bình thường,0.242,21.30333333333333,21.30333333333333,0.3333333333333333,18.666666666666668,-11.028976936723833,0.0,0,1.059,Bình thường,Thông thoáng,Bình thường,Bình thường,1,1,Bình thường,"Theo dõi, tối ưu pha đèn nếu cần"
2026-04-01 09:48:51,40,49,8.066,29.04,0.94,14.0,0,0,0,-1149832778#0,0,100.01,0.0,-1149832778#1,0,100.01,0.0,-1149832778#2,0,100.01,0.0,-1149832778#3,0,100.01,0.0,-1175493775#0,0,100.01,0.0,-1175493775#1,0,100.01,0.0,-1175493775#2,0,100.01,0.0,-1215966886,0,50.0,0.0,Bình thường,0.255,23.2375,23.2375,0.485,26.25,-3.489531405782653,0.0,0,1.533,Bình thường,Thông thoáng,Bình thường,Bình thường,1,1,Chậm,"Theo dõi, tối ưu pha đèn nếu cần"
2026-04-01 09:48:51,50,49,6.848,24.65,1.71,11.0,0,0,0,-1149832778#0,0,100.01,0.0,-1149832778#1,0,100.01,0.0,-1149832778#2,0,100.01,0.0,-1149832778#3,0,100.01,0.0,-1175493775#0,0,100.01,0.0,-1175493775#1,0,100.01,0.0,-1175493775#2,0,100.01,0.0,-1215966886,0,50.0,0.0,Bình thường,0.31,23.52,23.52,0.73,30.8,-15.117079889807162,0.0,0,3.267,Chậm,Thông thoáng,Bình thường,Chậm,2,1,Bình thường,"Kéo dài pha xanh hướng đông-tây, cảnh báo tài xế"
2026-04-01 09:48:51,60,49,6.992,25.17,3.39,21.0,0,4,0,-1149832778#0,0,100.01,0.0,-1149832778#1,0,100.01,0.0,-1149832778#2,0,100.01,0.0,-1149832778#3,0,100.01,0.0,-1175493775#0,0,100.01,0.0,-1175493775#1,0,100.01,0.0,-1175493775#2,0,100.01,0.0,-1215966886,0,50.0,0.0,Bình thường,0.309,28.554000000000002,23.795,1.408,40.6,2.1095334685598433,0.0,0,6.347,Bình thường,Thông thoáng,Bình thường,Bình thường,1,1,Bình thường,"Theo dõi, tối ưu pha đèn nếu cần"
2026-04-01 09:48:51,70,45,7.083,25.5,5.09,31.0,0,0,0,-1149832778#0,0,100.01,0.0,-1149832778#1,0,100.01,0.0,-1149832778#2,0,100.01,0.0,-1149832778#3,0,100.01,0.0,-1175493775#0,0,100.01,0.0,-1175493775#1,0,100.01,0.0,-1175493775#2,0,100.01,0.0,-1215966886,0,50.0,0.0,Bình thường,0.311,26.890000000000004,24.03857142857143,2.404,45.8,1.3110846245530272,0.0,0,8.643,Bình thường,Thông thoáng,Bình thường,Bình thường,1,1,Bình thường,"Theo dõi, tối ưu pha đèn nếu cần"
2026-04-01 09:48:51,80,44,7.043,25.35,7.66,41.0,1,0,0,-1149832778#0,0,100.01,0.0,-1149832778#1,0,100.01,0.0,-1149832778#2,0,100.01,0.0,-1149832778#3,0,100.01,0.0,-1175493775#0,0,100.01,0.0,-1175493775#1,0,100.01,0.0,-1175493775#2,0,100.01,0.0,-1215966886,0,50.0,0.0,Bình thường,0.321,25.942,24.2025,3.758,47.2,-0.588235294117645,0.022727272727272728,0,12.791,Bình thường,Thông thoáng,Bình thường,Bình thường,1,1,Chậm,"Theo dõi, tối ưu pha đèn nếu cần"
2026-04-01 09:48:51,90,43,5.919,21.31,9.42,51.0,2,0,0,-1149832778#0,0,100.01,0.0,-1149832778#1,0,100.01,0.024,-1149832778#2,0,100.01,0.0,-1149832778#3,0,100.01,0.0,-1175493775#0,0,100.01,0.0,-1175493775#1,0,100.01,0.0,-1175493775#2,0,100.01,0.0,-1215966886,0,50.0,0.0,Bình thường,0.376,24.395999999999997,23.88111111111111,5.454000000000001,46.0,-15.936883629191334,0.046511627906976744,0,18.156,Chậm,Thông thoáng,Bình thường,Chậm,2,1,Chậm,"Kéo dài pha xanh hướng đông-tây, cảnh báo tài xế"
2026-04-01 09:48:51,100,45,6.788,24.44,10.42,59.0,0,0,0,-1149832778#0,0,100.01,0.0,-1149832778#1,1,36.61,0.071,-1149832778#2,0,100.01,0.0,-1149832778#3,0,100.01,0.0,-1175493775#0,0,100.01,0.0,-1175493775#1,0,100.01,0.0,-1175493775#2,0,100.01,0.0,-1215966886,0,50.0,0.0,Bình thường,0.341,24.354000000000003,23.937,7.196000000000001,45.2,14.687939934303152,0.0,0,18.432,Chậm,Thông thoáng,Bình thường,Chậm,2,1,Chậm,"Kéo dài pha xanh hướng đông-tây, cảnh báo tài xế"
2026-04-01 09:48:51,110,49,6.6,23.76,12.88,69.0,0,0,0,-1149832778#0,0,100.01,0.0,-1149832778#1,0,100.01,0.0,-1149832778#2,0,100.01,0.0,-1149832778#3,0,100.01,0.0,-1175493775#0,0,100.01,0.0,-1175493775#1,0,100.01,0.0,-1175493775#2,0,100.01,0.0,-1215966886,0,50.0,0.0,Bình thường,0.358,24.072000000000003,23.920909090909092,9.094,45.2,-2.782324058919805,0.0,0,25.489,Chậm,Thông thoáng,Bình thường,Chậm,2,1,Chậm,"Kéo dài pha xanh hướng đông-tây, cảnh báo tài xế"
2026-04-01 09:48:51,120,50,5.309,19.11,16.72,79.0,0,7,0,-1149832778#0,0,100.01,0.0,-1149832778#1,0,100.01,0.0,-1149832778#2,0,100.01,0.0,-1149832778#3,0,100.01,0.0,-1175493775#0,0,100.01,0.0,-1175493775#1,0,100.01,0.0,-1175493775#2,0,100.01,0.0,-1215966886,0,50.0,0.0,Chậm,0.426,22.794,23.52,11.419999999999998,46.2,-19.570707070707083,0.0,0,41.571,Chậm,Bình thường,Bình thường,Chậm,2,1,Chậm,"Kéo dài pha xanh hướng đông-tây, cảnh báo tài xế"
2026-04-01 09:48:51,130,43,4.791,17.25,22.67,89.0,0,0,0,-1149832778#0,0,100.01,0.0,-1149832778#1,1,46.45,0.071,-1149832778#2,0,100.01,0.0,-1149832778#3,0,100.01,0.0,-1175493775#0,0,100.01,0.0,-1175493775#1,0,100.01,0.0,-1175493775#2,0,100.01,0.0,-1215966886,0,50.0,0.0,Chậm,0.469,21.174,23.037692307692307,14.422,46.0,-9.733124018838302,0.0,0,53.414,Chậm,Bình thường,Chậm,Chậm,2,1,Chậm,"Kéo dài pha xanh hướng đông-tây, cảnh báo tài xế"
2026-04-01 09:48:51,140,50,5.218,18.78,17.6,99.0,0,0,0,-1149832778#0,0,100.01,0.0,-1149832778#1,1,45.86,0.071,-1149832778#2,0,100.01,0.0,-1149832778#3,0,100.01,0.0,-1175493775#0,0,100.01,0.0,-1175493775#1,0,100.01,0.0,-1175493775#2,0,100.01,0.0,-1215966886,0,50.0,0.0,Chậm,0.433,20.668,22.733571428571427,16.058,47.4,8.869565217391306,0.0,0,44.489,Chậm,Bình thường,Bình thường,Chậm,2,1,Chậm,"Kéo dài pha xanh hướng đông-tây, cảnh báo tài xế"
2026-04-01 09:48:51,150,50,3.878,13.96,22.86,109.0,0,0,0,-1149832778#0,0,100.01,0.0,-1149832778#1,1,49.22,0.071,-1149832778#2,0,100.01,0.0,-1149832778#3,0,100.01,0.0,-1175493775#0,0,100.01,0.0,-1175493775#1,0,100.01,0.0,-1175493775#2,0,100.01,0.0,-1215966886,0,50.0,0.0,Chậm,0.509,18.572,22.148666666666667,18.546,48.4,-25.665601703940368,0.0,0,76.404,Chậm,Bình thường,Chậm,Chậm,2,1,Chậm,"Kéo dài pha xanh hướng đông-tây, cảnh báo tài xế"
2026-04-01 09:48:51,160,49,3.034,10.92,30.12,119.0,0,0,0,-1149832778#0,0,100.01,0.0,-1149832778#1,0,100.01,0.0,-1149832778#2,1,49.5,0.348,-1149832778#3,0,100.01,0.0,-1175493775#0,0,100.01,0.0,-1175493775#1,0,100.01,0.0,-1175493775#2,0,100.01,0.0,-1215966886,0,50.0,0.0,Chậm,0.569,16.003999999999998,22.876666666666665,21.994,48.4,-21.776504297994272,0.0,0,123.815,Chậm,Bình thường,Chậm,Chậm,2,0,Tắc nghẽn,"Kéo dài pha xanh hướng đông-tây, cảnh báo tài xế"
2026-04-01 09:48:51,170,49,2.029,7.3,37.45,129.0,1,0,0,-1149832778#0,0,100.01,0.0,-1149832778#1,0,100.01,0.0,-1149832778#2,0,100.01,0.0,-1149832778#3,0,100.01,0.0,-1175493775#0,0,100.01,0.0,-1175493775#1,0,100.01,0.0,-1175493775#2,0,100.01,0.0,-1215966886,0,50.0,0.0,Tắc nghẽn,0.637,13.642000000000001,21.108666666666668,26.139999999999997,48.2,-33.15018315018315,0.02040816326530612,0,221.09,Tắc nghẽn,Bình thường,Chậm,Tắc nghẽn,3,0,Tắc nghẽn,"Điều tiết khẩn cấp, ưu tiên hướng thoát, gửi cảnh báo"
2026-04-01 09:48:51,180,50,1.733,6.24,43.86,139.0,0,2,0,-1149832778#0,0,100.01,0.0,-1149832778#1,0,100.01,0.0,-1149832778#2,0,100.01,0.0,-1149832778#3,0,100.01,0.0,-1175493775#0,0,100.01,0.0,-1175493775#1,0,100.01,0.0,-1175493775#2,0,100.01,0.0,-1215966886,0,50.0,0.0,Tắc nghẽn,0.671,11.440000000000001,19.518666666666665,30.377999999999997,49.6,-14.520547945205475,0.0,0,302.901,Tắc nghẽn,Chậm,Chậm,Tắc nghẽn,3,0,Tắc nghẽn,"Điều tiết khẩn cấp, ưu tiên hướng thoát, gửi cảnh báo"
2026-04-01 09:48:51,190,49,1.755,6.32,52.18,149.0,0,0,0,-1149832778#0,0,100.01,0.0,-1149832778#1,1,47.66,0.071,-1149832778#2,0,100.01,0.0,-1149832778#3,0,100.01,0.0,-1175493775#0,0,100.01,0.0,-1175493775#1,0,100.01,0.0,-1175493775#2,0,100.01,0.0,-1215966886,0,50.0,0.0,Tắc nghẽn,0.698,8.948,18.004,37.294,49.4,1.2820512820512775,0.0,0,349.292,Tắc nghẽn,Chậm,Chậm,Tắc nghẽn,3,0,Tắc nghẽn,"Điều tiết khẩn cấp, ưu tiên hướng thoát, gửi cảnh báo"
2026-04-01 09:48:51,200,50,1.349,4.86,59.62,159.0,0,0,0,-1149832778#0,1,0.0,0.285,-1149832778#1,0,100.01,0.0,-1149832778#2,0,100.01,0.0,-1149832778#3,0,100.01,0.0,-1175493775#0,0,100.01,0.0,-1175493775#1,0,100.01,0.0,-1175493775#2,0,100.01,0.0,-1215966886,0,50.0,0.0,Tắc nghẽn,0.74,7.128,16.68466666666667,44.646,49.4,-23.10126582278481,0.0,0,508.703,Tắc nghẽn,Chậm,Tắc nghẽn,Tắc nghẽn,3,0,Tắc nghẽn,"Điều tiết khẩn cấp, ưu tiên hướng thoát, gửi cảnh báo"
2026-04-01 09:48:51,210,50,0.405,1.46,68.68,169.0,0,0,0,-1149832778#0,1,0.0,0.285,-1149832778#1,0,100.01,0.0,-1149832778#2,0,100.01,0.0,-1149832778#3,0,100.01,0.0,-1175493775#0,0,100.01,0.0,-1175493775#1,0,100.01,0.0,-1175493775#2,0,100.01,0.0,-1215966886,0,50.0,0.0,Tắc nghẽn,0.811,5.236,15.104000000000001,52.35799999999999,49.6,-69.95884773662551,0.0,0,1395.935,Tắc nghẽn,Chậm,Tắc nghẽn,Tắc nghẽn,3,0,Tắc nghẽn,"Điều tiết khẩn cấp, ưu tiên hướng thoát, gửi cảnh báo"
2026-04-01 09:48:51,220,50,0.201,0.72,78.4,179.0,0,0,0,-1149832778#0,2,0.0,0.57,-1149832778#1,0,100.01,0.0,-1149832778#2,0,100.01,0.0,-1149832778#3,0,100.01,0.0,-1175493775#0,0,100.01,0.0,-1175493775#1,0,100.01,0.0,-1175493775#2,0,100.01,0.0,-1215966886,0,50.0,0.0,Tắc nghẽn,0.853,3.9200000000000004,13.452,60.548,49.8,-50.68493150684932,0.0,0,2279.07,Tắc nghẽn,Chậm,Tắc nghẽn,Tắc nghẽn,3,0,Tắc nghẽn,"Điều tiết khẩn cấp, ưu tiên hướng thoát, gửi cảnh báo"
2026-04-01 09:48:51,230,50,0.451,1.62,87.32,189.0,0,0,0,-1149832778#0,2,0.0,0.57,-1149832778#1,0,100.01,0.0,-1149832778#2,0,100.01,0.0,-1149832778#3,0,100.01,0.0,-1175493775#0,0,100.01,0.0,-1175493775#1,0,100.01,0.0,-1175493775#2,0,100.01,0.0,-1215966886,0,50.0,0.0,Tắc nghẽn,0.872,2.996,11.870000000000001,69.24,49.8,125.00000000000004,0.0,0,1666.412,Tắc nghẽn,Chậm,Tắc nghẽn,Tắc nghẽn,3,0,Tắc nghẽn,"Điều tiết khẩn cấp, ưu tiên hướng thoát, gửi cảnh báo"
2026-04-01 09:48:51,240,50,0.367,1.32,96.92,199.0,0,0,0,-1149832778#0,2,0.0,0.57,-1149832778#1,0,100.01,0.0,-1149832778#2,0,100.01,0.0,-1149832778#3,0,100.01,0.0,-1175493775#0,0,100.01,0.0,-1175493775#1,0,100.01,0.0,-1175493775#2,0,100.01,0.0,-1215966886,0,50.0,0.0,Tắc nghẽn,0.907,1.996,10.537333333333333,78.188,50.0,-18.518518518518523,0.0,0,2088.793,Tắc nghẽn,Tắc nghẽn,Tắc nghẽn,Tắc nghẽn,3,0,Tắc nghẽn,"Điều tiết khẩn cấp, ưu tiên hướng thoát, gửi cảnh báo"
2026-04-01 09:48:51,250,50,0.535,1.93,106.52,209.0,0,0,0,-1149832778#0,2,0.0,0.57,-1149832778#1,0,100.01,0.0,-1149832778#2,0,100.01,0.0,-1149832778#3,0,100.01,0.0,-1175493775#0,0,100.01,0.0,-1175493775#1,0,100.01,0.0,-1175493775#2,0,100.01,0.0,-1215966886,0,50.0,0.0,Tắc nghẽn,0.932,1.41,9.036666666666667,87.56800000000001,50.0,46.21212121212119,0.0,0,1817.747,Tắc nghẽn,Tắc nghẽn,Tắc nghẽn,Tắc nghẽn,3,0,Tắc nghẽn,"Điều tiết khẩn cấp, ưu tiên hướng thoát, gửi cảnh báo"
2026-04-01 09:48:51,260,50,0.53,1.91,116.12,219.0,0,0,0,-1149832778#0,2,0.0,0.57,-1149832778#1,0,100.01,0.0,-1149832778#2,0,100.01,0.0,-1149832778#3,0,100.01,0.0,-1175493775#0,0,100.01,0.0,-1175493775#1,0,100.01,0.0,-1175493775#2,0,100.01,0.0,-1215966886,0,50.0,0.0,Tắc nghẽn,0.964,1.5,7.58,97.056,50.0,-1.0362694300518172,0.0,0,1995.189,Tắc nghẽn,Tắc nghẽn,Tắc nghẽn,Tắc nghẽn,3,0,Tắc nghẽn,"Điều tiết khẩn cấp, ưu tiên hướng thoát, gửi cảnh báo"
2026-04-01 09:48:51,270,50,0.275,0.99,125.78,229.0,0,0,0,-1149832778#0,2,0.0,0.57,-1149832778#1,0,100.01,0.0,-1149832778#2,0,100.01,0.0,-1149832778#3,0,100.01,0.0,-1175493775#0,0,100.01,0.0,-1175493775#1,0,100.01,0.0,-1175493775#2,0,100.01,0.0,-1215966886,0,50.0,0.0,Tắc nghẽn,0.988,1.554,6.372000000000001,106.532,50.0,-48.167539267015705,0.0,0,3160.302,Tắc nghẽn,Tắc nghẽn,Tắc nghẽn,Tắc nghẽn,3,0,Tắc nghẽn,"Điều tiết khẩn cấp, ưu tiên hướng thoát, gửi cảnh báo"
2026-04-01 09:48:51,280,50,0.262,0.94,135.58,239.0,0,0,0,-1149832778#0,2,0.0,0.57,-1149832778#1,0,100.01,0.0,-1149832778#2,0,100.01,0.0,-1149832778#3,0,100.01,0.0,-1175493775#0,0,100.01,0.0,-1175493775#1,0,100.01,0.0,-1175493775#2,0,100.01,0.0,-1215966886,0,50.0,0.0,Tắc nghẽn,0.989,1.418,5.284666666666667,116.18400000000001,50.0,-5.05050505050505,0.0,0,3494.33,Tắc nghẽn,Tắc nghẽn,Tắc nghẽn,Tắc nghẽn,3,0,Tắc nghẽn,"Điều tiết khẩn cấp, ưu tiên hướng thoát, gửi cảnh báo"
2026-04-01 09:48:51,290,50,0.129,0.47,145.38,249.0,0,0,0,-1149832778#0,2,0.0,0.57,-1149832778#1,0,100.01,0.0,-1149832778#2,0,100.01,0.0,-1149832778#3,0,100.01,0.0,-1175493775#0,0,100.01,0.0,-1175493775#1,0,100.01,0.0,-1175493775#2,0,100.01,0.0,-1215966886,0,50.0,0.0,Tắc nghẽn,0.994,1.248,4.064,125.876,50.0,-50.0,0.0,0,4944.898,Tắc nghẽn,Tắc nghẽn,Tắc nghẽn,Tắc nghẽn,3,0,Tắc nghẽn,"Điều tiết khẩn cấp, ưu tiên hướng thoát, gửi cảnh báo"
2026-04-01 09:48:51,300,50,0.253,0.91,155.18,259.0,0,0,0,-1149832778#0,2,0.0,0.57,-1149832778#1,0,100.01,0.0,-1149832778#2,0,100.01,0.0,-1149832778#3,0,100.01,0.0,-1175493775#0,0,100.01,0.0,-1175493775#1,0,100.01,0.0,-1175493775#2,0,100.01,0.0,-1215966886,0,50.0,0.0,Tắc nghẽn,0.989,1.044,3.1940000000000004,135.608,50.0,93.61702127659576,0.0,0,4062.304,Tắc nghẽn,Tắc nghẽn,Tắc nghẽn,Tắc nghẽn,3,0,Tắc nghẽn,"Điều tiết khẩn cấp, ưu tiên hướng thoát, gửi cảnh báo"
2026-04-01 09:48:51,310,50,0.261,0.94,164.98,269.0,0,0,0,-1149832778#0,2,0.0,0.57,-1149832778#1,0,100.01,0.0,-1149832778#2,0,100.01,0.0,-1149832778#3,0,100.01,0.0,-1175493775#0,0,100.01,0.0,-1175493775#1,0,100.01,0.0,-1175493775#2,0,100.01,0.0,-1215966886,0,50.0,0.0,Tắc nghẽn,0.989,0.85,2.5286666666666666,145.38,50.0,3.296703296703285,0.0,0,4252.062,Tắc nghẽn,Tắc nghẽn,Tắc nghẽn,Tắc nghẽn,3,0,Tắc nghẽn,"Điều tiết khẩn cấp, ưu tiên hướng thoát, gửi cảnh báo"
2026-04-01 09:48:51,320,50,0.277,1.0,174.78,279.0,0,0,0,-1149832778#0,2,0.0,0.57,-1149832778#1,0,100.01,0.0,-1149832778#2,0,100.01,0.0,-1149832778#3,0,100.01,0.0,-1175493775#0,0,100.01,0.0,-1175493775#1,0,100.01,0.0,-1175493775#2,0,100.01,0.0,-1215966886,0,50.0,0.0,Tắc nghẽn,0.988,0.852,2.1086666666666667,155.18,50.0,6.382978723404253,0.0,0,4369.5,Tắc nghẽn,Tắc nghẽn,Tắc nghẽn,Tắc nghẽn,3,0,Tắc nghẽn,"Điều tiết khẩn cấp, ưu tiên hướng thoát, gửi cảnh báo"
2026-04-01 09:48:51,330,50,0.268,0.96,184.58,289.0,0,0,0,-1149832778#0,2,0.0,0.57,-1149832778#1,0,100.01,0.0,-1149832778#2,0,100.01,0.0,-1149832778#3,0,100.01,0.0,-1175493775#0,0,100.01,0.0,-1175493775#1,0,100.01,0.0,-1175493775#2,0,100.01,0.0,-1215966886,0,50.0,0.0,Tắc nghẽn,0.988,0.8560000000000001,1.7566666666666666,164.98,50.0,-4.0000000000000036,0.0,0,4708.673,Tắc nghẽn,Tắc nghẽn,Tắc nghẽn,Tắc nghẽn,3,0,Tắc nghẽn,"Điều tiết khẩn cấp, ưu tiên hướng thoát, gửi cảnh báo"
2026-04-01 09:48:52,340,50,0.164,0.59,194.38,299.0,0,0,0,-1149832778#0,2,0.0,0.57,-1149832778#1,0,100.01,0.0,-1149832778#2,0,100.01,0.0,-1149832778#3,0,100.01,0.0,-1175493775#0,0,100.01,0.0,-1175493775#1,0,100.01,0.0,-1175493775#2,0,100.01,0.0,-1215966886,0,50.0,0.0,Tắc nghẽn,0.993,0.8800000000000001,1.3746666666666665,174.78,50.0,-38.541666666666664,0.0,0,6112.579,Tắc nghẽn,Tắc nghẽn,Tắc nghẽn,Tắc nghẽn,3,0,Tắc nghẽn,"Điều tiết khẩn cấp, ưu tiên hướng thoát, gửi cảnh báo"
2026-04-01 09:48:52,350,50,0.262,0.94,204.18,309.0,0,0,0,-1149832778#0,2,0.0,0.57,-1149832778#1,0,100.01,0.0,-1149832778#2,0,100.01,0.0,-1149832778#3,0,100.01,0.0,-1175493775#0,0,100.01,0.0,-1175493775#1,0,100.01,0.0,-1175493775#2,0,100.01,0.0,-1215966886,0,50.0,0.0,Tắc nghẽn,0.989,0.8859999999999999,1.1133333333333333,184.58,50.0,59.32203389830508,0.0,0,5262.371,Tắc nghẽn,Tắc nghẽn,Tắc nghẽn,Tắc nghẽn,3,0,Tắc nghẽn,"Điều tiết khẩn cấp, ưu tiên hướng thoát, gửi cảnh báo"
2026-04-01 09:48:52,360,50,0.0,0.0,214.06,319.0,0,0,0,-1149832778#0,2,0.0,0.57,-1149832778#1,0,100.01,0.0,-1149832778#2,0,100.01,0.0,-1149832778#3,0,100.01,0.0,-1175493775#0,0,100.01,0.0,-1175493775#1,0,100.01,0.0,-1175493775#2,0,100.01,0.0,-1215966886,0,50.0,0.0,Tắc nghẽn,1.0,0.698,1.0159999999999998,194.39600000000002,50.0,-100.0,0.0,0,10703.0,Tắc nghẽn,Tắc nghẽn,Tắc nghẽn,Tắc nghẽn,3,0,Tắc nghẽn,"Điều tiết khẩn cấp, ưu tiên hướng thoát, gửi cảnh báo"
2026-04-01 09:48:52,370,50,0.0,0.0,224.06,329.0,0,0,0,-1149832778#0,2,0.0,0.57,-1149832778#1,0,100.01,0.0,-1149832778#2,0,100.01,0.0,-1149832778#3,0,100.01,0.0,-1175493775#0,0,100.01,0.0,-1175493775#1,0,100.01,0.0,-1175493775#2,0,100.01,0.0,-1215966886,0,50.0,0.0,Tắc nghẽn,1.0,0.49799999999999994,0.968,204.252,50.0,0.0,0.0,0,11203.0,Tắc nghẽn,Tắc nghẽn,Tắc nghẽn,Tắc nghẽn,3,0,Tắc nghẽn,"Điều tiết khẩn cấp, ưu tiên hướng thoát, gửi cảnh báo"
2026-04-01 09:48:52,380,50,0.0,0.0,234.06,339.0,0,0,0,-1149832778#0,2,0.0,0.57,-1149832778#1,0,100.01,0.0,-1149832778#2,0,100.01,0.0,-1149832778#3,0,100.01,0.0,-1175493775#0,0,100.01,0.0,-1175493775#1,0,100.01,0.0,-1175493775#2,0,100.01,0.0,-1215966886,0,50.0,0.0,Tắc nghẽn,1.0,0.30599999999999994,0.8599999999999999,214.148,50.0,0.0,0.0,0,11703.0,Tắc nghẽn,Tắc nghẽn,Tắc nghẽn,Tắc nghẽn,3,0,Tắc nghẽn,"Điều tiết khẩn cấp, ưu tiên hướng thoát, gửi cảnh báo"
2026-04-01 09:48:52,390,50,0.0,0.0,244.06,349.0,0,0,0,-1149832778#0,2,0.0,0.57,-1149832778#1,0,100.01,0.0,-1149832778#2,0,100.01,0.0,-1149832778#3,0,100.01,0.0,-1175493775#0,0,100.01,0.0,-1175493775#1,0,100.01,0.0,-1175493775#2,0,100.01,0.0,-1215966886,0,50.0,0.0,Tắc nghẽn,1.0,0.188,0.7719999999999999,224.084,50.0,0.0,0.0,0,12203.0,Tắc nghẽn,Tắc nghẽn,Tắc nghẽn,Tắc nghẽn,3,0,Tắc nghẽn,"Điều tiết khẩn cấp, ưu tiên hướng thoát, gửi cảnh báo"
2026-04-01 09:48:52,400,50,0.0,0.0,254.06,359.0,0,0,0,-1149832778#0,2,0.0,0.57,-1149832778#1,0,100.01,0.0,-1149832778#2,0,100.01,0.0,-1149832778#3,0,100.01,0.0,-1175493775#0,0,100.01,0.0,-1175493775#1,0,100.01,0.0,-1175493775#2,0,100.01,0.0,-1215966886,0,50.0,0.0,Tắc nghẽn,1.0,0.0,0.6433333333333332,234.06,50.0,0.0,0.0,0,12703.0,Tắc nghẽn,Tắc nghẽn,Tắc nghẽn,Tắc nghẽn,3,0,Tắc nghẽn,"Điều tiết khẩn cấp, ưu tiên hướng thoát, gửi cảnh báo"
2026-04-01 09:48:52,410,50,0.0,0.0,264.06,369.0,0,0,0,-1149832778#0,2,0.0,0.57,-1149832778#1,0,100.01,0.0,-1149832778#2,0,100.01,0.0,-1149832778#3,0,100.01,0.0,-1175493775#0,0,100.01,0.0,-1175493775#1,0,100.01,0.0,-1175493775#2,0,100.01,0.0,-1215966886,0,50.0,0.0,Tắc nghẽn,1.0,0.0,0.516,244.06000000000003,50.0,0.0,0.0,0,13203.0,Tắc nghẽn,Tắc nghẽn,Tắc nghẽn,Tắc nghẽn,3,0,Tắc nghẽn,"Điều tiết khẩn cấp, ưu tiên hướng thoát, gửi cảnh báo"
2026-04-01 09:48:52,420,50,0.0,0.0,274.06,379.0,0,0,0,-1149832778#0,2,0.0,0.57,-1149832778#1,0,100.01,0.0,-1149832778#2,0,100.01,0.0,-1149832778#3,0,100.01,0.0,-1175493775#0,0,100.01,0.0,-1175493775#1,0,100.01,0.0,-1175493775#2,0,100.01,0.0,-1215966886,0,50.0,0.0,Tắc nghẽn,1.0,0.0,0.45,254.06,50.0,0.0,0.0,0,13703.0,Tắc nghẽn,Tắc nghẽn,Tắc nghẽn,Tắc nghẽn,3,0,Tắc nghẽn,"Điều tiết khẩn cấp, ưu tiên hướng thoát, gửi cảnh báo"
2026-04-01 09:48:52,430,50,0.0,0.0,284.06,389.0,0,0,0,-1149832778#0,2,0.0,0.57,-1149832778#1,0,100.01,0.0,-1149832778#2,0,100.01,0.0,-1149832778#3,0,100.01,0.0,-1175493775#0,0,100.01,0.0,-1175493775#1,0,100.01,0.0,-1175493775#2,0,100.01,0.0,-1215966886,0,50.0,0.0,Tắc nghẽn,1.0,0.0,0.38733333333333336,264.06000000000006,50.0,0.0,0.0,0,14203.0,Tắc nghẽn,Tắc nghẽn,Tắc nghẽn,Tắc nghẽn,3,0,Tắc nghẽn,"Điều tiết khẩn cấp, ưu tiên hướng thoát, gửi cảnh báo"
2026-04-01 09:48:52,440,50,0.0,0.0,294.06,399.0,0,0,0,-1149832778#0,2,0.0,0.57,-1149832778#1,0,100.01,0.0,-1149832778#2,0,100.01,0.0,-1149832778#3,0,100.01,0.0,-1175493775#0,0,100.01,0.0,-1175493775#1,0,100.01,0.0,-1175493775#2,0,100.01,0.0,-1215966886,0,50.0,0.0,Tắc nghẽn,1.0,0.0,0.356,274.06000000000006,50.0,0.0,0.0,0,14703.0,Tắc nghẽn,Tắc nghẽn,Tắc nghẽn,Tắc nghẽn,3,0,Tắc nghẽn,"Điều tiết khẩn cấp, ưu tiên hướng thoát, gửi cảnh báo"
2026-04-01 09:48:52,450,50,0.0,0.0,304.06,409.0,0,0,0,-1149832778#0,2,0.0,0.57,-1149832778#1,0,100.01,0.0,-1149832778#2,0,100.01,0.0,-1149832778#3,0,100.01,0.0,-1175493775#0,0,100.01,0.0,-1175493775#1,0,100.01,0.0,-1175493775#2,0,100.01,0.0,-1215966886,0,50.0,0.0,Tắc nghẽn,1.0,0.0,0.29533333333333334,284.06,50.0,0.0,0.0,0,15203.0,Tắc nghẽn,Tắc nghẽn,Tắc nghẽn,Tắc nghẽn,3,0,Tắc nghẽn,"Điều tiết khẩn cấp, ưu tiên hướng thoát, gửi cảnh báo"
2026-04-01 09:48:52,460,50,0.0,0.0,314.06,419.0,0,0,0,-1149832778#0,2,0.0,0.57,-1149832778#1,0,100.01,0.0,-1149832778#2,0,100.01,0.0,-1149832778#3,0,100.01,0.0,-1175493775#0,0,100.01,0.0,-1175493775#1,0,100.01,0.0,-1175493775#2,0,100.01,0.0,-1215966886,0,50.0,0.0,Tắc nghẽn,1.0,0.0,0.23266666666666666,294.06,50.0,0.0,0.0,0,15703.0,Tắc nghẽn,Tắc nghẽn,Tắc nghẽn,Tắc nghẽn,3,0,Tắc nghẽn,"Điều tiết khẩn cấp, ưu tiên hướng thoát, gửi cảnh báo"
2026-04-01 09:48:52,470,50,0.0,0.0,324.06,429.0,0,0,0,-1149832778#0,2,0.0,0.57,-1149832778#1,0,100.01,0.0,-1149832778#2,0,100.01,0.0,-1149832778#3,0,100.01,0.0,-1175493775#0,0,100.01,0.0,-1175493775#1,0,100.01,0.0,-1175493775#2,0,100.01,0.0,-1215966886,0,50.0,0.0,Tắc nghẽn,1.0,0.0,0.16599999999999998,304.06000000000006,50.0,0.0,0.0,0,16203.0,Tắc nghẽn,Tắc nghẽn,Tắc nghẽn,Tắc nghẽn,3,0,Tắc nghẽn,"Điều tiết khẩn cấp, ưu tiên hướng thoát, gửi cảnh báo"
2026-04-01 09:48:52,480,50,0.0,0.0,334.06,439.0,0,0,0,-1149832778#0,2,0.0,0.57,-1149832778#1,0,100.01,0.0,-1149832778#2,0,100.01,0.0,-1149832778#3,0,100.01,0.0,-1175493775#0,0,100.01,0.0,-1175493775#1,0,100.01,0.0,-1175493775#2,0,100.01,0.0,-1215966886,0,50.0,0.0,Tắc nghẽn,1.0,0.0,0.102,314.06000000000006,50.0,0.0,0.0,0,16703.0,Tắc nghẽn,Tắc nghẽn,Tắc nghẽn,Tắc nghẽn,3,0,Tắc nghẽn,"Điều tiết khẩn cấp, ưu tiên hướng thoát, gửi cảnh báo"
2026-04-01 09:48:52,490,50,0.0,0.0,344.06,449.0,0,0,0,-1149832778#0,2,0.0,0.57,-1149832778#1,0,100.01,0.0,-1149832778#2,0,100.01,0.0,-1149832778#3,0,100.01,0.0,-1175493775#0,0,100.01,0.0,-1175493775#1,0,100.01,0.0,-1175493775#2,0,100.01,0.0,-1215966886,0,50.0,0.0,Tắc nghẽn,1.0,0.0,0.06266666666666666,324.06,50.0,0.0,0.0,0,17203.0,Tắc nghẽn,Tắc nghẽn,Tắc nghẽn,Tắc nghẽn,3,0,Tắc nghẽn,"Điều tiết khẩn cấp, ưu tiên hướng thoát, gửi cảnh báo"
2026-04-01 09:48:52,500,50,0.0,0.0,354.06,459.0,0,0,0,-1149832778#0,2,0.0,0.57,-1149832778#1,0,100.01,0.0,-1149832778#2,0,100.01,0.0,-1149832778#3,0,100.01,0.0,-1175493775#0,0,100.01,0.0,-1175493775#1,0,100.01,0.0,-1175493775#2,0,100.01,0.0,-1215966886,0,50.0,0.0,Tắc nghẽn,1.0,0.0,0.0,334.06,50.0,0.0,0.0,0,17703.0,Tắc nghẽn,Tắc nghẽn,Tắc nghẽn,Tắc nghẽn,3,0,Tắc nghẽn,"Điều tiết khẩn cấp, ưu tiên hướng thoát, gửi cảnh báo"
2026-04-01 09:48:52,510,50,0.0,0.0,364.06,469.0,0,0,0,-1149832778#0,2,0.0,0.57,-1149832778#1,0,100.01,0.0,-1149832778#2,0,100.01,0.0,-1149832778#3,0,100.01,0.0,-1175493775#0,0,100.01,0.0,-1175493775#1,0,100.01,0.0,-1175493775#2,0,100.01,0.0,-1215966886,0,50.0,0.0,Tắc nghẽn,1.0,0.0,0.0,344.06000000000006,50.0,0.0,0.0,0,18203.0,Tắc nghẽn,Tắc nghẽn,Tắc nghẽn,Tắc nghẽn,3,0,Tắc nghẽn,"Điều tiết khẩn cấp, ưu tiên hướng thoát, gửi cảnh báo"
2026-04-01 09:48:52,520,50,0.0,0.0,374.06,479.0,0,0,0,-1149832778#0,2,0.0,0.57,-1149832778#1,0,100.01,0.0,-1149832778#2,0,100.01,0.0,-1149832778#3,0,100.01,0.0,-1175493775#0,0,100.01,0.0,-1175493775#1,0,100.01,0.0,-1175493775#2,0,100.01,0.0,-1215966886,0,50.0,0.0,Tắc nghẽn,1.0,0.0,0.0,354.06000000000006,50.0,0.0,0.0,0,18703.0,Tắc nghẽn,Tắc nghẽn,Tắc nghẽn,Tắc nghẽn,3,0,Tắc nghẽn,"Điều tiết khẩn cấp, ưu tiên hướng thoát, gửi cảnh báo"
2026-04-01 09:48:52,530,50,0.0,0.0,384.06,489.0,0,0,0,-1149832778#0,2,0.0,0.57,-1149832778#1,0,100.01,0.0,-1149832778#2,0,100.01,0.0,-1149832778#3,0,100.01,0.0,-1175493775#0,0,100.01,0.0,-1175493775#1,0,100.01,0.0,-1175493775#2,0,100.01,0.0,-1215966886,0,50.0,0.0,Tắc nghẽn,1.0,0.0,0.0,364.06,50.0,0.0,0.0,0,19203.0,Tắc nghẽn,Tắc nghẽn,Tắc nghẽn,Tắc nghẽn,3,0,Tắc nghẽn,"Điều tiết khẩn cấp, ưu tiên hướng thoát, gửi cảnh báo"
2026-04-01 09:48:52,540,50,0.0,0.0,394.06,499.0,0,0,0,-1149832778#0,2,0.0,0.57,-1149832778#1,0,100.01,0.0,-1149832778#2,0,100.01,0.0,-1149832778#3,0,100.01,0.0,-1175493775#0,0,100.01,0.0,-1175493775#1,0,100.01,0.0,-1175493775#2,0,100.01,0.0,-1215966886,0,50.0,0.0,Tắc nghẽn,1.0,0.0,0.0,374.06,50.0,0.0,0.0,0,19703.0,Tắc nghẽn,Tắc nghẽn,Tắc nghẽn,Tắc nghẽn,3,0,Tắc nghẽn,"Điều tiết khẩn cấp, ưu tiên hướng thoát, gửi cảnh báo"
2026-04-01 09:48:52,550,50,0.0,0.0,404.06,509.0,0,0,0,-1149832778#0,2,0.0,0.57,-1149832778#1,0,100.01,0.0,-1149832778#2,0,100.01,0.0,-1149832778#3,0,100.01,0.0,-1175493775#0,0,100.01,0.0,-1175493775#1,0,100.01,0.0,-1175493775#2,0,100.01,0.0,-1215966886,0,50.0,0.0,Tắc nghẽn,1.0,0.0,0.0,384.06000000000006,50.0,0.0,0.0,0,20203.0,Tắc nghẽn,Tắc nghẽn,Tắc nghẽn,Tắc nghẽn,3,0,Tắc nghẽn,"Điều tiết khẩn cấp, ưu tiên hướng thoát, gửi cảnh báo"
2026-04-01 09:48:52,560,50,0.0,0.0,414.06,519.0,0,0,0,-1149832778#0,2,0.0,0.57,-1149832778#1,0,100.01,0.0,-1149832778#2,0,100.01,0.0,-1149832778#3,0,100.01,0.0,-1175493775#0,0,100.01,0.0,-1175493775#1,0,100.01,0.0,-1175493775#2,0,100.01,0.0,-1215966886,0,50.0,0.0,Tắc nghẽn,1.0,0.0,0.0,394.06000000000006,50.0,0.0,0.0,0,20703.0,Tắc nghẽn,Tắc nghẽn,Tắc nghẽn,Tắc nghẽn,3,0,Tắc nghẽn,"Điều tiết khẩn cấp, ưu tiên hướng thoát, gửi cảnh báo"
2026-04-01 09:48:52,570,50,0.0,0.0,424.06,529.0,0,0,0,-1149832778#0,2,0.0,0.57,-1149832778#1,0,100.01,0.0,-1149832778#2,0,100.01,0.0,-1149832778#3,0,100.01,0.0,-1175493775#0,0,100.01,0.0,-1175493775#1,0,100.01,0.0,-1175493775#2,0,100.01,0.0,-1215966886,0,50.0,0.0,Tắc nghẽn,1.0,0.0,0.0,404.06,50.0,0.0,0.0,0,21203.0,Tắc nghẽn,Tắc nghẽn,Tắc nghẽn,Tắc nghẽn,3,0,Tắc nghẽn,"Điều tiết khẩn cấp, ưu tiên hướng thoát, gửi cảnh báo"
2026-04-01 09:48:52,580,50,0.0,0.0,434.06,539.0,0,0,0,-1149832778#0,2,0.0,0.57,-1149832778#1,0,100.01,0.0,-1149832778#2,0,100.01,0.0,-1149832778#3,0,100.01,0.0,-1175493775#0,0,100.01,0.0,-1175493775#1,0,100.01,0.0,-1175493775#2,0,100.01,0.0,-1215966886,0,50.0,0.0,Tắc nghẽn,1.0,0.0,0.0,414.06000000000006,50.0,0.0,0.0,0,21703.0,Tắc nghẽn,Tắc nghẽn,Tắc nghẽn,Tắc nghẽn,3,0,Tắc nghẽn,"Điều tiết khẩn cấp, ưu tiên hướng thoát, gửi cảnh báo"
2026-04-01 09:48:52,590,50,0.0,0.0,444.06,549.0,0,0,0,-1149832778#0,2,0.0,0.57,-1149832778#1,0,100.01,0.0,-1149832778#2,0,100.01,0.0,-1149832778#3,0,100.01,0.0,-1175493775#0,0,100.01,0.0,-1175493775#1,0,100.01,0.0,-1175493775#2,0,100.01,0.0,-1215966886,0,50.0,0.0,Tắc nghẽn,1.0,0.0,0.0,424.06000000000006,50.0,0.0,0.0,0,22203.0,Tắc nghẽn,Tắc nghẽn,Tắc nghẽn,Tắc nghẽn,3,0,Tắc nghẽn,"Điều tiết khẩn cấp, ưu tiên hướng thoát, gửi cảnh báo"
2026-04-01 09:48:52,600,50,0.0,0.0,454.06,559.0,0,0,0,-1149832778#0,2,0.0,0.57,-1149832778#1,0,100.01,0.0,-1149832778#2,0,100.01,0.0,-1149832778#3,0,100.01,0.0,-1175493775#0,0,100.01,0.0,-1175493775#1,0,100.01,0.0,-1175493775#2,0,100.01,0.0,-1215966886,0,50.0,0.0,Tắc nghẽn,1.0,0.0,0.0,434.06000000000006,50.0,0.0,0.0,0,22703.0,Tắc nghẽn,Tắc nghẽn,Tắc nghẽn,Tắc nghẽn,3,0,Tắc nghẽn,"Điều tiết khẩn cấp, ưu tiên hướng thoát, gửi cảnh báo"
2026-04-01 09:48:52,610,50,0.0,0.0,464.06,569.0,0,0,0,-1149832778#0,2,0.0,0.57,-1149832778#1,0,100.01,0.0,-1149832778#2,0,100.01,0.0,-1149832778#3,0,100.01,0.0,-1175493775#0,0,100.01,0.0,-1175493775#1,0,100.01,0.0,-1175493775#2,0,100.01,0.0,-1215966886,0,50.0,0.0,Tắc nghẽn,1.0,0.0,0.0,444.06000000000006,50.0,0.0,0.0,0,23203.0,Tắc nghẽn,Tắc nghẽn,Tắc nghẽn,Tắc nghẽn,3,0,Tắc nghẽn,"Điều tiết khẩn cấp, ưu tiên hướng thoát, gửi cảnh báo"
2026-04-01 09:48:52,620,50,0.0,0.0,474.06,579.0,0,0,0,-1149832778#0,2,0.0,0.57,-1149832778#1,0,100.01,0.0,-1149832778#2,0,100.01,0.0,-1149832778#3,0,100.01,0.0,-1175493775#0,0,100.01,0.0,-1175493775#1,0,100.01,0.0,-1175493775#2,0,100.01,0.0,-1215966886,0,50.0,0.0,Tắc nghẽn,1.0,0.0,0.0,454.06000000000006,50.0,0.0,0.0,0,23703.0,Tắc nghẽn,Tắc nghẽn,Tắc nghẽn,Tắc nghẽn,3,0,Tắc nghẽn,"Điều tiết khẩn cấp, ưu tiên hướng thoát, gửi cảnh báo"
2026-04-01 09:48:52,630,50,0.0,0.0,484.06,589.0,0,0,0,-1149832778#0,2,0.0,0.57,-1149832778#1,0,100.01,0.0,-1149832778#2,0,100.01,0.0,-1149832778#3,0,100.01,0.0,-1175493775#0,0,100.01,0.0,-1175493775#1,0,100.01,0.0,-1175493775#2,0,100.01,0.0,-1215966886,0,50.0,0.0,Tắc nghẽn,1.0,0.0,0.0,464.06000000000006,50.0,0.0,0.0,0,24203.0,Tắc nghẽn,Tắc nghẽn,Tắc nghẽn,Tắc nghẽn,3,0,Tắc nghẽn,"Điều tiết khẩn cấp, ưu tiên hướng thoát, gửi cảnh báo"
2026-04-01 09:48:52,640,50,0.0,0.0,494.06,599.0,0,0,0,-1149832778#0,2,0.0,0.57,-1149832778#1,0,100.01,0.0,-1149832778#2,0,100.01,0.0,-1149832778#3,0,100.01,0.0,-1175493775#0,0,100.01,0.0,-1175493775#1,0,100.01,0.0,-1175493775#2,0,100.01,0.0,-1215966886,0,50.0,0.0,Tắc nghẽn,1.0,0.0,0.0,474.06000000000006,50.0,0.0,0.0,0,24703.0,Tắc nghẽn,Tắc nghẽn,Tắc nghẽn,Tắc nghẽn,3,0,Tắc nghẽn,"Điều tiết khẩn cấp, ưu tiên hướng thoát, gửi cảnh báo"
2026-04-01 09:48:52,650,50,0.0,0.0,504.06,609.0,0,0,0,-1149832778#0,2,0.0,0.57,-1149832778#1,0,100.01,0.0,-1149832778#2,0,100.01,0.0,-1149832778#3,0,100.01,0.0,-1175493775#0,0,100.01,0.0,-1175493775#1,0,100.01,0.0,-1175493775#2,0,100.01,0.0,-1215966886,0,50.0,0.0,Tắc nghẽn,1.0,0.0,0.0,484.06000000000006,50.0,0.0,0.0,0,25203.0,Tắc nghẽn,Tắc nghẽn,Tắc nghẽn,Tắc nghẽn,3,0,Tắc nghẽn,"Điều tiết khẩn cấp, ưu tiên hướng thoát, gửi cảnh báo"
2026-04-01 09:48:52,660,50,0.0,0.0,514.06,619.0,0,0,0,-1149832778#0,2,0.0,0.57,-1149832778#1,0,100.01,0.0,-1149832778#2,0,100.01,0.0,-1149832778#3,0,100.01,0.0,-1175493775#0,0,100.01,0.0,-1175493775#1,0,100.01,0.0,-1175493775#2,0,100.01,0.0,-1215966886,0,50.0,0.0,Tắc nghẽn,1.0,0.0,0.0,494.06000000000006,50.0,0.0,0.0,0,25703.0,Tắc nghẽn,Tắc nghẽn,Tắc nghẽn,Tắc nghẽn,3,0,Tắc nghẽn,"Điều tiết khẩn cấp, ưu tiên hướng thoát, gửi cảnh báo"
2026-04-01 09:48:52,670,50,0.0,0.0,524.06,629.0,0,0,0,-1149832778#0,2,0.0,0.57,-1149832778#1,0,100.01,0.0,-1149832778#2,0,100.01,0.0,-1149832778#3,0,100.01,0.0,-1175493775#0,0,100.01,0.0,-1175493775#1,0,100.01,0.0,-1175493775#2,0,100.01,0.0,-1215966886,0,50.0,0.0,Tắc nghẽn,1.0,0.0,0.0,504.06000000000006,50.0,0.0,0.0,0,26203.0,Tắc nghẽn,Tắc nghẽn,Tắc nghẽn,Tắc nghẽn,3,0,Tắc nghẽn,"Điều tiết khẩn cấp, ưu tiên hướng thoát, gửi cảnh báo"
2026-04-01 09:48:52,680,50,0.0,0.0,534.06,639.0,0,0,0,-1149832778#0,2,0.0,0.57,-1149832778#1,0,100.01,0.0,-1149832778#2,0,100.01,0.0,-1149832778#3,0,100.01,0.0,-1175493775#0,0,100.01,0.0,-1175493775#1,0,100.01,0.0,-1175493775#2,0,100.01,0.0,-1215966886,0,50.0,0.0,Tắc nghẽn,1.0,0.0,0.0,514.0600000000001,50.0,0.0,0.0,0,26703.0,Tắc nghẽn,Tắc nghẽn,Tắc nghẽn,Tắc nghẽn,3,0,Tắc nghẽn,"Điều tiết khẩn cấp, ưu tiên hướng thoát, gửi cảnh báo"
2026-04-01 09:48:53,690,50,0.0,0.0,544.06,649.0,0,0,0,-1149832778#0,2,0.0,0.57,-1149832778#1,0,100.01,0.0,-1149832778#2,0,100.01,0.0,-1149832778#3,0,100.01,0.0,-1175493775#0,0,100.01,0.0,-1175493775#1,0,100.01,0.0,-1175493775#2,0,100.01,0.0,-1215966886,0,50.0,0.0,Tắc nghẽn,1.0,0.0,0.0,524.0600000000001,50.0,0.0,0.0,0,27203.0,Tắc nghẽn,Tắc nghẽn,Tắc nghẽn,Tắc nghẽn,3,0,Tắc nghẽn,"Điều tiết khẩn cấp, ưu tiên hướng thoát, gửi cảnh báo"
2026-04-01 09:48:53,700,50,0.0,0.0,554.06,659.0,0,0,0,-1149832778#0,2,0.0,0.57,-1149832778#1,0,100.01,0.0,-1149832778#2,0,100.01,0.0,-1149832778#3,0,100.01,0.0,-1175493775#0,0,100.01,0.0,-1175493775#1,0,100.01,0.0,-1175493775#2,0,100.01,0.0,-1215966886,0,50.0,0.0,Tắc nghẽn,1.0,0.0,0.0,534.0599999999998,50.0,0.0,0.0,0,27703.0,Tắc nghẽn,Tắc nghẽn,Tắc nghẽn,Tắc nghẽn,3,0,Tắc nghẽn,"Điều tiết khẩn cấp, ưu tiên hướng thoát, gửi cảnh báo"
2026-04-01 09:48:53,710,50,0.0,0.0,564.06,669.0,0,0,0,-1149832778#0,2,0.0,0.57,-1149832778#1,0,100.01,0.0,-1149832778#2,0,100.01,0.0,-1149832778#3,0,100.01,0.0,-1175493775#0,0,100.01,0.0,-1175493775#1,0,100.01,0.0,-1175493775#2,0,100.01,0.0,-1215966886,0,50.0,0.0,Tắc nghẽn,1.0,0.0,0.0,544.0600000000001,50.0,0.0,0.0,0,28203.0,Tắc nghẽn,Tắc nghẽn,Tắc nghẽn,Tắc nghẽn,3,0,Tắc nghẽn,"Điều tiết khẩn cấp, ưu tiên hướng thoát, gửi cảnh báo"
2026-04-01 09:48:53,720,50,0.0,0.0,574.06,679.0,0,0,0,-1149832778#0,2,0.0,0.57,-1149832778#1,0,100.01,0.0,-1149832778#2,0,100.01,0.0,-1149832778#3,0,100.01,0.0,-1175493775#0,0,100.01,0.0,-1175493775#1,0,100.01,0.0,-1175493775#2,0,100.01,0.0,-1215966886,0,50.0,0.0,Tắc nghẽn,1.0,0.0,0.0,554.0599999999998,50.0,0.0,0.0,0,28703.0,Tắc nghẽn,Tắc nghẽn,Tắc nghẽn,Tắc nghẽn,3,0,Tắc nghẽn,"Điều tiết khẩn cấp, ưu tiên hướng thoát, gửi cảnh báo"
2026-04-01 09:48:53,730,50,0.0,0.0,584.06,689.0,0,0,0,-1149832778#0,2,0.0,0.57,-1149832778#1,0,100.01,0.0,-1149832778#2,0,100.01,0.0,-1149832778#3,0,100.01,0.0,-1175493775#0,0,100.01,0.0,-1175493775#1,0,100.01,0.0,-1175493775#2,0,100.01,0.0,-1215966886,0,50.0,0.0,Tắc nghẽn,1.0,0.0,0.0,564.0600000000001,50.0,0.0,0.0,0,29203.0,Tắc nghẽn,Tắc nghẽn,Tắc nghẽn,Tắc nghẽn,3,0,Tắc nghẽn,"Điều tiết khẩn cấp, ưu tiên hướng thoát, gửi cảnh báo"
2026-04-01 09:48:53,740,50,0.0,0.0,594.06,699.0,0,0,0,-1149832778#0,2,0.0,0.57,-1149832778#1,0,100.01,0.0,-1149832778#2,0,100.01,0.0,-1149832778#3,0,100.01,0.0,-1175493775#0,0,100.01,0.0,-1175493775#1,0,100.01,0.0,-1175493775#2,0,100.01,0.0,-1215966886,0,50.0,0.0,Tắc nghẽn,1.0,0.0,0.0,574.0599999999998,50.0,0.0,0.0,0,29703.0,Tắc nghẽn,Tắc nghẽn,Tắc nghẽn,Tắc nghẽn,3,0,Tắc nghẽn,"Điều tiết khẩn cấp, ưu tiên hướng thoát, gửi cảnh báo"
2026-04-01 09:48:53,750,50,0.0,0.0,604.06,709.0,0,0,0,-1149832778#0,2,0.0,0.57,-1149832778#1,0,100.01,0.0,-1149832778#2,0,100.01,0.0,-1149832778#3,0,100.01,0.0,-1175493775#0,0,100.01,0.0,-1175493775#1,0,100.01,0.0,-1175493775#2,0,100.01,0.0,-1215966886,0,50.0,0.0,Tắc nghẽn,1.0,0.0,0.0,584.0600000000001,50.0,0.0,0.0,0,30203.0,Tắc nghẽn,Tắc nghẽn,Tắc nghẽn,Tắc nghẽn,3,0,Tắc nghẽn,"Điều tiết khẩn cấp, ưu tiên hướng thoát, gửi cảnh báo"
2026-04-01 09:48:53,760,50,0.0,0.0,614.06,719.0,0,0,0,-1149832778#0,2,0.0,0.57,-1149832778#1,0,100.01,0.0,-1149832778#2,0,100.01,0.0,-1149832778#3,0,100.01,0.0,-1175493775#0,0,100.01,0.0,-1175493775#1,0,100.01,0.0,-1175493775#2,0,100.01,0.0,-1215966886,0,50.0,0.0,Tắc nghẽn,1.0,0.0,0.0,594.0599999999998,50.0,0.0,0.0,0,30703.0,Tắc nghẽn,Tắc nghẽn,Tắc nghẽn,Tắc nghẽn,3,0,Tắc nghẽn,"Điều tiết khẩn cấp, ưu tiên hướng thoát, gửi cảnh báo"
2026-04-01 09:48:53,770,50,0.0,0.0,624.06,729.0,0,0,0,-1149832778#0,2,0.0,0.57,-1149832778#1,0,100.01,0.0,-1149832778#2,0,100.01,0.0,-1149832778#3,0,100.01,0.0,-1175493775#0,0,100.01,0.0,-1175493775#1,0,100.01,0.0,-1175493775#2,0,100.01,0.0,-1215966886,0,50.0,0.0,Tắc nghẽn,1.0,0.0,0.0,604.0600000000001,50.0,0.0,0.0,0,31203.0,Tắc nghẽn,Tắc nghẽn,Tắc nghẽn,Tắc nghẽn,3,0,Tắc nghẽn,"Điều tiết khẩn cấp, ưu tiên hướng thoát, gửi cảnh báo"
2026-04-01 09:48:53,780,50,0.0,0.0,634.06,739.0,0,0,0,-1149832778#0,2,0.0,0.57,-1149832778#1,0,100.01,0.0,-1149832778#2,0,100.01,0.0,-1149832778#3,0,100.01,0.0,-1175493775#0,0,100.01,0.0,-1175493775#1,0,100.01,0.0,-1175493775#2,0,100.01,0.0,-1215966886,0,50.0,0.0,Tắc nghẽn,1.0,0.0,0.0,614.0599999999998,50.0,0.0,0.0,0,31703.0,Tắc nghẽn,Tắc nghẽn,Tắc nghẽn,Tắc nghẽn,3,0,Tắc nghẽn,"Điều tiết khẩn cấp, ưu tiên hướng thoát, gửi cảnh báo"
2026-04-01 09:48:53,790,50,0.0,0.0,644.06,749.0,0,0,0,-1149832778#0,2,0.0,0.57,-1149832778#1,0,100.01,0.0,-1149832778#2,0,100.01,0.0,-1149832778#3,0,100.01,0.0,-1175493775#0,0,100.01,0.0,-1175493775#1,0,100.01,0.0,-1175493775#2,0,100.01,0.0,-1215966886,0,50.0,0.0,Tắc nghẽn,1.0,0.0,0.0,624.0600000000001,50.0,0.0,0.0,0,32203.0,Tắc nghẽn,Tắc nghẽn,Tắc nghẽn,Tắc nghẽn,3,0,Tắc nghẽn,"Điều tiết khẩn cấp, ưu tiên hướng thoát, gửi cảnh báo"
2026-04-01 09:48:53,800,50,0.0,0.0,654.06,759.0,0,0,0,-1149832778#0,2,0.0,0.57,-1149832778#1,0,100.01,0.0,-1149832778#2,0,100.01,0.0,-1149832778#3,0,100.01,0.0,-1175493775#0,0,100.01,0.0,-1175493775#1,0,100.01,0.0,-1175493775#2,0,100.01,0.0,-1215966886,0,50.0,0.0,Tắc nghẽn,1.0,0.0,0.0,634.0599999999998,50.0,0.0,0.0,0,32703.0,Tắc nghẽn,Tắc nghẽn,Tắc nghẽn,Tắc nghẽn,3,0,Tắc nghẽn,"Điều tiết khẩn cấp, ưu tiên hướng thoát, gửi cảnh báo"
2026-04-01 09:48:53,810,50,0.0,0.0,664.06,769.0,0,0,0,-1149832778#0,2,0.0,0.57,-1149832778#1,0,100.01,0.0,-1149832778#2,0,100.01,0.0,-1149832778#3,0,100.01,0.0,-1175493775#0,0,100.01,0.0,-1175493775#1,0,100.01,0.0,-1175493775#2,0,100.01,0.0,-1215966886,0,50.0,0.0,Tắc nghẽn,1.0,0.0,0.0,644.0600000000001,50.0,0.0,0.0,0,33203.0,Tắc nghẽn,Tắc nghẽn,Tắc nghẽn,Tắc nghẽn,3,0,Tắc nghẽn,"Điều tiết khẩn cấp, ưu tiên hướng thoát, gửi cảnh báo"
2026-04-01 09:48:53,820,50,0.0,0.0,674.06,779.0,0,0,0,-1149832778#0,2,0.0,0.57,-1149832778#1,0,100.01,0.0,-1149832778#2,0,100.01,0.0,-1149832778#3,0,100.01,0.0,-1175493775#0,0,100.01,0.0,-1175493775#1,0,100.01,0.0,-1175493775#2,0,100.01,0.0,-1215966886,0,50.0,0.0,Tắc nghẽn,1.0,0.0,0.0,654.0599999999998,50.0,0.0,0.0,0,33703.0,Tắc nghẽn,Tắc nghẽn,Tắc nghẽn,Tắc nghẽn,3,0,Tắc nghẽn,"Điều tiết khẩn cấp, ưu tiên hướng thoát, gửi cảnh báo"
2026-04-01 09:48:53,830,50,0.0,0.0,684.06,789.0,0,0,0,-1149832778#0,2,0.0,0.57,-1149832778#1,0,100.01,0.0,-1149832778#2,0,100.01,0.0,-1149832778#3,0,100.01,0.0,-1175493775#0,0,100.01,0.0,-1175493775#1,0,100.01,0.0,-1175493775#2,0,100.01,0.0,-1215966886,0,50.0,0.0,Tắc nghẽn,1.0,0.0,0.0,664.0600000000001,50.0,0.0,0.0,0,34203.0,Tắc nghẽn,Tắc nghẽn,Tắc nghẽn,Tắc nghẽn,3,0,Tắc nghẽn,"Điều tiết khẩn cấp, ưu tiên hướng thoát, gửi cảnh báo"
2026-04-01 09:48:53,840,50,0.0,0.0,694.06,799.0,0,0,0,-1149832778#0,2,0.0,0.57,-1149832778#1,0,100.01,0.0,-1149832778#2,0,100.01,0.0,-1149832778#3,0,100.01,0.0,-1175493775#0,0,100.01,0.0,-1175493775#1,0,100.01,0.0,-1175493775#2,0,100.01,0.0,-1215966886,0,50.0,0.0,Tắc nghẽn,1.0,0.0,0.0,674.0599999999998,50.0,0.0,0.0,0,34703.0,Tắc nghẽn,Tắc nghẽn,Tắc nghẽn,Tắc nghẽn,3,0,Tắc nghẽn,"Điều tiết khẩn cấp, ưu tiên hướng thoát, gửi cảnh báo"
2026-04-01 09:48:53,850,50,0.0,0.0,704.06,809.0,0,0,0,-1149832778#0,2,0.0,0.57,-1149832778#1,0,100.01,0.0,-1149832778#2,0,100.01,0.0,-1149832778#3,0,100.01,0.0,-1175493775#0,0,100.01,0.0,-1175493775#1,0,100.01,0.0,-1175493775#2,0,100.01,0.0,-1215966886,0,50.0,0.0,Tắc nghẽn,1.0,0.0,0.0,684.0600000000001,50.0,0.0,0.0,0,35203.0,Tắc nghẽn,Tắc nghẽn,Tắc nghẽn,Tắc nghẽn,3,0,Tắc nghẽn,"Điều tiết khẩn cấp, ưu tiên hướng thoát, gửi cảnh báo"
2026-04-01 09:48:53,860,50,0.0,0.0,714.06,819.0,0,0,0,-1149832778#0,2,0.0,0.57,-1149832778#1,0,100.01,0.0,-1149832778#2,0,100.01,0.0,-1149832778#3,0,100.01,0.0,-1175493775#0,0,100.01,0.0,-1175493775#1,0,100.01,0.0,-1175493775#2,0,100.01,0.0,-1215966886,0,50.0,0.0,Tắc nghẽn,1.0,0.0,0.0,694.0599999999998,50.0,0.0,0.0,0,35703.0,Tắc nghẽn,Tắc nghẽn,Tắc nghẽn,Tắc nghẽn,3,0,Tắc nghẽn,"Điều tiết khẩn cấp, ưu tiên hướng thoát, gửi cảnh báo"
2026-04-01 09:48:53,870,50,0.0,0.0,724.06,829.0,0,0,0,-1149832778#0,2,0.0,0.57,-1149832778#1,0,100.01,0.0,-1149832778#2,0,100.01,0.0,-1149832778#3,0,100.01,0.0,-1175493775#0,0,100.01,0.0,-1175493775#1,0,100.01,0.0,-1175493775#2,0,100.01,0.0,-1215966886,0,50.0,0.0,Tắc nghẽn,1.0,0.0,0.0,704.0600000000001,50.0,0.0,0.0,0,36203.0,Tắc nghẽn,Tắc nghẽn,Tắc nghẽn,Tắc nghẽn,3,0,Tắc nghẽn,"Điều tiết khẩn cấp, ưu tiên hướng thoát, gửi cảnh báo"
2026-04-01 09:48:53,880,50,0.0,0.0,734.06,839.0,0,0,0,-1149832778#0,2,0.0,0.57,-1149832778#1,0,100.01,0.0,-1149832778#2,0,100.01,0.0,-1149832778#3,0,100.01,0.0,-1175493775#0,0,100.01,0.0,-1175493775#1,0,100.01,0.0,-1175493775#2,0,100.01,0.0,-1215966886,0,50.0,0.0,Tắc nghẽn,1.0,0.0,0.0,714.0599999999998,50.0,0.0,0.0,0,36703.0,Tắc nghẽn,Tắc nghẽn,Tắc nghẽn,Tắc nghẽn,3,0,Tắc nghẽn,"Điều tiết khẩn cấp, ưu tiên hướng thoát, gửi cảnh báo"
2026-04-01 09:48:53,890,50,0.0,0.0,744.06,849.0,0,0,0,-1149832778#0,2,0.0,0.57,-1149832778#1,0,100.01,0.0,-1149832778#2,0,100.01,0.0,-1149832778#3,0,100.01,0.0,-1175493775#0,0,100.01,0.0,-1175493775#1,0,100.01,0.0,-1175493775#2,0,100.01,0.0,-1215966886,0,50.0,0.0,Tắc nghẽn,1.0,0.0,0.0,724.0600000000001,50.0,0.0,0.0,0,37203.0,Tắc nghẽn,Tắc nghẽn,Tắc nghẽn,Tắc nghẽn,3,0,Tắc nghẽn,"Điều tiết khẩn cấp, ưu tiên hướng thoát, gửi cảnh báo"
2026-04-01 09:48:53,900,50,0.0,0.0,754.06,859.0,0,0,0,-1149832778#0,2,0.0,0.57,-1149832778#1,0,100.01,0.0,-1149832778#2,0,100.01,0.0,-1149832778#3,0,100.01,0.0,-1175493775#0,0,100.01,0.0,-1175493775#1,0,100.01,0.0,-1175493775#2,0,100.01,0.0,-1215966886,0,50.0,0.0,Tắc nghẽn,1.0,0.0,0.0,734.0599999999998,50.0,0.0,0.0,0,37703.0,Tắc nghẽn,Tắc nghẽn,Tắc nghẽn,Tắc nghẽn,3,0,Tắc nghẽn,"Điều tiết khẩn cấp, ưu tiên hướng thoát, gửi cảnh báo"
2026-04-01 09:48:53,910,50,0.0,0.0,764.06,869.0,0,0,0,-1149832778#0,2,0.0,0.57,-1149832778#1,0,100.01,0.0,-1149832778#2,0,100.01,0.0,-1149832778#3,0,100.01,0.0,-1175493775#0,0,100.01,0.0,-1175493775#1,0,100.01,0.0,-1175493775#2,0,100.01,0.0,-1215966886,0,50.0,0.0,Tắc nghẽn,1.0,0.0,0.0,744.0600000000001,50.0,0.0,0.0,0,38203.0,Tắc nghẽn,Tắc nghẽn,Tắc nghẽn,Tắc nghẽn,3,0,Tắc nghẽn,"Điều tiết khẩn cấp, ưu tiên hướng thoát, gửi cảnh báo"
2026-04-01 09:48:53,920,50,0.0,0.0,774.06,879.0,0,0,0,-1149832778#0,2,0.0,0.57,-1149832778#1,0,100.01,0.0,-1149832778#2,0,100.01,0.0,-1149832778#3,0,100.01,0.0,-1175493775#0,0,100.01,0.0,-1175493775#1,0,100.01,0.0,-1175493775#2,0,100.01,0.0,-1215966886,0,50.0,0.0,Tắc nghẽn,1.0,0.0,0.0,754.0599999999998,50.0,0.0,0.0,0,38703.0,Tắc nghẽn,Tắc nghẽn,Tắc nghẽn,Tắc nghẽn,3,0,Tắc nghẽn,"Điều tiết khẩn cấp, ưu tiên hướng thoát, gửi cảnh báo"
2026-04-01 09:48:53,930,50,0.0,0.0,784.06,889.0,0,0,0,-1149832778#0,2,0.0,0.57,-1149832778#1,0,100.01,0.0,-1149832778#2,0,100.01,0.0,-1149832778#3,0,100.01,0.0,-1175493775#0,0,100.01,0.0,-1175493775#1,0,100.01,0.0,-1175493775#2,0,100.01,0.0,-1215966886,0,50.0,0.0,Tắc nghẽn,1.0,0.0,0.0,764.0600000000001,50.0,0.0,0.0,0,39203.0,Tắc nghẽn,Tắc nghẽn,Tắc nghẽn,Tắc nghẽn,3,0,Tắc nghẽn,"Điều tiết khẩn cấp, ưu tiên hướng thoát, gửi cảnh báo"
2026-04-01 09:48:53,940,50,0.0,0.0,794.06,899.0,0,0,0,-1149832778#0,2,0.0,0.57,-1149832778#1,0,100.01,0.0,-1149832778#2,0,100.01,0.0,-1149832778#3,0,100.01,0.0,-1175493775#0,0,100.01,0.0,-1175493775#1,0,100.01,0.0,-1175493775#2,0,100.01,0.0,-1215966886,0,50.0,0.0,Tắc nghẽn,1.0,0.0,0.0,774.0599999999998,50.0,0.0,0.0,0,39703.0,Tắc nghẽn,Tắc nghẽn,Tắc nghẽn,Tắc nghẽn,3,0,Tắc nghẽn,"Điều tiết khẩn cấp, ưu tiên hướng thoát, gửi cảnh báo"
2026-04-01 09:48:53,950,50,0.0,0.0,804.06,909.0,0,0,0,-1149832778#0,2,0.0,0.57,-1149832778#1,0,100.01,0.0,-1149832778#2,0,100.01,0.0,-1149832778#3,0,100.01,0.0,-1175493775#0,0,100.01,0.0,-1175493775#1,0,100.01,0.0,-1175493775#2,0,100.01,0.0,-1215966886,0,50.0,0.0,Tắc nghẽn,1.0,0.0,0.0,784.0600000000001,50.0,0.0,0.0,0,40203.0,Tắc nghẽn,Tắc nghẽn,Tắc nghẽn,Tắc nghẽn,3,0,Tắc nghẽn,"Điều tiết khẩn cấp, ưu tiên hướng thoát, gửi cảnh báo"
2026-04-01 09:48:53,960,50,0.0,0.0,814.06,919.0,0,0,0,-1149832778#0,2,0.0,0.57,-1149832778#1,0,100.01,0.0,-1149832778#2,0,100.01,0.0,-1149832778#3,0,100.01,0.0,-1175493775#0,0,100.01,0.0,-1175493775#1,0,100.01,0.0,-1175493775#2,0,100.01,0.0,-1215966886,0,50.0,0.0,Tắc nghẽn,1.0,0.0,0.0,794.0599999999998,50.0,0.0,0.0,0,40703.0,Tắc nghẽn,Tắc nghẽn,Tắc nghẽn,Tắc nghẽn,3,0,Tắc nghẽn,"Điều tiết khẩn cấp, ưu tiên hướng thoát, gửi cảnh báo"
2026-04-01 09:48:53,970,50,0.0,0.0,824.06,929.0,0,0,0,-1149832778#0,2,0.0,0.57,-1149832778#1,0,100.01,0.0,-1149832778#2,0,100.01,0.0,-1149832778#3,0,100.01,0.0,-1175493775#0,0,100.01,0.0,-1175493775#1,0,100.01,0.0,-1175493775#2,0,100.01,0.0,-1215966886,0,50.0,0.0,Tắc nghẽn,1.0,0.0,0.0,804.0600000000001,50.0,0.0,0.0,0,41203.0,Tắc nghẽn,Tắc nghẽn,Tắc nghẽn,Tắc nghẽn,3,0,Tắc nghẽn,"Điều tiết khẩn cấp, ưu tiên hướng thoát, gửi cảnh báo"
2026-04-01 09:48:53,980,50,0.0,0.0,834.06,939.0,0,0,0,-1149832778#0,2,0.0,0.57,-1149832778#1,0,100.01,0.0,-1149832778#2,0,100.01,0.0,-1149832778#3,0,100.01,0.0,-1175493775#0,0,100.01,0.0,-1175493775#1,0,100.01,0.0,-1175493775#2,0,100.01,0.0,-1215966886,0,50.0,0.0,Tắc nghẽn,1.0,0.0,0.0,814.0599999999998,50.0,0.0,0.0,0,41703.0,Tắc nghẽn,Tắc nghẽn,Tắc nghẽn,Tắc nghẽn,3,0,Tắc nghẽn,"Điều tiết khẩn cấp, ưu tiên hướng thoát, gửi cảnh báo"
2026-04-01 09:48:53,990,50,0.0,0.0,844.06,949.0,0,0,0,-1149832778#0,2,0.0,0.57,-1149832778#1,0,100.01,0.0,-1149832778#2,0,100.01,0.0,-1149832778#3,0,100.01,0.0,-1175493775#0,0,100.01,0.0,-1175493775#1,0,100.01,0.0,-1175493775#2,0,100.01,0.0,-1215966886,0,50.0,0.0,Tắc nghẽn,1.0,0.0,0.0,824.0600000000001,50.0,0.0,0.0,0,42203.0,Tắc nghẽn,Tắc nghẽn,Tắc nghẽn,Tắc nghẽn,3,0,Tắc nghẽn,"Điều tiết khẩn cấp, ưu tiên hướng thoát, gửi cảnh báo"
2026-04-01 09:48:53,1000,50,0.0,0.0,854.06,959.0,0,0,0,-1149832778#0,2,0.0,0.57,-1149832778#1,0,100.01,0.0,-1149832778#2,0,100.01,0.0,-1149832778#3,0,100.01,0.0,-1175493775#0,0,100.01,0.0,-1175493775#1,0,100.01,0.0,-1175493775#2,0,100.01,0.0,-1215966886,0,50.0,0.0,Tắc nghẽn,1.0,0.0,0.0,834.0599999999998,50.0,0.0,0.0,0,42703.0,Tắc nghẽn,Tắc nghẽn,Tắc nghẽn,Tắc nghẽn,3,0,Tắc nghẽn,"Điều tiết khẩn cấp, ưu tiên hướng thoát, gửi cảnh báo"
2026-04-01 09:48:53,1010,50,0.0,0.0,864.06,969.0,0,0,0,-1149832778#0,2,0.0,0.57,-1149832778#1,0,100.01,0.0,-1149832778#2,0,100.01,0.0,-1149832778#3,0,100.01,0.0,-1175493775#0,0,100.01,0.0,-1175493775#1,0,100.01,0.0,-1175493775#2,0,100.01,0.0,-1215966886,0,50.0,0.0,Tắc nghẽn,1.0,0.0,0.0,844.0600000000001,50.0,0.0,0.0,0,43203.0,Tắc nghẽn,Tắc nghẽn,Tắc nghẽn,Tắc nghẽn,3,0,Tắc nghẽn,"Điều tiết khẩn cấp, ưu tiên hướng thoát, gửi cảnh báo"
2026-04-01 09:48:53,1020,50,0.0,0.0,874.06,979.0,0,0,0,-1149832778#0,2,0.0,0.57,-1149832778#1,0,100.01,0.0,-1149832778#2,0,100.01,0.0,-1149832778#3,0,100.01,0.0,-1175493775#0,0,100.01,0.0,-1175493775#1,0,100.01,0.0,-1175493775#2,0,100.01,0.0,-1215966886,0,50.0,0.0,Tắc nghẽn,1.0,0.0,0.0,854.0599999999998,50.0,0.0,0.0,0,43703.0,Tắc nghẽn,Tắc nghẽn,Tắc nghẽn,Tắc nghẽn,3,0,Tắc nghẽn,"Điều tiết khẩn cấp, ưu tiên hướng thoát, gửi cảnh báo"
2026-04-01 09:48:53,1030,50,0.0,0.0,884.06,989.0,0,0,0,-1149832778#0,2,0.0,0.57,-1149832778#1,0,100.01,0.0,-1149832778#2,0,100.01,0.0,-1149832778#3,0,100.01,0.0,-1175493775#0,0,100.01,0.0,-1175493775#1,0,100.01,0.0,-1175493775#2,0,100.01,0.0,-1215966886,0,50.0,0.0,Tắc nghẽn,1.0,0.0,0.0,864.0600000000001,50.0,0.0,0.0,0,44203.0,Tắc nghẽn,Tắc nghẽn,Tắc nghẽn,Tắc nghẽn,3,0,Tắc nghẽn,"Điều tiết khẩn cấp, ưu tiên hướng thoát, gửi cảnh báo"
2026-04-01 09:48:53,1040,50,0.0,0.0,894.06,999.0,0,0,0,-1149832778#0,2,0.0,0.57,-1149832778#1,0,100.01,0.0,-1149832778#2,0,100.01,0.0,-1149832778#3,0,100.01,0.0,-1175493775#0,0,100.01,0.0,-1175493775#1,0,100.01,0.0,-1175493775#2,0,100.01,0.0,-1215966886,0,50.0,0.0,Tắc nghẽn,1.0,0.0,0.0,874.0599999999998,50.0,0.0,0.0,0,44703.0,Tắc nghẽn,Tắc nghẽn,Tắc nghẽn,Tắc nghẽn,3,0,Tắc nghẽn,"Điều tiết khẩn cấp, ưu tiên hướng thoát, gửi cảnh báo"
2026-04-01 09:48:53,1050,50,0.0,0.0,904.06,1009.0,0,0,0,-1149832778#0,2,0.0,0.57,-1149832778#1,0,100.01,0.0,-1149832778#2,0,100.01,0.0,-1149832778#3,0,100.01,0.0,-1175493775#0,0,100.01,0.0,-1175493775#1,0,100.01,0.0,-1175493775#2,0,100.01,0.0,-1215966886,0,50.0,0.0,Tắc nghẽn,1.0,0.0,0.0,884.0600000000001,50.0,0.0,0.0,0,45203.0,Tắc nghẽn,Tắc nghẽn,Tắc nghẽn,Tắc nghẽn,3,0,Tắc nghẽn,"Điều tiết khẩn cấp, ưu tiên hướng thoát, gửi cảnh báo"
2026-04-01 09:48:53,1060,50,0.0,0.0,914.06,1019.0,0,0,0,-1149832778#0,2,0.0,0.57,-1149832778#1,0,100.01,0.0,-1149832778#2,0,100.01,0.0,-1149832778#3,0,100.01,0.0,-1175493775#0,0,100.01,0.0,-1175493775#1,0,100.01,0.0,-1175493775#2,0,100.01,0.0,-1215966886,0,50.0,0.0,Tắc nghẽn,1.0,0.0,0.0,894.0599999999998,50.0,0.0,0.0,0,45703.0,Tắc nghẽn,Tắc nghẽn,Tắc nghẽn,Tắc nghẽn,3,0,Tắc nghẽn,"Điều tiết khẩn cấp, ưu tiên hướng thoát, gửi cảnh báo"
2026-04-01 09:48:53,1070,50,0.0,0.0,924.06,1029.0,0,0,0,-1149832778#0,2,0.0,0.57,-1149832778#1,0,100.01,0.0,-1149832778#2,0,100.01,0.0,-1149832778#3,0,100.01,0.0,-1175493775#0,0,100.01,0.0,-1175493775#1,0,100.01,0.0,-1175493775#2,0,100.01,0.0,-1215966886,0,50.0,0.0,Tắc nghẽn,1.0,0.0,0.0,904.0600000000001,50.0,0.0,0.0,0,46203.0,Tắc nghẽn,Tắc nghẽn,Tắc nghẽn,Tắc nghẽn,3,0,Tắc nghẽn,"Điều tiết khẩn cấp, ưu tiên hướng thoát, gửi cảnh báo"
2026-04-01 09:48:54,1080,50,0.0,0.0,934.06,1039.0,0,0,0,-1149832778#0,2,0.0,0.57,-1149832778#1,0,100.01,0.0,-1149832778#2,0,100.01,0.0,-1149832778#3,0,100.01,0.0,-1175493775#0,0,100.01,0.0,-1175493775#1,0,100.01,0.0,-1175493775#2,0,100.01,0.0,-1215966886,0,50.0,0.0,Tắc nghẽn,1.0,0.0,0.0,914.0599999999998,50.0,0.0,0.0,0,46703.0,Tắc nghẽn,Tắc nghẽn,Tắc nghẽn,Tắc nghẽn,3,0,Tắc nghẽn,"Điều tiết khẩn cấp, ưu tiên hướng thoát, gửi cảnh báo"
2026-04-01 09:48:54,1090,50,0.0,0.0,944.06,1049.0,0,0,0,-1149832778#0,2,0.0,0.57,-1149832778#1,0,100.01,0.0,-1149832778#2,0,100.01,0.0,-1149832778#3,0,100.01,0.0,-1175493775#0,0,100.01,0.0,-1175493775#1,0,100.01,0.0,-1175493775#2,0,100.01,0.0,-1215966886,0,50.0,0.0,Tắc nghẽn,1.0,0.0,0.0,924.0600000000001,50.0,0.0,0.0,0,47203.0,Tắc nghẽn,Tắc nghẽn,Tắc nghẽn,Tắc nghẽn,3,0,Tắc nghẽn,"Điều tiết khẩn cấp, ưu tiên hướng thoát, gửi cảnh báo"
2026-04-01 09:48:54,1100,50,0.0,0.0,954.06,1059.0,0,0,0,-1149832778#0,2,0.0,0.57,-1149832778#1,0,100.01,0.0,-1149832778#2,0,100.01,0.0,-1149832778#3,0,100.01,0.0,-1175493775#0,0,100.01,0.0,-1175493775#1,0,100.01,0.0,-1175493775#2,0,100.01,0.0,-1215966886,0,50.0,0.0,Tắc nghẽn,1.0,0.0,0.0,934.0599999999998,50.0,0.0,0.0,0,47703.0,Tắc nghẽn,Tắc nghẽn,Tắc nghẽn,Tắc nghẽn,3,0,Tắc nghẽn,"Điều tiết khẩn cấp, ưu tiên hướng thoát, gửi cảnh báo"
2026-04-01 09:48:54,1110,50,0.0,0.0,964.06,1069.0,0,0,0,-1149832778#0,2,0.0,0.57,-1149832778#1,0,100.01,0.0,-1149832778#2,0,100.01,0.0,-1149832778#3,0,100.01,0.0,-1175493775#0,0,100.01,0.0,-1175493775#1,0,100.01,0.0,-1175493775#2,0,100.01,0.0,-1215966886,0,50.0,0.0,Tắc nghẽn,1.0,0.0,0.0,944.0600000000001,50.0,0.0,0.0,0,48203.0,Tắc nghẽn,Tắc nghẽn,Tắc nghẽn,Tắc nghẽn,3,0,Tắc nghẽn,"Điều tiết khẩn cấp, ưu tiên hướng thoát, gửi cảnh báo"
2026-04-01 09:48:54,1120,50,0.0,0.0,974.06,1079.0,0,0,0,-1149832778#0,2,0.0,0.57,-1149832778#1,0,100.01,0.0,-1149832778#2,0,100.01,0.0,-1149832778#3,0,100.01,0.0,-1175493775#0,0,100.01,0.0,-1175493775#1,0,100.01,0.0,-1175493775#2,0,100.01,0.0,-1215966886,0,50.0,0.0,Tắc nghẽn,1.0,0.0,0.0,954.0599999999998,50.0,0.0,0.0,0,48703.0,Tắc nghẽn,Tắc nghẽn,Tắc nghẽn,Tắc nghẽn,3,0,Tắc nghẽn,"Điều tiết khẩn cấp, ưu tiên hướng thoát, gửi cảnh báo"
2026-04-01 09:48:54,1130,50,0.0,0.0,984.06,1089.0,0,0,0,-1149832778#0,2,0.0,0.57,-1149832778#1,0,100.01,0.0,-1149832778#2,0,100.01,0.0,-1149832778#3,0,100.01,0.0,-1175493775#0,0,100.01,0.0,-1175493775#1,0,100.01,0.0,-1175493775#2,0,100.01,0.0,-1215966886,0,50.0,0.0,Tắc nghẽn,1.0,0.0,0.0,964.0600000000001,50.0,0.0,0.0,0,49203.0,Tắc nghẽn,Tắc nghẽn,Tắc nghẽn,Tắc nghẽn,3,0,Tắc nghẽn,"Điều tiết khẩn cấp, ưu tiên hướng thoát, gửi cảnh báo"
2026-04-01 09:48:54,1140,50,0.0,0.0,994.06,1099.0,0,0,0,-1149832778#0,2,0.0,0.57,-1149832778#1,0,100.01,0.0,-1149832778#2,0,100.01,0.0,-1149832778#3,0,100.01,0.0,-1175493775#0,0,100.01,0.0,-1175493775#1,0,100.01,0.0,-1175493775#2,0,100.01,0.0,-1215966886,0,50.0,0.0,Tắc nghẽn,1.0,0.0,0.0,974.0599999999998,50.0,0.0,0.0,0,49703.0,Tắc nghẽn,Tắc nghẽn,Tắc nghẽn,Tắc nghẽn,3,0,Tắc nghẽn,"Điều tiết khẩn cấp, ưu tiên hướng thoát, gửi cảnh báo"
2026-04-01 09:48:54,1150,50,0.0,0.0,1004.06,1109.0,0,0,0,-1149832778#0,2,0.0,0.57,-1149832778#1,0,100.01,0.0,-1149832778#2,0,100.01,0.0,-1149832778#3,0,100.01,0.0,-1175493775#0,0,100.01,0.0,-1175493775#1,0,100.01,0.0,-1175493775#2,0,100.01,0.0,-1215966886,0,50.0,0.0,Tắc nghẽn,1.0,0.0,0.0,984.0600000000001,50.0,0.0,0.0,0,50203.0,Tắc nghẽn,Tắc nghẽn,Tắc nghẽn,Tắc nghẽn,3,0,Tắc nghẽn,"Điều tiết khẩn cấp, ưu tiên hướng thoát, gửi cảnh báo"
2026-04-01 09:48:54,1160,50,0.0,0.0,1014.06,1119.0,0,0,0,-1149832778#0,2,0.0,0.57,-1149832778#1,0,100.01,0.0,-1149832778#2,0,100.01,0.0,-1149832778#3,0,100.01,0.0,-1175493775#0,0,100.01,0.0,-1175493775#1,0,100.01,0.0,-1175493775#2,0,100.01,0.0,-1215966886,0,50.0,0.0,Tắc nghẽn,1.0,0.0,0.0,994.0599999999998,50.0,0.0,0.0,0,50703.0,Tắc nghẽn,Tắc nghẽn,Tắc nghẽn,Tắc nghẽn,3,0,Tắc nghẽn,"Điều tiết khẩn cấp, ưu tiên hướng thoát, gửi cảnh báo"
2026-04-01 09:48:54,1170,50,0.0,0.0,1024.06,1129.0,0,0,0,-1149832778#0,2,0.0,0.57,-1149832778#1,0,100.01,0.0,-1149832778#2,0,100.01,0.0,-1149832778#3,0,100.01,0.0,-1175493775#0,0,100.01,0.0,-1175493775#1,0,100.01,0.0,-1175493775#2,0,100.01,0.0,-1215966886,0,50.0,0.0,Tắc nghẽn,1.0,0.0,0.0,1004.0600000000001,50.0,0.0,0.0,0,51203.0,Tắc nghẽn,Tắc nghẽn,Tắc nghẽn,Tắc nghẽn,3,0,Tắc nghẽn,"Điều tiết khẩn cấp, ưu tiên hướng thoát, gửi cảnh báo"
2026-04-01 09:48:54,1180,50,0.0,0.0,1034.06,1139.0,0,0,0,-1149832778#0,2,0.0,0.57,-1149832778#1,0,100.01,0.0,-1149832778#2,0,100.01,0.0,-1149832778#3,0,100.01,0.0,-1175493775#0,0,100.01,0.0,-1175493775#1,0,100.01,0.0,-1175493775#2,0,100.01,0.0,-1215966886,0,50.0,0.0,Tắc nghẽn,1.0,0.0,0.0,1014.0599999999998,50.0,0.0,0.0,0,51703.0,Tắc nghẽn,Tắc nghẽn,Tắc nghẽn,Tắc nghẽn,3,0,Tắc nghẽn,"Điều tiết khẩn cấp, ưu tiên hướng thoát, gửi cảnh báo"
2026-04-01 09:48:54,1190,50,0.0,0.0,1044.06,1149.0,0,0,0,-1149832778#0,2,0.0,0.57,-1149832778#1,0,100.01,0.0,-1149832778#2,0,100.01,0.0,-1149832778#3,0,100.01,0.0,-1175493775#0,0,100.01,0.0,-1175493775#1,0,100.01,0.0,-1175493775#2,0,100.01,0.0,-1215966886,0,50.0,0.0,Tắc nghẽn,1.0,0.0,0.0,1024.06,50.0,0.0,0.0,0,52203.0,Tắc nghẽn,Tắc nghẽn,Tắc nghẽn,Tắc nghẽn,3,0,Tắc nghẽn,"Điều tiết khẩn cấp, ưu tiên hướng thoát, gửi cảnh báo"
2026-04-01 09:48:54,1200,50,0.0,0.0,1054.06,1159.0,0,0,0,-1149832778#0,2,0.0,0.57,-1149832778#1,0,100.01,0.0,-1149832778#2,0,100.01,0.0,-1149832778#3,0,100.01,0.0,-1175493775#0,0,100.01,0.0,-1175493775#1,0,100.01,0.0,-1175493775#2,0,100.01,0.0,-1215966886,0,50.0,0.0,Tắc nghẽn,1.0,0.0,0.0,1034.06,50.0,0.0,0.0,0,52703.0,Tắc nghẽn,Tắc nghẽn,Tắc nghẽn,Tắc nghẽn,3,0,Tắc nghẽn,"Điều tiết khẩn cấp, ưu tiên hướng thoát, gửi cảnh báo"
2026-04-01 09:48:54,1210,50,0.0,0.0,1064.06,1169.0,0,0,0,-1149832778#0,2,0.0,0.57,-1149832778#1,0,100.01,0.0,-1149832778#2,0,100.01,0.0,-1149832778#3,0,100.01,0.0,-1175493775#0,0,100.01,0.0,-1175493775#1,0,100.01,0.0,-1175493775#2,0,100.01,0.0,-1215966886,0,50.0,0.0,Tắc nghẽn,1.0,0.0,0.0,1044.06,50.0,0.0,0.0,0,53203.0,Tắc nghẽn,Tắc nghẽn,Tắc nghẽn,Tắc nghẽn,3,0,Tắc nghẽn,"Điều tiết khẩn cấp, ưu tiên hướng thoát, gửi cảnh báo"
2026-04-01 09:48:54,1220,50,0.0,0.0,1074.06,1179.0,0,0,0,-1149832778#0,2,0.0,0.57,-1149832778#1,0,100.01,0.0,-1149832778#2,0,100.01,0.0,-1149832778#3,0,100.01,0.0,-1175493775#0,0,100.01,0.0,-1175493775#1,0,100.01,0.0,-1175493775#2,0,100.01,0.0,-1215966886,0,50.0,0.0,Tắc nghẽn,1.0,0.0,0.0,1054.06,50.0,0.0,0.0,0,53703.0,Tắc nghẽn,Tắc nghẽn,Tắc nghẽn,Tắc nghẽn,3,0,Tắc nghẽn,"Điều tiết khẩn cấp, ưu tiên hướng thoát, gửi cảnh báo"
2026-04-01 09:48:54,1230,50,0.0,0.0,1084.06,1189.0,0,0,0,-1149832778#0,2,0.0,0.57,-1149832778#1,0,100.01,0.0,-1149832778#2,0,100.01,0.0,-1149832778#3,0,100.01,0.0,-1175493775#0,0,100.01,0.0,-1175493775#1,0,100.01,0.0,-1175493775#2,0,100.01,0.0,-1215966886,0,50.0,0.0,Tắc nghẽn,1.0,0.0,0.0,1064.06,50.0,0.0,0.0,0,54203.0,Tắc nghẽn,Tắc nghẽn,Tắc nghẽn,Tắc nghẽn,3,0,Tắc nghẽn,"Điều tiết khẩn cấp, ưu tiên hướng thoát, gửi cảnh báo"
2026-04-01 09:48:54,1240,50,0.0,0.0,1094.06,1199.0,0,0,0,-1149832778#0,2,0.0,0.57,-1149832778#1,0,100.01,0.0,-1149832778#2,0,100.01,0.0,-1149832778#3,0,100.01,0.0,-1175493775#0,0,100.01,0.0,-1175493775#1,0,100.01,0.0,-1175493775#2,0,100.01,0.0,-1215966886,0,50.0,0.0,Tắc nghẽn,1.0,0.0,0.0,1074.06,50.0,0.0,0.0,0,54703.0,Tắc nghẽn,Tắc nghẽn,Tắc nghẽn,Tắc nghẽn,3,0,Tắc nghẽn,"Điều tiết khẩn cấp, ưu tiên hướng thoát, gửi cảnh báo"
2026-04-01 09:48:54,1250,50,0.0,0.0,1104.06,1209.0,0,0,0,-1149832778#0,2,0.0,0.57,-1149832778#1,0,100.01,0.0,-1149832778#2,0,100.01,0.0,-1149832778#3,0,100.01,0.0,-1175493775#0,0,100.01,0.0,-1175493775#1,0,100.01,0.0,-1175493775#2,0,100.01,0.0,-1215966886,0,50.0,0.0,Tắc nghẽn,1.0,0.0,0.0,1084.06,50.0,0.0,0.0,0,55203.0,Tắc nghẽn,Tắc nghẽn,Tắc nghẽn,Tắc nghẽn,3,0,Tắc nghẽn,"Điều tiết khẩn cấp, ưu tiên hướng thoát, gửi cảnh báo"
2026-04-01 09:48:54,1260,50,0.0,0.0,1114.06,1219.0,0,0,0,-1149832778#0,2,0.0,0.57,-1149832778#1,0,100.01,0.0,-1149832778#2,0,100.01,0.0,-1149832778#3,0,100.01,0.0,-1175493775#0,0,100.01,0.0,-1175493775#1,0,100.01,0.0,-1175493775#2,0,100.01,0.0,-1215966886,0,50.0,0.0,Tắc nghẽn,1.0,0.0,0.0,1094.06,50.0,0.0,0.0,0,55703.0,Tắc nghẽn,Tắc nghẽn,Tắc nghẽn,Tắc nghẽn,3,0,Tắc nghẽn,"Điều tiết khẩn cấp, ưu tiên hướng thoát, gửi cảnh báo"
2026-04-01 09:48:54,1270,50,0.0,0.0,1124.06,1229.0,0,0,0,-1149832778#0,2,0.0,0.57,-1149832778#1,0,100.01,0.0,-1149832778#2,0,100.01,0.0,-1149832778#3,0,100.01,0.0,-1175493775#0,0,100.01,0.0,-1175493775#1,0,100.01,0.0,-1175493775#2,0,100.01,0.0,-1215966886,0,50.0,0.0,Tắc nghẽn,1.0,0.0,0.0,1104.06,50.0,0.0,0.0,0,56203.0,Tắc nghẽn,Tắc nghẽn,Tắc nghẽn,Tắc nghẽn,3,0,Tắc nghẽn,"Điều tiết khẩn cấp, ưu tiên hướng thoát, gửi cảnh báo"
2026-04-01 09:48:54,1280,50,0.0,0.0,1134.06,1239.0,0,0,0,-1149832778#0,2,0.0,0.57,-1149832778#1,0,100.01,0.0,-1149832778#2,0,100.01,0.0,-1149832778#3,0,100.01,0.0,-1175493775#0,0,100.01,0.0,-1175493775#1,0,100.01,0.0,-1175493775#2,0,100.01,0.0,-1215966886,0,50.0,0.0,Tắc nghẽn,1.0,0.0,0.0,1114.06,50.0,0.0,0.0,0,56703.0,Tắc nghẽn,Tắc nghẽn,Tắc nghẽn,Tắc nghẽn,3,0,Tắc nghẽn,"Điều tiết khẩn cấp, ưu tiên hướng thoát, gửi cảnh báo"
2026-04-01 09:48:54,1290,50,0.0,0.0,1144.06,1249.0,0,0,0,-1149832778#0,2,0.0,0.57,-1149832778#1,0,100.01,0.0,-1149832778#2,0,100.01,0.0,-1149832778#3,0,100.01,0.0,-1175493775#0,0,100.01,0.0,-1175493775#1,0,100.01,0.0,-1175493775#2,0,100.01,0.0,-1215966886,0,50.0,0.0,Tắc nghẽn,1.0,0.0,0.0,1124.06,50.0,0.0,0.0,0,57203.0,Tắc nghẽn,Tắc nghẽn,Tắc nghẽn,Tắc nghẽn,3,0,Tắc nghẽn,"Điều tiết khẩn cấp, ưu tiên hướng thoát, gửi cảnh báo"
2026-04-01 09:48:54,1300,50,0.0,0.0,1154.06,1259.0,0,0,0,-1149832778#0,2,0.0,0.57,-1149832778#1,0,100.01,0.0,-1149832778#2,0,100.01,0.0,-1149832778#3,0,100.01,0.0,-1175493775#0,0,100.01,0.0,-1175493775#1,0,100.01,0.0,-1175493775#2,0,100.01,0.0,-1215966886,0,50.0,0.0,Tắc nghẽn,1.0,0.0,0.0,1134.06,50.0,0.0,0.0,0,57703.0,Tắc nghẽn,Tắc nghẽn,Tắc nghẽn,Tắc nghẽn,3,0,Tắc nghẽn,"Điều tiết khẩn cấp, ưu tiên hướng thoát, gửi cảnh báo"
2026-04-01 09:48:54,1310,50,0.0,0.0,1164.06,1269.0,0,0,0,-1149832778#0,2,0.0,0.57,-1149832778#1,0,100.01,0.0,-1149832778#2,0,100.01,0.0,-1149832778#3,0,100.01,0.0,-1175493775#0,0,100.01,0.0,-1175493775#1,0,100.01,0.0,-1175493775#2,0,100.01,0.0,-1215966886,0,50.0,0.0,Tắc nghẽn,1.0,0.0,0.0,1144.06,50.0,0.0,0.0,0,58203.0,Tắc nghẽn,Tắc nghẽn,Tắc nghẽn,Tắc nghẽn,3,0,Tắc nghẽn,"Điều tiết khẩn cấp, ưu tiên hướng thoát, gửi cảnh báo"
2026-04-01 09:48:54,1320,50,0.0,0.0,1174.06,1279.0,0,0,0,-1149832778#0,2,0.0,0.57,-1149832778#1,0,100.01,0.0,-1149832778#2,0,100.01,0.0,-1149832778#3,0,100.01,0.0,-1175493775#0,0,100.01,0.0,-1175493775#1,0,100.01,0.0,-1175493775#2,0,100.01,0.0,-1215966886,0,50.0,0.0,Tắc nghẽn,1.0,0.0,0.0,1154.06,50.0,0.0,0.0,0,58703.0,Tắc nghẽn,Tắc nghẽn,Tắc nghẽn,Tắc nghẽn,3,0,Tắc nghẽn,"Điều tiết khẩn cấp, ưu tiên hướng thoát, gửi cảnh báo"
2026-04-01 09:48:54,1330,50,0.0,0.0,1184.06,1289.0,0,0,0,-1149832778#0,2,0.0,0.57,-1149832778#1,0,100.01,0.0,-1149832778#2,0,100.01,0.0,-1149832778#3,0,100.01,0.0,-1175493775#0,0,100.01,0.0,-1175493775#1,0,100.01,0.0,-1175493775#2,0,100.01,0.0,-1215966886,0,50.0,0.0,Tắc nghẽn,1.0,0.0,0.0,1164.06,50.0,0.0,0.0,0,59203.0,Tắc nghẽn,Tắc nghẽn,Tắc nghẽn,Tắc nghẽn,3,0,Tắc nghẽn,"Điều tiết khẩn cấp, ưu tiên hướng thoát, gửi cảnh báo"
2026-04-01 09:48:54,1340,50,0.0,0.0,1194.06,1299.0,0,0,0,-1149832778#0,2,0.0,0.57,-1149832778#1,0,100.01,0.0,-1149832778#2,0,100.01,0.0,-1149832778#3,0,100.01,0.0,-1175493775#0,0,100.01,0.0,-1175493775#1,0,100.01,0.0,-1175493775#2,0,100.01,0.0,-1215966886,0,50.0,0.0,Tắc nghẽn,1.0,0.0,0.0,1174.06,50.0,0.0,0.0,0,59703.0,Tắc nghẽn,Tắc nghẽn,Tắc nghẽn,Tắc nghẽn,3,0,Tắc nghẽn,"Điều tiết khẩn cấp, ưu tiên hướng thoát, gửi cảnh báo"
2026-04-01 09:48:54,1350,50,0.0,0.0,1204.06,1309.0,0,0,0,-1149832778#0,2,0.0,0.57,-1149832778#1,0,100.01,0.0,-1149832778#2,0,100.01,0.0,-1149832778#3,0,100.01,0.0,-1175493775#0,0,100.01,0.0,-1175493775#1,0,100.01,0.0,-1175493775#2,0,100.01,0.0,-1215966886,0,50.0,0.0,Tắc nghẽn,1.0,0.0,0.0,1184.06,50.0,0.0,0.0,0,60203.0,Tắc nghẽn,Tắc nghẽn,Tắc nghẽn,Tắc nghẽn,3,0,Tắc nghẽn,"Điều tiết khẩn cấp, ưu tiên hướng thoát, gửi cảnh báo"
2026-04-01 09:48:54,1360,50,0.0,0.0,1214.06,1319.0,0,0,0,-1149832778#0,2,0.0,0.57,-1149832778#1,0,100.01,0.0,-1149832778#2,0,100.01,0.0,-1149832778#3,0,100.01,0.0,-1175493775#0,0,100.01,0.0,-1175493775#1,0,100.01,0.0,-1175493775#2,0,100.01,0.0,-1215966886,0,50.0,0.0,Tắc nghẽn,1.0,0.0,0.0,1194.06,50.0,0.0,0.0,0,60703.0,Tắc nghẽn,Tắc nghẽn,Tắc nghẽn,Tắc nghẽn,3,0,Tắc nghẽn,"Điều tiết khẩn cấp, ưu tiên hướng thoát, gửi cảnh báo"
2026-04-01 09:48:54,1370,50,0.0,0.0,1224.06,1329.0,0,0,0,-1149832778#0,2,0.0,0.57,-1149832778#1,0,100.01,0.0,-1149832778#2,0,100.01,0.0,-1149832778#3,0,100.01,0.0,-1175493775#0,0,100.01,0.0,-1175493775#1,0,100.01,0.0,-1175493775#2,0,100.01,0.0,-1215966886,0,50.0,0.0,Tắc nghẽn,1.0,0.0,0.0,1204.06,50.0,0.0,0.0,0,61203.0,Tắc nghẽn,Tắc nghẽn,Tắc nghẽn,Tắc nghẽn,3,0,Tắc nghẽn,"Điều tiết khẩn cấp, ưu tiên hướng thoát, gửi cảnh báo"
2026-04-01 09:48:54,1380,50,0.0,0.0,1234.06,1339.0,0,0,0,-1149832778#0,2,0.0,0.57,-1149832778#1,0,100.01,0.0,-1149832778#2,0,100.01,0.0,-1149832778#3,0,100.01,0.0,-1175493775#0,0,100.01,0.0,-1175493775#1,0,100.01,0.0,-1175493775#2,0,100.01,0.0,-1215966886,0,50.0,0.0,Tắc nghẽn,1.0,0.0,0.0,1214.06,50.0,0.0,0.0,0,61703.0,Tắc nghẽn,Tắc nghẽn,Tắc nghẽn,Tắc nghẽn,3,0,Tắc nghẽn,"Điều tiết khẩn cấp, ưu tiên hướng thoát, gửi cảnh báo"
2026-04-01 09:48:54,1390,50,0.0,0.0,1244.06,1349.0,0,0,0,-1149832778#0,2,0.0,0.57,-1149832778#1,0,100.01,0.0,-1149832778#2,0,100.01,0.0,-1149832778#3,0,100.01,0.0,-1175493775#0,0,100.01,0.0,-1175493775#1,0,100.01,0.0,-1175493775#2,0,100.01,0.0,-1215966886,0,50.0,0.0,Tắc nghẽn,1.0,0.0,0.0,1224.06,50.0,0.0,0.0,0,62203.0,Tắc nghẽn,Tắc nghẽn,Tắc nghẽn,Tắc nghẽn,3,0,Tắc nghẽn,"Điều tiết khẩn cấp, ưu tiên hướng thoát, gửi cảnh báo"
2026-04-01 09:48:54,1400,50,0.0,0.0,1254.06,1359.0,0,0,0,-1149832778#0,2,0.0,0.57,-1149832778#1,0,100.01,0.0,-1149832778#2,0,100.01,0.0,-1149832778#3,0,100.01,0.0,-1175493775#0,0,100.01,0.0,-1175493775#1,0,100.01,0.0,-1175493775#2,0,100.01,0.0,-1215966886,0,50.0,0.0,Tắc nghẽn,1.0,0.0,0.0,1234.06,50.0,0.0,0.0,0,62703.0,Tắc nghẽn,Tắc nghẽn,Tắc nghẽn,Tắc nghẽn,3,0,Tắc nghẽn,"Điều tiết khẩn cấp, ưu tiên hướng thoát, gửi cảnh báo"
2026-04-01 09:48:54,1410,50,0.0,0.0,1264.06,1369.0,0,0,0,-1149832778#0,2,0.0,0.57,-1149832778#1,0,100.01,0.0,-1149832778#2,0,100.01,0.0,-1149832778#3,0,100.01,0.0,-1175493775#0,0,100.01,0.0,-1175493775#1,0,100.01,0.0,-1175493775#2,0,100.01,0.0,-1215966886,0,50.0,0.0,Tắc nghẽn,1.0,0.0,0.0,1244.06,50.0,0.0,0.0,0,63203.0,Tắc nghẽn,Tắc nghẽn,Tắc nghẽn,Tắc nghẽn,3,0,Tắc nghẽn,"Điều tiết khẩn cấp, ưu tiên hướng thoát, gửi cảnh báo"
2026-04-01 09:48:54,1420,50,0.0,0.0,1274.06,1379.0,0,0,0,-1149832778#0,2,0.0,0.57,-1149832778#1,0,100.01,0.0,-1149832778#2,0,100.01,0.0,-1149832778#3,0,100.01,0.0,-1175493775#0,0,100.01,0.0,-1175493775#1,0,100.01,0.0,-1175493775#2,0,100.01,0.0,-1215966886,0,50.0,0.0,Tắc nghẽn,1.0,0.0,0.0,1254.06,50.0,0.0,0.0,0,63703.0,Tắc nghẽn,Tắc nghẽn,Tắc nghẽn,Tắc nghẽn,3,0,Tắc nghẽn,"Điều tiết khẩn cấp, ưu tiên hướng thoát, gửi cảnh báo"
2026-04-01 09:48:54,1430,50,0.0,0.0,1284.06,1389.0,0,0,0,-1149832778#0,2,0.0,0.57,-1149832778#1,0,100.01,0.0,-1149832778#2,0,100.01,0.0,-1149832778#3,0,100.01,0.0,-1175493775#0,0,100.01,0.0,-1175493775#1,0,100.01,0.0,-1175493775#2,0,100.01,0.0,-1215966886,0,50.0,0.0,Tắc nghẽn,1.0,0.0,0.0,1264.06,50.0,0.0,0.0,0,64203.0,Tắc nghẽn,Tắc nghẽn,Tắc nghẽn,Tắc nghẽn,3,0,Tắc nghẽn,"Điều tiết khẩn cấp, ưu tiên hướng thoát, gửi cảnh báo"
2026-04-01 09:48:54,1440,50,0.0,0.0,1294.06,1399.0,0,0,0,-1149832778#0,2,0.0,0.57,-1149832778#1,0,100.01,0.0,-1149832778#2,0,100.01,0.0,-1149832778#3,0,100.01,0.0,-1175493775#0,0,100.01,0.0,-1175493775#1,0,100.01,0.0,-1175493775#2,0,100.01,0.0,-1215966886,0,50.0,0.0,Tắc nghẽn,1.0,0.0,0.0,1274.06,50.0,0.0,0.0,0,64703.0,Tắc nghẽn,Tắc nghẽn,Tắc nghẽn,Tắc nghẽn,3,0,Tắc nghẽn,"Điều tiết khẩn cấp, ưu tiên hướng thoát, gửi cảnh báo"
2026-04-01 09:48:55,1450,50,0.0,0.0,1304.06,1409.0,0,0,0,-1149832778#0,2,0.0,0.57,-1149832778#1,0,100.01,0.0,-1149832778#2,0,100.01,0.0,-1149832778#3,0,100.01,0.0,-1175493775#0,0,100.01,0.0,-1175493775#1,0,100.01,0.0,-1175493775#2,0,100.01,0.0,-1215966886,0,50.0,0.0,Tắc nghẽn,1.0,0.0,0.0,1284.06,50.0,0.0,0.0,0,65203.0,Tắc nghẽn,Tắc nghẽn,Tắc nghẽn,Tắc nghẽn,3,0,Tắc nghẽn,"Điều tiết khẩn cấp, ưu tiên hướng thoát, gửi cảnh báo"
2026-04-01 09:48:55,1460,50,0.0,0.0,1314.06,1419.0,0,0,0,-1149832778#0,2,0.0,0.57,-1149832778#1,0,100.01,0.0,-1149832778#2,0,100.01,0.0,-1149832778#3,0,100.01,0.0,-1175493775#0,0,100.01,0.0,-1175493775#1,0,100.01,0.0,-1175493775#2,0,100.01,0.0,-1215966886,0,50.0,0.0,Tắc nghẽn,1.0,0.0,0.0,1294.06,50.0,0.0,0.0,0,65703.0,Tắc nghẽn,Tắc nghẽn,Tắc nghẽn,Tắc nghẽn,3,0,Tắc nghẽn,"Điều tiết khẩn cấp, ưu tiên hướng thoát, gửi cảnh báo"
2026-04-01 09:48:55,1470,50,0.0,0.0,1324.06,1429.0,0,0,0,-1149832778#0,2,0.0,0.57,-1149832778#1,0,100.01,0.0,-1149832778#2,0,100.01,0.0,-1149832778#3,0,100.01,0.0,-1175493775#0,0,100.01,0.0,-1175493775#1,0,100.01,0.0,-1175493775#2,0,100.01,0.0,-1215966886,0,50.0,0.0,Tắc nghẽn,1.0,0.0,0.0,1304.06,50.0,0.0,0.0,0,66203.0,Tắc nghẽn,Tắc nghẽn,Tắc nghẽn,Tắc nghẽn,3,0,Tắc nghẽn,"Điều tiết khẩn cấp, ưu tiên hướng thoát, gửi cảnh báo"
2026-04-01 09:48:55,1480,50,0.0,0.0,1334.06,1439.0,0,0,0,-1149832778#0,2,0.0,0.57,-1149832778#1,0,100.01,0.0,-1149832778#2,0,100.01,0.0,-1149832778#3,0,100.01,0.0,-1175493775#0,0,100.01,0.0,-1175493775#1,0,100.01,0.0,-1175493775#2,0,100.01,0.0,-1215966886,0,50.0,0.0,Tắc nghẽn,1.0,0.0,0.0,1314.06,50.0,0.0,0.0,0,66703.0,Tắc nghẽn,Tắc nghẽn,Tắc nghẽn,Tắc nghẽn,3,0,Tắc nghẽn,"Điều tiết khẩn cấp, ưu tiên hướng thoát, gửi cảnh báo"
2026-04-01 09:48:55,1490,50,0.0,0.0,1344.06,1449.0,0,0,0,-1149832778#0,2,0.0,0.57,-1149832778#1,0,100.01,0.0,-1149832778#2,0,100.01,0.0,-1149832778#3,0,100.01,0.0,-1175493775#0,0,100.01,0.0,-1175493775#1,0,100.01,0.0,-1175493775#2,0,100.01,0.0,-1215966886,0,50.0,0.0,Tắc nghẽn,1.0,0.0,0.0,1324.06,50.0,0.0,0.0,0,67203.0,Tắc nghẽn,Tắc nghẽn,Tắc nghẽn,Tắc nghẽn,3,0,Tắc nghẽn,"Điều tiết khẩn cấp, ưu tiên hướng thoát, gửi cảnh báo"
2026-04-01 09:48:55,1500,50,0.0,0.0,1354.06,1459.0,0,0,0,-1149832778#0,2,0.0,0.57,-1149832778#1,0,100.01,0.0,-1149832778#2,0,100.01,0.0,-1149832778#3,0,100.01,0.0,-1175493775#0,0,100.01,0.0,-1175493775#1,0,100.01,0.0,-1175493775#2,0,100.01,0.0,-1215966886,0,50.0,0.0,Tắc nghẽn,1.0,0.0,0.0,1334.06,50.0,0.0,0.0,0,67703.0,Tắc nghẽn,Tắc nghẽn,Tắc nghẽn,Tắc nghẽn,3,0,Tắc nghẽn,"Điều tiết khẩn cấp, ưu tiên hướng thoát, gửi cảnh báo"
2026-04-01 09:48:55,1510,50,0.0,0.0,1364.06,1469.0,0,0,0,-1149832778#0,2,0.0,0.57,-1149832778#1,0,100.01,0.0,-1149832778#2,0,100.01,0.0,-1149832778#3,0,100.01,0.0,-1175493775#0,0,100.01,0.0,-1175493775#1,0,100.01,0.0,-1175493775#2,0,100.01,0.0,-1215966886,0,50.0,0.0,Tắc nghẽn,1.0,0.0,0.0,1344.06,50.0,0.0,0.0,0,68203.0,Tắc nghẽn,Tắc nghẽn,Tắc nghẽn,Tắc nghẽn,3,0,Tắc nghẽn,"Điều tiết khẩn cấp, ưu tiên hướng thoát, gửi cảnh báo"
2026-04-01 09:48:55,1520,50,0.0,0.0,1374.06,1479.0,0,0,0,-1149832778#0,2,0.0,0.57,-1149832778#1,0,100.01,0.0,-1149832778#2,0,100.01,0.0,-1149832778#3,0,100.01,0.0,-1175493775#0,0,100.01,0.0,-1175493775#1,0,100.01,0.0,-1175493775#2,0,100.01,0.0,-1215966886,0,50.0,0.0,Tắc nghẽn,1.0,0.0,0.0,1354.06,50.0,0.0,0.0,0,68703.0,Tắc nghẽn,Tắc nghẽn,Tắc nghẽn,Tắc nghẽn,3,0,Tắc nghẽn,"Điều tiết khẩn cấp, ưu tiên hướng thoát, gửi cảnh báo"
2026-04-01 09:48:55,1530,50,0.0,0.0,1384.06,1489.0,0,0,0,-1149832778#0,2,0.0,0.57,-1149832778#1,0,100.01,0.0,-1149832778#2,0,100.01,0.0,-1149832778#3,0,100.01,0.0,-1175493775#0,0,100.01,0.0,-1175493775#1,0,100.01,0.0,-1175493775#2,0,100.01,0.0,-1215966886,0,50.0,0.0,Tắc nghẽn,1.0,0.0,0.0,1364.06,50.0,0.0,0.0,0,69203.0,Tắc nghẽn,Tắc nghẽn,Tắc nghẽn,Tắc nghẽn,3,0,Tắc nghẽn,"Điều tiết khẩn cấp, ưu tiên hướng thoát, gửi cảnh báo"
2026-04-01 09:48:55,1540,50,0.0,0.0,1394.06,1499.0,0,0,0,-1149832778#0,2,0.0,0.57,-1149832778#1,0,100.01,0.0,-1149832778#2,0,100.01,0.0,-1149832778#3,0,100.01,0.0,-1175493775#0,0,100.01,0.0,-1175493775#1,0,100.01,0.0,-1175493775#2,0,100.01,0.0,-1215966886,0,50.0,0.0,Tắc nghẽn,1.0,0.0,0.0,1374.06,50.0,0.0,0.0,0,69703.0,Tắc nghẽn,Tắc nghẽn,Tắc nghẽn,Tắc nghẽn,3,0,Tắc nghẽn,"Điều tiết khẩn cấp, ưu tiên hướng thoát, gửi cảnh báo"
2026-04-01 09:48:55,1550,50,0.0,0.0,1404.06,1509.0,0,0,0,-1149832778#0,2,0.0,0.57,-1149832778#1,0,100.01,0.0,-1149832778#2,0,100.01,0.0,-1149832778#3,0,100.01,0.0,-1175493775#0,0,100.01,0.0,-1175493775#1,0,100.01,0.0,-1175493775#2,0,100.01,0.0,-1215966886,0,50.0,0.0,Tắc nghẽn,1.0,0.0,0.0,1384.06,50.0,0.0,0.0,0,70203.0,Tắc nghẽn,Tắc nghẽn,Tắc nghẽn,Tắc nghẽn,3,0,Tắc nghẽn,"Điều tiết khẩn cấp, ưu tiên hướng thoát, gửi cảnh báo"
2026-04-01 09:48:55,1560,50,0.0,0.0,1414.06,1519.0,0,0,0,-1149832778#0,2,0.0,0.57,-1149832778#1,0,100.01,0.0,-1149832778#2,0,100.01,0.0,-1149832778#3,0,100.01,0.0,-1175493775#0,0,100.01,0.0,-1175493775#1,0,100.01,0.0,-1175493775#2,0,100.01,0.0,-1215966886,0,50.0,0.0,Tắc nghẽn,1.0,0.0,0.0,1394.06,50.0,0.0,0.0,0,70703.0,Tắc nghẽn,Tắc nghẽn,Tắc nghẽn,Tắc nghẽn,3,0,Tắc nghẽn,"Điều tiết khẩn cấp, ưu tiên hướng thoát, gửi cảnh báo"
2026-04-01 09:48:55,1570,50,0.0,0.0,1424.06,1529.0,0,0,0,-1149832778#0,2,0.0,0.57,-1149832778#1,0,100.01,0.0,-1149832778#2,0,100.01,0.0,-1149832778#3,0,100.01,0.0,-1175493775#0,0,100.01,0.0,-1175493775#1,0,100.01,0.0,-1175493775#2,0,100.01,0.0,-1215966886,0,50.0,0.0,Tắc nghẽn,1.0,0.0,0.0,1404.06,50.0,0.0,0.0,0,71203.0,Tắc nghẽn,Tắc nghẽn,Tắc nghẽn,Tắc nghẽn,3,0,Tắc nghẽn,"Điều tiết khẩn cấp, ưu tiên hướng thoát, gửi cảnh báo"
2026-04-01 09:48:55,1580,50,0.0,0.0,1434.06,1539.0,0,0,0,-1149832778#0,2,0.0,0.57,-1149832778#1,0,100.01,0.0,-1149832778#2,0,100.01,0.0,-1149832778#3,0,100.01,0.0,-1175493775#0,0,100.01,0.0,-1175493775#1,0,100.01,0.0,-1175493775#2,0,100.01,0.0,-1215966886,0,50.0,0.0,Tắc nghẽn,1.0,0.0,0.0,1414.06,50.0,0.0,0.0,0,71703.0,Tắc nghẽn,Tắc nghẽn,Tắc nghẽn,Tắc nghẽn,3,0,Tắc nghẽn,"Điều tiết khẩn cấp, ưu tiên hướng thoát, gửi cảnh báo"
2026-04-01 09:48:55,1590,50,0.0,0.0,1444.06,1549.0,0,0,0,-1149832778#0,2,0.0,0.57,-1149832778#1,0,100.01,0.0,-1149832778#2,0,100.01,0.0,-1149832778#3,0,100.01,0.0,-1175493775#0,0,100.01,0.0,-1175493775#1,0,100.01,0.0,-1175493775#2,0,100.01,0.0,-1215966886,0,50.0,0.0,Tắc nghẽn,1.0,0.0,0.0,1424.06,50.0,0.0,0.0,0,72203.0,Tắc nghẽn,Tắc nghẽn,Tắc nghẽn,Tắc nghẽn,3,0,Tắc nghẽn,"Điều tiết khẩn cấp, ưu tiên hướng thoát, gửi cảnh báo"
2026-04-01 09:48:55,1600,50,0.0,0.0,1454.06,1559.0,0,0,0,-1149832778#0,2,0.0,0.57,-1149832778#1,0,100.01,0.0,-1149832778#2,0,100.01,0.0,-1149832778#3,0,100.01,0.0,-1175493775#0,0,100.01,0.0,-1175493775#1,0,100.01,0.0,-1175493775#2,0,100.01,0.0,-1215966886,0,50.0,0.0,Tắc nghẽn,1.0,0.0,0.0,1434.06,50.0,0.0,0.0,0,72703.0,Tắc nghẽn,Tắc nghẽn,Tắc nghẽn,Tắc nghẽn,3,0,Tắc nghẽn,"Điều tiết khẩn cấp, ưu tiên hướng thoát, gửi cảnh báo"
2026-04-01 09:48:55,1610,50,0.0,0.0,1464.06,1569.0,0,0,0,-1149832778#0,2,0.0,0.57,-1149832778#1,0,100.01,0.0,-1149832778#2,0,100.01,0.0,-1149832778#3,0,100.01,0.0,-1175493775#0,0,100.01,0.0,-1175493775#1,0,100.01,0.0,-1175493775#2,0,100.01,0.0,-1215966886,0,50.0,0.0,Tắc nghẽn,1.0,0.0,0.0,1444.06,50.0,0.0,0.0,0,73203.0,Tắc nghẽn,Tắc nghẽn,Tắc nghẽn,Tắc nghẽn,3,0,Tắc nghẽn,"Điều tiết khẩn cấp, ưu tiên hướng thoát, gửi cảnh báo"
2026-04-01 09:48:55,1620,50,0.0,0.0,1474.06,1579.0,0,0,0,-1149832778#0,2,0.0,0.57,-1149832778#1,0,100.01,0.0,-1149832778#2,0,100.01,0.0,-1149832778#3,0,100.01,0.0,-1175493775#0,0,100.01,0.0,-1175493775#1,0,100.01,0.0,-1175493775#2,0,100.01,0.0,-1215966886,0,50.0,0.0,Tắc nghẽn,1.0,0.0,0.0,1454.06,50.0,0.0,0.0,0,73703.0,Tắc nghẽn,Tắc nghẽn,Tắc nghẽn,Tắc nghẽn,3,0,Tắc nghẽn,"Điều tiết khẩn cấp, ưu tiên hướng thoát, gửi cảnh báo"
2026-04-01 09:48:55,1630,50,0.0,0.0,1484.06,1589.0,0,0,0,-1149832778#0,2,0.0,0.57,-1149832778#1,0,100.01,0.0,-1149832778#2,0,100.01,0.0,-1149832778#3,0,100.01,0.0,-1175493775#0,0,100.01,0.0,-1175493775#1,0,100.01,0.0,-1175493775#2,0,100.01,0.0,-1215966886,0,50.0,0.0,Tắc nghẽn,1.0,0.0,0.0,1464.06,50.0,0.0,0.0,0,74203.0,Tắc nghẽn,Tắc nghẽn,Tắc nghẽn,Tắc nghẽn,3,0,Tắc nghẽn,"Điều tiết khẩn cấp, ưu tiên hướng thoát, gửi cảnh báo"
2026-04-01 09:48:55,1640,50,0.0,0.0,1494.06,1599.0,0,0,0,-1149832778#0,2,0.0,0.57,-1149832778#1,0,100.01,0.0,-1149832778#2,0,100.01,0.0,-1149832778#3,0,100.01,0.0,-1175493775#0,0,100.01,0.0,-1175493775#1,0,100.01,0.0,-1175493775#2,0,100.01,0.0,-1215966886,0,50.0,0.0,Tắc nghẽn,1.0,0.0,0.0,1474.06,50.0,0.0,0.0,0,74703.0,Tắc nghẽn,Tắc nghẽn,Tắc nghẽn,Tắc nghẽn,3,0,Tắc nghẽn,"Điều tiết khẩn cấp, ưu tiên hướng thoát, gửi cảnh báo"
2026-04-01 09:48:55,1650,50,0.0,0.0,1504.06,1609.0,0,0,0,-1149832778#0,2,0.0,0.57,-1149832778#1,0,100.01,0.0,-1149832778#2,0,100.01,0.0,-1149832778#3,0,100.01,0.0,-1175493775#0,0,100.01,0.0,-1175493775#1,0,100.01,0.0,-1175493775#2,0,100.01,0.0,-1215966886,0,50.0,0.0,Tắc nghẽn,1.0,0.0,0.0,1484.06,50.0,0.0,0.0,0,75203.0,Tắc nghẽn,Tắc nghẽn,Tắc nghẽn,Tắc nghẽn,3,0,Tắc nghẽn,"Điều tiết khẩn cấp, ưu tiên hướng thoát, gửi cảnh báo"
2026-04-01 09:48:55,1660,50,0.0,0.0,1514.06,1619.0,0,0,0,-1149832778#0,2,0.0,0.57,-1149832778#1,0,100.01,0.0,-1149832778#2,0,100.01,0.0,-1149832778#3,0,100.01,0.0,-1175493775#0,0,100.01,0.0,-1175493775#1,0,100.01,0.0,-1175493775#2,0,100.01,0.0,-1215966886,0,50.0,0.0,Tắc nghẽn,1.0,0.0,0.0,1494.06,50.0,0.0,0.0,0,75703.0,Tắc nghẽn,Tắc nghẽn,Tắc nghẽn,Tắc nghẽn,3,0,Tắc nghẽn,"Điều tiết khẩn cấp, ưu tiên hướng thoát, gửi cảnh báo"
2026-04-01 09:48:55,1670,50,0.0,0.0,1524.06,1629.0,0,0,0,-1149832778#0,2,0.0,0.57,-1149832778#1,0,100.01,0.0,-1149832778#2,0,100.01,0.0,-1149832778#3,0,100.01,0.0,-1175493775#0,0,100.01,0.0,-1175493775#1,0,100.01,0.0,-1175493775#2,0,100.01,0.0,-1215966886,0,50.0,0.0,Tắc nghẽn,1.0,0.0,0.0,1504.06,50.0,0.0,0.0,0,76203.0,Tắc nghẽn,Tắc nghẽn,Tắc nghẽn,Tắc nghẽn,3,0,Tắc nghẽn,"Điều tiết khẩn cấp, ưu tiên hướng thoát, gửi cảnh báo"
2026-04-01 09:48:55,1680,50,0.0,0.0,1534.06,1639.0,0,0,0,-1149832778#0,2,0.0,0.57,-1149832778#1,0,100.01,0.0,-1149832778#2,0,100.01,0.0,-1149832778#3,0,100.01,0.0,-1175493775#0,0,100.01,0.0,-1175493775#1,0,100.01,0.0,-1175493775#2,0,100.01,0.0,-1215966886,0,50.0,0.0,Tắc nghẽn,1.0,0.0,0.0,1514.06,50.0,0.0,0.0,0,76703.0,Tắc nghẽn,Tắc nghẽn,Tắc nghẽn,Tắc nghẽn,3,0,Tắc nghẽn,"Điều tiết khẩn cấp, ưu tiên hướng thoát, gửi cảnh báo"
2026-04-01 09:48:55,1690,50,0.0,0.0,1544.06,1649.0,0,0,0,-1149832778#0,2,0.0,0.57,-1149832778#1,0,100.01,0.0,-1149832778#2,0,100.01,0.0,-1149832778#3,0,100.01,0.0,-1175493775#0,0,100.01,0.0,-1175493775#1,0,100.01,0.0,-1175493775#2,0,100.01,0.0,-1215966886,0,50.0,0.0,Tắc nghẽn,1.0,0.0,0.0,1524.06,50.0,0.0,0.0,0,77203.0,Tắc nghẽn,Tắc nghẽn,Tắc nghẽn,Tắc nghẽn,3,0,Tắc nghẽn,"Điều tiết khẩn cấp, ưu tiên hướng thoát, gửi cảnh báo"
2026-04-01 09:48:55,1700,50,0.0,0.0,1554.06,1659.0,0,0,0,-1149832778#0,2,0.0,0.57,-1149832778#1,0,100.01,0.0,-1149832778#2,0,100.01,0.0,-1149832778#3,0,100.01,0.0,-1175493775#0,0,100.01,0.0,-1175493775#1,0,100.01,0.0,-1175493775#2,0,100.01,0.0,-1215966886,0,50.0,0.0,Tắc nghẽn,1.0,0.0,0.0,1534.06,50.0,0.0,0.0,0,77703.0,Tắc nghẽn,Tắc nghẽn,Tắc nghẽn,Tắc nghẽn,3,0,Tắc nghẽn,"Điều tiết khẩn cấp, ưu tiên hướng thoát, gửi cảnh báo"
2026-04-01 09:48:55,1710,50,0.0,0.0,1564.06,1669.0,0,0,0,-1149832778#0,2,0.0,0.57,-1149832778#1,0,100.01,0.0,-1149832778#2,0,100.01,0.0,-1149832778#3,0,100.01,0.0,-1175493775#0,0,100.01,0.0,-1175493775#1,0,100.01,0.0,-1175493775#2,0,100.01,0.0,-1215966886,0,50.0,0.0,Tắc nghẽn,1.0,0.0,0.0,1544.06,50.0,0.0,0.0,0,78203.0,Tắc nghẽn,Tắc nghẽn,Tắc nghẽn,Tắc nghẽn,3,0,Tắc nghẽn,"Điều tiết khẩn cấp, ưu tiên hướng thoát, gửi cảnh báo"
2026-04-01 09:48:55,1720,50,0.0,0.0,1574.06,1679.0,0,0,0,-1149832778#0,2,0.0,0.57,-1149832778#1,0,100.01,0.0,-1149832778#2,0,100.01,0.0,-1149832778#3,0,100.01,0.0,-1175493775#0,0,100.01,0.0,-1175493775#1,0,100.01,0.0,-1175493775#2,0,100.01,0.0,-1215966886,0,50.0,0.0,Tắc nghẽn,1.0,0.0,0.0,1554.06,50.0,0.0,0.0,0,78703.0,Tắc nghẽn,Tắc nghẽn,Tắc nghẽn,Tắc nghẽn,3,0,Tắc nghẽn,"Điều tiết khẩn cấp, ưu tiên hướng thoát, gửi cảnh báo"
2026-04-01 09:48:55,1730,50,0.0,0.0,1584.06,1689.0,0,0,0,-1149832778#0,2,0.0,0.57,-1149832778#1,0,100.01,0.0,-1149832778#2,0,100.01,0.0,-1149832778#3,0,100.01,0.0,-1175493775#0,0,100.01,0.0,-1175493775#1,0,100.01,0.0,-1175493775#2,0,100.01,0.0,-1215966886,0,50.0,0.0,Tắc nghẽn,1.0,0.0,0.0,1564.06,50.0,0.0,0.0,0,79203.0,Tắc nghẽn,Tắc nghẽn,Tắc nghẽn,Tắc nghẽn,3,0,Tắc nghẽn,"Điều tiết khẩn cấp, ưu tiên hướng thoát, gửi cảnh báo"
2026-04-01 09:48:55,1740,50,0.0,0.0,1594.06,1699.0,0,0,0,-1149832778#0,2,0.0,0.57,-1149832778#1,0,100.01,0.0,-1149832778#2,0,100.01,0.0,-1149832778#3,0,100.01,0.0,-1175493775#0,0,100.01,0.0,-1175493775#1,0,100.01,0.0,-1175493775#2,0,100.01,0.0,-1215966886,0,50.0,0.0,Tắc nghẽn,1.0,0.0,0.0,1574.06,50.0,0.0,0.0,0,79703.0,Tắc nghẽn,Tắc nghẽn,Tắc nghẽn,Tắc nghẽn,3,0,Tắc nghẽn,"Điều tiết khẩn cấp, ưu tiên hướng thoát, gửi cảnh báo"
2026-04-01 09:48:55,1750,50,0.0,0.0,1604.06,1709.0,0,0,0,-1149832778#0,2,0.0,0.57,-1149832778#1,0,100.01,0.0,-1149832778#2,0,100.01,0.0,-1149832778#3,0,100.01,0.0,-1175493775#0,0,100.01,0.0,-1175493775#1,0,100.01,0.0,-1175493775#2,0,100.01,0.0,-1215966886,0,50.0,0.0,Tắc nghẽn,1.0,0.0,0.0,1584.06,50.0,0.0,0.0,0,80203.0,Tắc nghẽn,Tắc nghẽn,Tắc nghẽn,Tắc nghẽn,3,0,Tắc nghẽn,"Điều tiết khẩn cấp, ưu tiên hướng thoát, gửi cảnh báo"
2026-04-01 09:48:55,1760,50,0.0,0.0,1614.06,1719.0,0,0,0,-1149832778#0,2,0.0,0.57,-1149832778#1,0,100.01,0.0,-1149832778#2,0,100.01,0.0,-1149832778#3,0,100.01,0.0,-1175493775#0,0,100.01,0.0,-1175493775#1,0,100.01,0.0,-1175493775#2,0,100.01,0.0,-1215966886,0,50.0,0.0,Tắc nghẽn,1.0,0.0,0.0,1594.06,50.0,0.0,0.0,0,80703.0,Tắc nghẽn,Tắc nghẽn,Tắc nghẽn,Tắc nghẽn,3,0,Tắc nghẽn,"Điều tiết khẩn cấp, ưu tiên hướng thoát, gửi cảnh báo"
2026-04-01 09:48:55,1770,50,0.0,0.0,1624.06,1729.0,0,0,0,-1149832778#0,2,0.0,0.57,-1149832778#1,0,100.01,0.0,-1149832778#2,0,100.01,0.0,-1149832778#3,0,100.01,0.0,-1175493775#0,0,100.01,0.0,-1175493775#1,0,100.01,0.0,-1175493775#2,0,100.01,0.0,-1215966886,0,50.0,0.0,Tắc nghẽn,1.0,0.0,0.0,1604.06,50.0,0.0,0.0,0,81203.0,Tắc nghẽn,Tắc nghẽn,Tắc nghẽn,Tắc nghẽn,3,0,Tắc nghẽn,"Điều tiết khẩn cấp, ưu tiên hướng thoát, gửi cảnh báo"
2026-04-01 09:48:55,1780,50,0.0,0.0,1634.06,1739.0,0,0,0,-1149832778#0,2,0.0,0.57,-1149832778#1,0,100.01,0.0,-1149832778#2,0,100.01,0.0,-1149832778#3,0,100.01,0.0,-1175493775#0,0,100.01,0.0,-1175493775#1,0,100.01,0.0,-1175493775#2,0,100.01,0.0,-1215966886,0,50.0,0.0,Tắc nghẽn,1.0,0.0,0.0,1614.06,50.0,0.0,0.0,0,81703.0,Tắc nghẽn,Tắc nghẽn,Tắc nghẽn,Tắc nghẽn,3,0,Tắc nghẽn,"Điều tiết khẩn cấp, ưu tiên hướng thoát, gửi cảnh báo"
2026-04-01 09:48:55,1790,50,0.0,0.0,1644.06,1749.0,0,0,0,-1149832778#0,2,0.0,0.57,-1149832778#1,0,100.01,0.0,-1149832778#2,0,100.01,0.0,-1149832778#3,0,100.01,0.0,-1175493775#0,0,100.01,0.0,-1175493775#1,0,100.01,0.0,-1175493775#2,0,100.01,0.0,-1215966886,0,50.0,0.0,Tắc nghẽn,1.0,0.0,0.0,1624.06,50.0,0.0,0.0,0,82203.0,Tắc nghẽn,Tắc nghẽn,Tắc nghẽn,Tắc nghẽn,3,0,Tắc nghẽn,"Điều tiết khẩn cấp, ưu tiên hướng thoát, gửi cảnh báo"
2026-04-01 09:48:55,1800,50,0.0,0.0,1654.06,1759.0,0,0,0,-1149832778#0,2,0.0,0.57,-1149832778#1,0,100.01,0.0,-1149832778#2,0,100.01,0.0,-1149832778#3,0,100.01,0.0,-1175493775#0,0,100.01,0.0,-1175493775#1,0,100.01,0.0,-1175493775#2,0,100.01,0.0,-1215966886,0,50.0,0.0,Tắc nghẽn,1.0,0.0,0.0,1634.06,50.0,0.0,0.0,0,82703.0,Tắc nghẽn,Tắc nghẽn,Tắc nghẽn,Tắc nghẽn,3,0,Tắc nghẽn,"Điều tiết khẩn cấp, ưu tiên hướng thoát, gửi cảnh báo"
2026-04-01 09:48:55,1810,50,0.0,0.0,1664.06,1769.0,0,0,0,-1149832778#0,2,0.0,0.57,-1149832778#1,0,100.01,0.0,-1149832778#2,0,100.01,0.0,-1149832778#3,0,100.01,0.0,-1175493775#0,0,100.01,0.0,-1175493775#1,0,100.01,0.0,-1175493775#2,0,100.01,0.0,-1215966886,0,50.0,0.0,Tắc nghẽn,1.0,0.0,0.0,1644.06,50.0,0.0,0.0,0,83203.0,Tắc nghẽn,Tắc nghẽn,Tắc nghẽn,Tắc nghẽn,3,0,Tắc nghẽn,"Điều tiết khẩn cấp, ưu tiên hướng thoát, gửi cảnh báo"
2026-04-01 09:48:55,1820,50,0.0,0.0,1674.06,1779.0,0,0,0,-1149832778#0,2,0.0,0.57,-1149832778#1,0,100.01,0.0,-1149832778#2,0,100.01,0.0,-1149832778#3,0,100.01,0.0,-1175493775#0,0,100.01,0.0,-1175493775#1,0,100.01,0.0,-1175493775#2,0,100.01,0.0,-1215966886,0,50.0,0.0,Tắc nghẽn,1.0,0.0,0.0,1654.06,50.0,0.0,0.0,0,83703.0,Tắc nghẽn,Tắc nghẽn,Tắc nghẽn,Tắc nghẽn,3,0,Tắc nghẽn,"Điều tiết khẩn cấp, ưu tiên hướng thoát, gửi cảnh báo"
2026-04-01 09:48:56,1830,50,0.0,0.0,1684.06,1789.0,0,0,0,-1149832778#0,2,0.0,0.57,-1149832778#1,0,100.01,0.0,-1149832778#2,0,100.01,0.0,-1149832778#3,0,100.01,0.0,-1175493775#0,0,100.01,0.0,-1175493775#1,0,100.01,0.0,-1175493775#2,0,100.01,0.0,-1215966886,0,50.0,0.0,Tắc nghẽn,1.0,0.0,0.0,1664.06,50.0,0.0,0.0,0,84203.0,Tắc nghẽn,Tắc nghẽn,Tắc nghẽn,Tắc nghẽn,3,0,Tắc nghẽn,"Điều tiết khẩn cấp, ưu tiên hướng thoát, gửi cảnh báo"
2026-04-01 09:48:56,1840,50,0.0,0.0,1694.06,1799.0,0,0,0,-1149832778#0,2,0.0,0.57,-1149832778#1,0,100.01,0.0,-1149832778#2,0,100.01,0.0,-1149832778#3,0,100.01,0.0,-1175493775#0,0,100.01,0.0,-1175493775#1,0,100.01,0.0,-1175493775#2,0,100.01,0.0,-1215966886,0,50.0,0.0,Tắc nghẽn,1.0,0.0,0.0,1674.06,50.0,0.0,0.0,0,84703.0,Tắc nghẽn,Tắc nghẽn,Tắc nghẽn,Tắc nghẽn,3,0,Tắc nghẽn,"Điều tiết khẩn cấp, ưu tiên hướng thoát, gửi cảnh báo"
2026-04-01 09:48:56,1850,50,0.0,0.0,1704.06,1809.0,0,0,0,-1149832778#0,2,0.0,0.57,-1149832778#1,0,100.01,0.0,-1149832778#2,0,100.01,0.0,-1149832778#3,0,100.01,0.0,-1175493775#0,0,100.01,0.0,-1175493775#1,0,100.01,0.0,-1175493775#2,0,100.01,0.0,-1215966886,0,50.0,0.0,Tắc nghẽn,1.0,0.0,0.0,1684.06,50.0,0.0,0.0,0,85203.0,Tắc nghẽn,Tắc nghẽn,Tắc nghẽn,Tắc nghẽn,3,0,Tắc nghẽn,"Điều tiết khẩn cấp, ưu tiên hướng thoát, gửi cảnh báo"
2026-04-01 09:48:56,1860,50,0.0,0.0,1714.06,1819.0,0,0,0,-1149832778#0,2,0.0,0.57,-1149832778#1,0,100.01,0.0,-1149832778#2,0,100.01,0.0,-1149832778#3,0,100.01,0.0,-1175493775#0,0,100.01,0.0,-1175493775#1,0,100.01,0.0,-1175493775#2,0,100.01,0.0,-1215966886,0,50.0,0.0,Tắc nghẽn,1.0,0.0,0.0,1694.06,50.0,0.0,0.0,0,85703.0,Tắc nghẽn,Tắc nghẽn,Tắc nghẽn,Tắc nghẽn,3,0,Tắc nghẽn,"Điều tiết khẩn cấp, ưu tiên hướng thoát, gửi cảnh báo"
2026-04-01 09:48:56,1870,50,0.0,0.0,1724.06,1829.0,0,0,0,-1149832778#0,2,0.0,0.57,-1149832778#1,0,100.01,0.0,-1149832778#2,0,100.01,0.0,-1149832778#3,0,100.01,0.0,-1175493775#0,0,100.01,0.0,-1175493775#1,0,100.01,0.0,-1175493775#2,0,100.01,0.0,-1215966886,0,50.0,0.0,Tắc nghẽn,1.0,0.0,0.0,1704.06,50.0,0.0,0.0,0,86203.0,Tắc nghẽn,Tắc nghẽn,Tắc nghẽn,Tắc nghẽn,3,0,Tắc nghẽn,"Điều tiết khẩn cấp, ưu tiên hướng thoát, gửi cảnh báo"
2026-04-01 09:48:56,1880,50,0.0,0.0,1734.06,1839.0,0,0,0,-1149832778#0,2,0.0,0.57,-1149832778#1,0,100.01,0.0,-1149832778#2,0,100.01,0.0,-1149832778#3,0,100.01,0.0,-1175493775#0,0,100.01,0.0,-1175493775#1,0,100.01,0.0,-1175493775#2,0,100.01,0.0,-1215966886,0,50.0,0.0,Tắc nghẽn,1.0,0.0,0.0,1714.06,50.0,0.0,0.0,0,86703.0,Tắc nghẽn,Tắc nghẽn,Tắc nghẽn,Tắc nghẽn,3,0,Tắc nghẽn,"Điều tiết khẩn cấp, ưu tiên hướng thoát, gửi cảnh báo"
2026-04-01 09:48:56,1890,50,0.0,0.0,1744.06,1849.0,0,0,0,-1149832778#0,2,0.0,0.57,-1149832778#1,0,100.01,0.0,-1149832778#2,0,100.01,0.0,-1149832778#3,0,100.01,0.0,-1175493775#0,0,100.01,0.0,-1175493775#1,0,100.01,0.0,-1175493775#2,0,100.01,0.0,-1215966886,0,50.0,0.0,Tắc nghẽn,1.0,0.0,0.0,1724.06,50.0,0.0,0.0,0,87203.0,Tắc nghẽn,Tắc nghẽn,Tắc nghẽn,Tắc nghẽn,3,0,Tắc nghẽn,"Điều tiết khẩn cấp, ưu tiên hướng thoát, gửi cảnh báo"
2026-04-01 09:48:56,1900,50,0.0,0.0,1754.06,1859.0,0,0,0,-1149832778#0,2,0.0,0.57,-1149832778#1,0,100.01,0.0,-1149832778#2,0,100.01,0.0,-1149832778#3,0,100.01,0.0,-1175493775#0,0,100.01,0.0,-1175493775#1,0,100.01,0.0,-1175493775#2,0,100.01,0.0,-1215966886,0,50.0,0.0,Tắc nghẽn,1.0,0.0,0.0,1734.06,50.0,0.0,0.0,0,87703.0,Tắc nghẽn,Tắc nghẽn,Tắc nghẽn,Tắc nghẽn,3,0,Tắc nghẽn,"Điều tiết khẩn cấp, ưu tiên hướng thoát, gửi cảnh báo"
2026-04-01 09:48:56,1910,50,0.0,0.0,1764.06,1869.0,0,0,0,-1149832778#0,2,0.0,0.57,-1149832778#1,0,100.01,0.0,-1149832778#2,0,100.01,0.0,-1149832778#3,0,100.01,0.0,-1175493775#0,0,100.01,0.0,-1175493775#1,0,100.01,0.0,-1175493775#2,0,100.01,0.0,-1215966886,0,50.0,0.0,Tắc nghẽn,1.0,0.0,0.0,1744.06,50.0,0.0,0.0,0,88203.0,Tắc nghẽn,Tắc nghẽn,Tắc nghẽn,Tắc nghẽn,3,0,Tắc nghẽn,"Điều tiết khẩn cấp, ưu tiên hướng thoát, gửi cảnh báo"
2026-04-01 09:48:56,1920,50,0.0,0.0,1774.06,1879.0,0,0,0,-1149832778#0,2,0.0,0.57,-1149832778#1,0,100.01,0.0,-1149832778#2,0,100.01,0.0,-1149832778#3,0,100.01,0.0,-1175493775#0,0,100.01,0.0,-1175493775#1,0,100.01,0.0,-1175493775#2,0,100.01,0.0,-1215966886,0,50.0,0.0,Tắc nghẽn,1.0,0.0,0.0,1754.06,50.0,0.0,0.0,0,88703.0,Tắc nghẽn,Tắc nghẽn,Tắc nghẽn,Tắc nghẽn,3,0,Tắc nghẽn,"Điều tiết khẩn cấp, ưu tiên hướng thoát, gửi cảnh báo"
2026-04-01 09:48:56,1930,50,0.0,0.0,1784.06,1889.0,0,0,0,-1149832778#0,2,0.0,0.57,-1149832778#1,0,100.01,0.0,-1149832778#2,0,100.01,0.0,-1149832778#3,0,100.01,0.0,-1175493775#0,0,100.01,0.0,-1175493775#1,0,100.01,0.0,-1175493775#2,0,100.01,0.0,-1215966886,0,50.0,0.0,Tắc nghẽn,1.0,0.0,0.0,1764.06,50.0,0.0,0.0,0,89203.0,Tắc nghẽn,Tắc nghẽn,Tắc nghẽn,Tắc nghẽn,3,0,Tắc nghẽn,"Điều tiết khẩn cấp, ưu tiên hướng thoát, gửi cảnh báo"
2026-04-01 09:48:56,1940,50,0.0,0.0,1794.06,1899.0,0,0,0,-1149832778#0,2,0.0,0.57,-1149832778#1,0,100.01,0.0,-1149832778#2,0,100.01,0.0,-1149832778#3,0,100.01,0.0,-1175493775#0,0,100.01,0.0,-1175493775#1,0,100.01,0.0,-1175493775#2,0,100.01,0.0,-1215966886,0,50.0,0.0,Tắc nghẽn,1.0,0.0,0.0,1774.06,50.0,0.0,0.0,0,89703.0,Tắc nghẽn,Tắc nghẽn,Tắc nghẽn,Tắc nghẽn,3,0,Tắc nghẽn,"Điều tiết khẩn cấp, ưu tiên hướng thoát, gửi cảnh báo"
2026-04-01 09:48:56,1950,50,0.0,0.0,1804.06,1909.0,0,0,0,-1149832778#0,2,0.0,0.57,-1149832778#1,0,100.01,0.0,-1149832778#2,0,100.01,0.0,-1149832778#3,0,100.01,0.0,-1175493775#0,0,100.01,0.0,-1175493775#1,0,100.01,0.0,-1175493775#2,0,100.01,0.0,-1215966886,0,50.0,0.0,Tắc nghẽn,1.0,0.0,0.0,1784.06,50.0,0.0,0.0,0,90203.0,Tắc nghẽn,Tắc nghẽn,Tắc nghẽn,Tắc nghẽn,3,0,Tắc nghẽn,"Điều tiết khẩn cấp, ưu tiên hướng thoát, gửi cảnh báo"
2026-04-01 09:48:56,1960,50,0.0,0.0,1814.06,1919.0,0,0,0,-1149832778#0,2,0.0,0.57,-1149832778#1,0,100.01,0.0,-1149832778#2,0,100.01,0.0,-1149832778#3,0,100.01,0.0,-1175493775#0,0,100.01,0.0,-1175493775#1,0,100.01,0.0,-1175493775#2,0,100.01,0.0,-1215966886,0,50.0,0.0,Tắc nghẽn,1.0,0.0,0.0,1794.06,50.0,0.0,0.0,0,90703.0,Tắc nghẽn,Tắc nghẽn,Tắc nghẽn,Tắc nghẽn,3,0,Tắc nghẽn,"Điều tiết khẩn cấp, ưu tiên hướng thoát, gửi cảnh báo"
2026-04-01 09:48:56,1970,50,0.0,0.0,1824.06,1929.0,0,0,0,-1149832778#0,2,0.0,0.57,-1149832778#1,0,100.01,0.0,-1149832778#2,0,100.01,0.0,-1149832778#3,0,100.01,0.0,-1175493775#0,0,100.01,0.0,-1175493775#1,0,100.01,0.0,-1175493775#2,0,100.01,0.0,-1215966886,0,50.0,0.0,Tắc nghẽn,1.0,0.0,0.0,1804.06,50.0,0.0,0.0,0,91203.0,Tắc nghẽn,Tắc nghẽn,Tắc nghẽn,Tắc nghẽn,3,0,Tắc nghẽn,"Điều tiết khẩn cấp, ưu tiên hướng thoát, gửi cảnh báo"
2026-04-01 09:48:56,1980,50,0.0,0.0,1834.06,1939.0,0,0,0,-1149832778#0,2,0.0,0.57,-1149832778#1,0,100.01,0.0,-1149832778#2,0,100.01,0.0,-1149832778#3,0,100.01,0.0,-1175493775#0,0,100.01,0.0,-1175493775#1,0,100.01,0.0,-1175493775#2,0,100.01,0.0,-1215966886,0,50.0,0.0,Tắc nghẽn,1.0,0.0,0.0,1814.06,50.0,0.0,0.0,0,91703.0,Tắc nghẽn,Tắc nghẽn,Tắc nghẽn,Tắc nghẽn,3,0,Tắc nghẽn,"Điều tiết khẩn cấp, ưu tiên hướng thoát, gửi cảnh báo"
2026-04-01 09:48:56,1990,50,0.0,0.0,1844.06,1949.0,0,0,0,-1149832778#0,2,0.0,0.57,-1149832778#1,0,100.01,0.0,-1149832778#2,0,100.01,0.0,-1149832778#3,0,100.01,0.0,-1175493775#0,0,100.01,0.0,-1175493775#1,0,100.01,0.0,-1175493775#2,0,100.01,0.0,-1215966886,0,50.0,0.0,Tắc nghẽn,1.0,0.0,0.0,1824.06,50.0,0.0,0.0,0,92203.0,Tắc nghẽn,Tắc nghẽn,Tắc nghẽn,Tắc nghẽn,3,0,Tắc nghẽn,"Điều tiết khẩn cấp, ưu tiên hướng thoát, gửi cảnh báo"
2026-04-01 09:48:56,2000,50,0.0,0.0,1854.06,1959.0,0,0,0,-1149832778#0,2,0.0,0.57,-1149832778#1,0,100.01,0.0,-1149832778#2,0,100.01,0.0,-1149832778#3,0,100.01,0.0,-1175493775#0,0,100.01,0.0,-1175493775#1,0,100.01,0.0,-1175493775#2,0,100.01,0.0,-1215966886,0,50.0,0.0,Tắc nghẽn,1.0,0.0,0.0,1834.06,50.0,0.0,0.0,0,92703.0,Tắc nghẽn,Tắc nghẽn,Tắc nghẽn,Tắc nghẽn,3,0,Tắc nghẽn,"Điều tiết khẩn cấp, ưu tiên hướng thoát, gửi cảnh báo"
2026-04-01 09:48:56,2010,50,0.0,0.0,1864.06,1969.0,0,0,0,-1149832778#0,2,0.0,0.57,-1149832778#1,0,100.01,0.0,-1149832778#2,0,100.01,0.0,-1149832778#3,0,100.01,0.0,-1175493775#0,0,100.01,0.0,-1175493775#1,0,100.01,0.0,-1175493775#2,0,100.01,0.0,-1215966886,0,50.0,0.0,Tắc nghẽn,1.0,0.0,0.0,1844.06,50.0,0.0,0.0,0,93203.0,Tắc nghẽn,Tắc nghẽn,Tắc nghẽn,Tắc nghẽn,3,0,Tắc nghẽn,"Điều tiết khẩn cấp, ưu tiên hướng thoát, gửi cảnh báo"
2026-04-01 09:48:56,2020,50,0.0,0.0,1874.06,1979.0,0,0,0,-1149832778#0,2,0.0,0.57,-1149832778#1,0,100.01,0.0,-1149832778#2,0,100.01,0.0,-1149832778#3,0,100.01,0.0,-1175493775#0,0,100.01,0.0,-1175493775#1,0,100.01,0.0,-1175493775#2,0,100.01,0.0,-1215966886,0,50.0,0.0,Tắc nghẽn,1.0,0.0,0.0,1854.06,50.0,0.0,0.0,0,93703.0,Tắc nghẽn,Tắc nghẽn,Tắc nghẽn,Tắc nghẽn,3,0,Tắc nghẽn,"Điều tiết khẩn cấp, ưu tiên hướng thoát, gửi cảnh báo"
2026-04-01 09:48:56,2030,50,0.0,0.0,1884.06,1989.0,0,0,0,-1149832778#0,2,0.0,0.57,-1149832778#1,0,100.01,0.0,-1149832778#2,0,100.01,0.0,-1149832778#3,0,100.01,0.0,-1175493775#0,0,100.01,0.0,-1175493775#1,0,100.01,0.0,-1175493775#2,0,100.01,0.0,-1215966886,0,50.0,0.0,Tắc nghẽn,1.0,0.0,0.0,1864.06,50.0,0.0,0.0,0,94203.0,Tắc nghẽn,Tắc nghẽn,Tắc nghẽn,Tắc nghẽn,3,0,Tắc nghẽn,"Điều tiết khẩn cấp, ưu tiên hướng thoát, gửi cảnh báo"
2026-04-01 09:48:56,2040,50,0.0,0.0,1894.06,1999.0,0,0,0,-1149832778#0,2,0.0,0.57,-1149832778#1,0,100.01,0.0,-1149832778#2,0,100.01,0.0,-1149832778#3,0,100.01,0.0,-1175493775#0,0,100.01,0.0,-1175493775#1,0,100.01,0.0,-1175493775#2,0,100.01,0.0,-1215966886,0,50.0,0.0,Tắc nghẽn,1.0,0.0,0.0,1874.06,50.0,0.0,0.0,0,94703.0,Tắc nghẽn,Tắc nghẽn,Tắc nghẽn,Tắc nghẽn,3,0,Tắc nghẽn,"Điều tiết khẩn cấp, ưu tiên hướng thoát, gửi cảnh báo"
2026-04-01 09:48:56,2050,50,0.0,0.0,1904.06,2009.0,0,0,0,-1149832778#0,2,0.0,0.57,-1149832778#1,0,100.01,0.0,-1149832778#2,0,100.01,0.0,-1149832778#3,0,100.01,0.0,-1175493775#0,0,100.01,0.0,-1175493775#1,0,100.01,0.0,-1175493775#2,0,100.01,0.0,-1215966886,0,50.0,0.0,Tắc nghẽn,1.0,0.0,0.0,1884.06,50.0,0.0,0.0,0,95203.0,Tắc nghẽn,Tắc nghẽn,Tắc nghẽn,Tắc nghẽn,3,0,Tắc nghẽn,"Điều tiết khẩn cấp, ưu tiên hướng thoát, gửi cảnh báo"
2026-04-01 09:48:56,2060,50,0.0,0.0,1914.06,2019.0,0,0,0,-1149832778#0,2,0.0,0.57,-1149832778#1,0,100.01,0.0,-1149832778#2,0,100.01,0.0,-1149832778#3,0,100.01,0.0,-1175493775#0,0,100.01,0.0,-1175493775#1,0,100.01,0.0,-1175493775#2,0,100.01,0.0,-1215966886,0,50.0,0.0,Tắc nghẽn,1.0,0.0,0.0,1894.06,50.0,0.0,0.0,0,95703.0,Tắc nghẽn,Tắc nghẽn,Tắc nghẽn,Tắc nghẽn,3,0,Tắc nghẽn,"Điều tiết khẩn cấp, ưu tiên hướng thoát, gửi cảnh báo"
2026-04-01 09:48:56,2070,50,0.0,0.0,1924.06,2029.0,0,0,0,-1149832778#0,2,0.0,0.57,-1149832778#1,0,100.01,0.0,-1149832778#2,0,100.01,0.0,-1149832778#3,0,100.01,0.0,-1175493775#0,0,100.01,0.0,-1175493775#1,0,100.01,0.0,-1175493775#2,0,100.01,0.0,-1215966886,0,50.0,0.0,Tắc nghẽn,1.0,0.0,0.0,1904.06,50.0,0.0,0.0,0,96203.0,Tắc nghẽn,Tắc nghẽn,Tắc nghẽn,Tắc nghẽn,3,0,Tắc nghẽn,"Điều tiết khẩn cấp, ưu tiên hướng thoát, gửi cảnh báo"
2026-04-01 09:48:56,2080,50,0.0,0.0,1934.06,2039.0,0,0,0,-1149832778#0,2,0.0,0.57,-1149832778#1,0,100.01,0.0,-1149832778#2,0,100.01,0.0,-1149832778#3,0,100.01,0.0,-1175493775#0,0,100.01,0.0,-1175493775#1,0,100.01,0.0,-1175493775#2,0,100.01,0.0,-1215966886,0,50.0,0.0,Tắc nghẽn,1.0,0.0,0.0,1914.06,50.0,0.0,0.0,0,96703.0,Tắc nghẽn,Tắc nghẽn,Tắc nghẽn,Tắc nghẽn,3,0,Tắc nghẽn,"Điều tiết khẩn cấp, ưu tiên hướng thoát, gửi cảnh báo"
2026-04-01 09:48:56,2090,50,0.0,0.0,1944.06,2049.0,0,0,0,-1149832778#0,2,0.0,0.57,-1149832778#1,0,100.01,0.0,-1149832778#2,0,100.01,0.0,-1149832778#3,0,100.01,0.0,-1175493775#0,0,100.01,0.0,-1175493775#1,0,100.01,0.0,-1175493775#2,0,100.01,0.0,-1215966886,0,50.0,0.0,Tắc nghẽn,1.0,0.0,0.0,1924.06,50.0,0.0,0.0,0,97203.0,Tắc nghẽn,Tắc nghẽn,Tắc nghẽn,Tắc nghẽn,3,0,Tắc nghẽn,"Điều tiết khẩn cấp, ưu tiên hướng thoát, gửi cảnh báo"
2026-04-01 09:48:56,2100,50,0.0,0.0,1954.06,2059.0,0,0,0,-1149832778#0,2,0.0,0.57,-1149832778#1,0,100.01,0.0,-1149832778#2,0,100.01,0.0,-1149832778#3,0,100.01,0.0,-1175493775#0,0,100.01,0.0,-1175493775#1,0,100.01,0.0,-1175493775#2,0,100.01,0.0,-1215966886,0,50.0,0.0,Tắc nghẽn,1.0,0.0,0.0,1934.06,50.0,0.0,0.0,0,97703.0,Tắc nghẽn,Tắc nghẽn,Tắc nghẽn,Tắc nghẽn,3,0,Tắc nghẽn,"Điều tiết khẩn cấp, ưu tiên hướng thoát, gửi cảnh báo"
2026-04-01 09:48:56,2110,50,0.0,0.0,1964.06,2069.0,0,0,0,-1149832778#0,2,0.0,0.57,-1149832778#1,0,100.01,0.0,-1149832778#2,0,100.01,0.0,-1149832778#3,0,100.01,0.0,-1175493775#0,0,100.01,0.0,-1175493775#1,0,100.01,0.0,-1175493775#2,0,100.01,0.0,-1215966886,0,50.0,0.0,Tắc nghẽn,1.0,0.0,0.0,1944.06,50.0,0.0,0.0,0,98203.0,Tắc nghẽn,Tắc nghẽn,Tắc nghẽn,Tắc nghẽn,3,0,Tắc nghẽn,"Điều tiết khẩn cấp, ưu tiên hướng thoát, gửi cảnh báo"
2026-04-01 09:48:56,2120,50,0.0,0.0,1974.06,2079.0,0,0,0,-1149832778#0,2,0.0,0.57,-1149832778#1,0,100.01,0.0,-1149832778#2,0,100.01,0.0,-1149832778#3,0,100.01,0.0,-1175493775#0,0,100.01,0.0,-1175493775#1,0,100.01,0.0,-1175493775#2,0,100.01,0.0,-1215966886,0,50.0,0.0,Tắc nghẽn,1.0,0.0,0.0,1954.06,50.0,0.0,0.0,0,98703.0,Tắc nghẽn,Tắc nghẽn,Tắc nghẽn,Tắc nghẽn,3,0,Tắc nghẽn,"Điều tiết khẩn cấp, ưu tiên hướng thoát, gửi cảnh báo"
2026-04-01 09:48:56,2130,50,0.0,0.0,1984.06,2089.0,0,0,0,-1149832778#0,2,0.0,0.57,-1149832778#1,0,100.01,0.0,-1149832778#2,0,100.01,0.0,-1149832778#3,0,100.01,0.0,-1175493775#0,0,100.01,0.0,-1175493775#1,0,100.01,0.0,-1175493775#2,0,100.01,0.0,-1215966886,0,50.0,0.0,Tắc nghẽn,1.0,0.0,0.0,1964.06,50.0,0.0,0.0,0,99203.0,Tắc nghẽn,Tắc nghẽn,Tắc nghẽn,Tắc nghẽn,3,0,Tắc nghẽn,"Điều tiết khẩn cấp, ưu tiên hướng thoát, gửi cảnh báo"
2026-04-01 09:48:56,2140,50,0.0,0.0,1994.06,2099.0,0,0,0,-1149832778#0,2,0.0,0.57,-1149832778#1,0,100.01,0.0,-1149832778#2,0,100.01,0.0,-1149832778#3,0,100.01,0.0,-1175493775#0,0,100.01,0.0,-1175493775#1,0,100.01,0.0,-1175493775#2,0,100.01,0.0,-1215966886,0,50.0,0.0,Tắc nghẽn,1.0,0.0,0.0,1974.06,50.0,0.0,0.0,0,99703.0,Tắc nghẽn,Tắc nghẽn,Tắc nghẽn,Tắc nghẽn,3,0,Tắc nghẽn,"Điều tiết khẩn cấp, ưu tiên hướng thoát, gửi cảnh báo"
2026-04-01 09:48:56,2150,50,0.0,0.0,2004.06,2109.0,0,0,0,-1149832778#0,2,0.0,0.57,-1149832778#1,0,100.01,0.0,-1149832778#2,0,100.01,0.0,-1149832778#3,0,100.01,0.0,-1175493775#0,0,100.01,0.0,-1175493775#1,0,100.01,0.0,-1175493775#2,0,100.01,0.0,-1215966886,0,50.0,0.0,Tắc nghẽn,1.0,0.0,0.0,1984.06,50.0,0.0,0.0,0,100203.0,Tắc nghẽn,Tắc nghẽn,Tắc nghẽn,Tắc nghẽn,3,0,Tắc nghẽn,"Điều tiết khẩn cấp, ưu tiên hướng thoát, gửi cảnh báo"
2026-04-01 09:48:56,2160,50,0.0,0.0,2014.06,2119.0,0,0,0,-1149832778#0,2,0.0,0.57,-1149832778#1,0,100.01,0.0,-1149832778#2,0,100.01,0.0,-1149832778#3,0,100.01,0.0,-1175493775#0,0,100.01,0.0,-1175493775#1,0,100.01,0.0,-1175493775#2,0,100.01,0.0,-1215966886,0,50.0,0.0,Tắc nghẽn,1.0,0.0,0.0,1994.06,50.0,0.0,0.0,0,100703.0,Tắc nghẽn,Tắc nghẽn,Tắc nghẽn,Tắc nghẽn,3,0,Tắc nghẽn,"Điều tiết khẩn cấp, ưu tiên hướng thoát, gửi cảnh báo"
2026-04-01 09:48:56,2170,50,0.0,0.0,2024.06,2129.0,0,0,0,-1149832778#0,2,0.0,0.57,-1149832778#1,0,100.01,0.0,-1149832778#2,0,100.01,0.0,-1149832778#3,0,100.01,0.0,-1175493775#0,0,100.01,0.0,-1175493775#1,0,100.01,0.0,-1175493775#2,0,100.01,0.0,-1215966886,0,50.0,0.0,Tắc nghẽn,1.0,0.0,0.0,2004.06,50.0,0.0,0.0,0,101203.0,Tắc nghẽn,Tắc nghẽn,Tắc nghẽn,Tắc nghẽn,3,0,Tắc nghẽn,"Điều tiết khẩn cấp, ưu tiên hướng thoát, gửi cảnh báo"
2026-04-01 09:48:56,2180,50,0.0,0.0,2034.06,2139.0,0,0,0,-1149832778#0,2,0.0,0.57,-1149832778#1,0,100.01,0.0,-1149832778#2,0,100.01,0.0,-1149832778#3,0,100.01,0.0,-1175493775#0,0,100.01,0.0,-1175493775#1,0,100.01,0.0,-1175493775#2,0,100.01,0.0,-1215966886,0,50.0,0.0,Tắc nghẽn,1.0,0.0,0.0,2014.06,50.0,0.0,0.0,0,101703.0,Tắc nghẽn,Tắc nghẽn,Tắc nghẽn,Tắc nghẽn,3,0,Tắc nghẽn,"Điều tiết khẩn cấp, ưu tiên hướng thoát, gửi cảnh báo"
2026-04-01 09:48:56,2190,50,0.0,0.0,2044.06,2149.0,0,0,0,-1149832778#0,2,0.0,0.57,-1149832778#1,0,100.01,0.0,-1149832778#2,0,100.01,0.0,-1149832778#3,0,100.01,0.0,-1175493775#0,0,100.01,0.0,-1175493775#1,0,100.01,0.0,-1175493775#2,0,100.01,0.0,-1215966886,0,50.0,0.0,Tắc nghẽn,1.0,0.0,0.0,2024.06,50.0,0.0,0.0,0,102203.0,Tắc nghẽn,Tắc nghẽn,Tắc nghẽn,Tắc nghẽn,3,0,Tắc nghẽn,"Điều tiết khẩn cấp, ưu tiên hướng thoát, gửi cảnh báo"
2026-04-01 09:48:56,2200,50,0.0,0.0,2054.06,2159.0,0,0,0,-1149832778#0,2,0.0,0.57,-1149832778#1,0,100.01,0.0,-1149832778#2,0,100.01,0.0,-1149832778#3,0,100.01,0.0,-1175493775#0,0,100.01,0.0,-1175493775#1,0,100.01,0.0,-1175493775#2,0,100.01,0.0,-1215966886,0,50.0,0.0,Tắc nghẽn,1.0,0.0,0.0,2034.06,50.0,0.0,0.0,0,102703.0,Tắc nghẽn,Tắc nghẽn,Tắc nghẽn,Tắc nghẽn,3,0,Tắc nghẽn,"Điều tiết khẩn cấp, ưu tiên hướng thoát, gửi cảnh báo"
2026-04-01 09:48:57,2210,50,0.0,0.0,2064.06,2169.0,0,0,0,-1149832778#0,2,0.0,0.57,-1149832778#1,0,100.01,0.0,-1149832778#2,0,100.01,0.0,-1149832778#3,0,100.01,0.0,-1175493775#0,0,100.01,0.0,-1175493775#1,0,100.01,0.0,-1175493775#2,0,100.01,0.0,-1215966886,0,50.0,0.0,Tắc nghẽn,1.0,0.0,0.0,2044.06,50.0,0.0,0.0,0,103203.0,Tắc nghẽn,Tắc nghẽn,Tắc nghẽn,Tắc nghẽn,3,0,Tắc nghẽn,"Điều tiết khẩn cấp, ưu tiên hướng thoát, gửi cảnh báo"
2026-04-01 09:48:57,2220,50,0.0,0.0,2074.06,2179.0,0,0,0,-1149832778#0,2,0.0,0.57,-1149832778#1,0,100.01,0.0,-1149832778#2,0,100.01,0.0,-1149832778#3,0,100.01,0.0,-1175493775#0,0,100.01,0.0,-1175493775#1,0,100.01,0.0,-1175493775#2,0,100.01,0.0,-1215966886,0,50.0,0.0,Tắc nghẽn,1.0,0.0,0.0,2054.06,50.0,0.0,0.0,0,103703.0,Tắc nghẽn,Tắc nghẽn,Tắc nghẽn,Tắc nghẽn,3,0,Tắc nghẽn,"Điều tiết khẩn cấp, ưu tiên hướng thoát, gửi cảnh báo"
2026-04-01 09:48:57,2230,50,0.0,0.0,2084.06,2189.0,0,0,0,-1149832778#0,2,0.0,0.57,-1149832778#1,0,100.01,0.0,-1149832778#2,0,100.01,0.0,-1149832778#3,0,100.01,0.0,-1175493775#0,0,100.01,0.0,-1175493775#1,0,100.01,0.0,-1175493775#2,0,100.01,0.0,-1215966886,0,50.0,0.0,Tắc nghẽn,1.0,0.0,0.0,2064.06,50.0,0.0,0.0,0,104203.0,Tắc nghẽn,Tắc nghẽn,Tắc nghẽn,Tắc nghẽn,3,0,Tắc nghẽn,"Điều tiết khẩn cấp, ưu tiên hướng thoát, gửi cảnh báo"
2026-04-01 09:48:57,2240,50,0.0,0.0,2094.06,2199.0,0,0,0,-1149832778#0,2,0.0,0.57,-1149832778#1,0,100.01,0.0,-1149832778#2,0,100.01,0.0,-1149832778#3,0,100.01,0.0,-1175493775#0,0,100.01,0.0,-1175493775#1,0,100.01,0.0,-1175493775#2,0,100.01,0.0,-1215966886,0,50.0,0.0,Tắc nghẽn,1.0,0.0,0.0,2074.06,50.0,0.0,0.0,0,104703.0,Tắc nghẽn,Tắc nghẽn,Tắc nghẽn,Tắc nghẽn,3,0,Tắc nghẽn,"Điều tiết khẩn cấp, ưu tiên hướng thoát, gửi cảnh báo"
2026-04-01 09:48:57,2250,50,0.0,0.0,2104.06,2209.0,0,0,0,-1149832778#0,2,0.0,0.57,-1149832778#1,0,100.01,0.0,-1149832778#2,0,100.01,0.0,-1149832778#3,0,100.01,0.0,-1175493775#0,0,100.01,0.0,-1175493775#1,0,100.01,0.0,-1175493775#2,0,100.01,0.0,-1215966886,0,50.0,0.0,Tắc nghẽn,1.0,0.0,0.0,2084.06,50.0,0.0,0.0,0,105203.0,Tắc nghẽn,Tắc nghẽn,Tắc nghẽn,Tắc nghẽn,3,0,Tắc nghẽn,"Điều tiết khẩn cấp, ưu tiên hướng thoát, gửi cảnh báo"
2026-04-01 09:48:57,2260,50,0.0,0.0,2114.06,2219.0,0,0,0,-1149832778#0,2,0.0,0.57,-1149832778#1,0,100.01,0.0,-1149832778#2,0,100.01,0.0,-1149832778#3,0,100.01,0.0,-1175493775#0,0,100.01,0.0,-1175493775#1,0,100.01,0.0,-1175493775#2,0,100.01,0.0,-1215966886,0,50.0,0.0,Tắc nghẽn,1.0,0.0,0.0,2094.06,50.0,0.0,0.0,0,105703.0,Tắc nghẽn,Tắc nghẽn,Tắc nghẽn,Tắc nghẽn,3,0,Tắc nghẽn,"Điều tiết khẩn cấp, ưu tiên hướng thoát, gửi cảnh báo"
2026-04-01 09:48:57,2270,50,0.0,0.0,2124.06,2229.0,0,0,0,-1149832778#0,2,0.0,0.57,-1149832778#1,0,100.01,0.0,-1149832778#2,0,100.01,0.0,-1149832778#3,0,100.01,0.0,-1175493775#0,0,100.01,0.0,-1175493775#1,0,100.01,0.0,-1175493775#2,0,100.01,0.0,-1215966886,0,50.0,0.0,Tắc nghẽn,1.0,0.0,0.0,2104.06,50.0,0.0,0.0,0,106203.0,Tắc nghẽn,Tắc nghẽn,Tắc nghẽn,Tắc nghẽn,3,0,Tắc nghẽn,"Điều tiết khẩn cấp, ưu tiên hướng thoát, gửi cảnh báo"
2026-04-01 09:48:57,2280,50,0.0,0.0,2134.06,2239.0,0,0,0,-1149832778#0,2,0.0,0.57,-1149832778#1,0,100.01,0.0,-1149832778#2,0,100.01,0.0,-1149832778#3,0,100.01,0.0,-1175493775#0,0,100.01,0.0,-1175493775#1,0,100.01,0.0,-1175493775#2,0,100.01,0.0,-1215966886,0,50.0,0.0,Tắc nghẽn,1.0,0.0,0.0,2114.06,50.0,0.0,0.0,0,106703.0,Tắc nghẽn,Tắc nghẽn,Tắc nghẽn,Tắc nghẽn,3,0,Tắc nghẽn,"Điều tiết khẩn cấp, ưu tiên hướng thoát, gửi cảnh báo"
2026-04-01 09:48:57,2290,50,0.0,0.0,2144.06,2249.0,0,0,0,-1149832778#0,2,0.0,0.57,-1149832778#1,0,100.01,0.0,-1149832778#2,0,100.01,0.0,-1149832778#3,0,100.01,0.0,-1175493775#0,0,100.01,0.0,-1175493775#1,0,100.01,0.0,-1175493775#2,0,100.01,0.0,-1215966886,0,50.0,0.0,Tắc nghẽn,1.0,0.0,0.0,2124.06,50.0,0.0,0.0,0,107203.0,Tắc nghẽn,Tắc nghẽn,Tắc nghẽn,Tắc nghẽn,3,0,Tắc nghẽn,"Điều tiết khẩn cấp, ưu tiên hướng thoát, gửi cảnh báo"
2026-04-01 09:48:57,2300,50,0.0,0.0,2154.06,2259.0,0,0,0,-1149832778#0,2,0.0,0.57,-1149832778#1,0,100.01,0.0,-1149832778#2,0,100.01,0.0,-1149832778#3,0,100.01,0.0,-1175493775#0,0,100.01,0.0,-1175493775#1,0,100.01,0.0,-1175493775#2,0,100.01,0.0,-1215966886,0,50.0,0.0,Tắc nghẽn,1.0,0.0,0.0,2134.06,50.0,0.0,0.0,0,107703.0,Tắc nghẽn,Tắc nghẽn,Tắc nghẽn,Tắc nghẽn,3,0,Tắc nghẽn,"Điều tiết khẩn cấp, ưu tiên hướng thoát, gửi cảnh báo"
2026-04-01 09:48:57,2310,50,0.0,0.0,2164.06,2269.0,0,0,0,-1149832778#0,2,0.0,0.57,-1149832778#1,0,100.01,0.0,-1149832778#2,0,100.01,0.0,-1149832778#3,0,100.01,0.0,-1175493775#0,0,100.01,0.0,-1175493775#1,0,100.01,0.0,-1175493775#2,0,100.01,0.0,-1215966886,0,50.0,0.0,Tắc nghẽn,1.0,0.0,0.0,2144.06,50.0,0.0,0.0,0,108203.0,Tắc nghẽn,Tắc nghẽn,Tắc nghẽn,Tắc nghẽn,3,0,Tắc nghẽn,"Điều tiết khẩn cấp, ưu tiên hướng thoát, gửi cảnh báo"
2026-04-01 09:48:57,2320,50,0.0,0.0,2174.06,2279.0,0,0,0,-1149832778#0,2,0.0,0.57,-1149832778#1,0,100.01,0.0,-1149832778#2,0,100.01,0.0,-1149832778#3,0,100.01,0.0,-1175493775#0,0,100.01,0.0,-1175493775#1,0,100.01,0.0,-1175493775#2,0,100.01,0.0,-1215966886,0,50.0,0.0,Tắc nghẽn,1.0,0.0,0.0,2154.06,50.0,0.0,0.0,0,108703.0,Tắc nghẽn,Tắc nghẽn,Tắc nghẽn,Tắc nghẽn,3,0,Tắc nghẽn,"Điều tiết khẩn cấp, ưu tiên hướng thoát, gửi cảnh báo"
2026-04-01 09:48:57,2330,50,0.0,0.0,2184.06,2289.0,0,0,0,-1149832778#0,2,0.0,0.57,-1149832778#1,0,100.01,0.0,-1149832778#2,0,100.01,0.0,-1149832778#3,0,100.01,0.0,-1175493775#0,0,100.01,0.0,-1175493775#1,0,100.01,0.0,-1175493775#2,0,100.01,0.0,-1215966886,0,50.0,0.0,Tắc nghẽn,1.0,0.0,0.0,2164.06,50.0,0.0,0.0,0,109203.0,Tắc nghẽn,Tắc nghẽn,Tắc nghẽn,Tắc nghẽn,3,0,Tắc nghẽn,"Điều tiết khẩn cấp, ưu tiên hướng thoát, gửi cảnh báo"
2026-04-01 09:48:57,2340,50,0.0,0.0,2194.06,2299.0,0,0,0,-1149832778#0,2,0.0,0.57,-1149832778#1,0,100.01,0.0,-1149832778#2,0,100.01,0.0,-1149832778#3,0,100.01,0.0,-1175493775#0,0,100.01,0.0,-1175493775#1,0,100.01,0.0,-1175493775#2,0,100.01,0.0,-1215966886,0,50.0,0.0,Tắc nghẽn,1.0,0.0,0.0,2174.06,50.0,0.0,0.0,0,109703.0,Tắc nghẽn,Tắc nghẽn,Tắc nghẽn,Tắc nghẽn,3,0,Tắc nghẽn,"Điều tiết khẩn cấp, ưu tiên hướng thoát, gửi cảnh báo"
2026-04-01 09:48:57,2350,50,0.0,0.0,2204.06,2309.0,0,0,0,-1149832778#0,2,0.0,0.57,-1149832778#1,0,100.01,0.0,-1149832778#2,0,100.01,0.0,-1149832778#3,0,100.01,0.0,-1175493775#0,0,100.01,0.0,-1175493775#1,0,100.01,0.0,-1175493775#2,0,100.01,0.0,-1215966886,0,50.0,0.0,Tắc nghẽn,1.0,0.0,0.0,2184.06,50.0,0.0,0.0,0,110203.0,Tắc nghẽn,Tắc nghẽn,Tắc nghẽn,Tắc nghẽn,3,0,Tắc nghẽn,"Điều tiết khẩn cấp, ưu tiên hướng thoát, gửi cảnh báo"
2026-04-01 09:48:57,2360,50,0.0,0.0,2214.06,2319.0,0,0,0,-1149832778#0,2,0.0,0.57,-1149832778#1,0,100.01,0.0,-1149832778#2,0,100.01,0.0,-1149832778#3,0,100.01,0.0,-1175493775#0,0,100.01,0.0,-1175493775#1,0,100.01,0.0,-1175493775#2,0,100.01,0.0,-1215966886,0,50.0,0.0,Tắc nghẽn,1.0,0.0,0.0,2194.06,50.0,0.0,0.0,0,110703.0,Tắc nghẽn,Tắc nghẽn,Tắc nghẽn,Tắc nghẽn,3,0,Tắc nghẽn,"Điều tiết khẩn cấp, ưu tiên hướng thoát, gửi cảnh báo"
2026-04-01 09:48:57,2370,50,0.0,0.0,2224.06,2329.0,0,0,0,-1149832778#0,2,0.0,0.57,-1149832778#1,0,100.01,0.0,-1149832778#2,0,100.01,0.0,-1149832778#3,0,100.01,0.0,-1175493775#0,0,100.01,0.0,-1175493775#1,0,100.01,0.0,-1175493775#2,0,100.01,0.0,-1215966886,0,50.0,0.0,Tắc nghẽn,1.0,0.0,0.0,2204.06,50.0,0.0,0.0,0,111203.0,Tắc nghẽn,Tắc nghẽn,Tắc nghẽn,Tắc nghẽn,3,0,Tắc nghẽn,"Điều tiết khẩn cấp, ưu tiên hướng thoát, gửi cảnh báo"
2026-04-01 09:48:57,2380,50,0.0,0.0,2234.06,2339.0,0,0,0,-1149832778#0,2,0.0,0.57,-1149832778#1,0,100.01,0.0,-1149832778#2,0,100.01,0.0,-1149832778#3,0,100.01,0.0,-1175493775#0,0,100.01,0.0,-1175493775#1,0,100.01,0.0,-1175493775#2,0,100.01,0.0,-1215966886,0,50.0,0.0,Tắc nghẽn,1.0,0.0,0.0,2214.06,50.0,0.0,0.0,0,111703.0,Tắc nghẽn,Tắc nghẽn,Tắc nghẽn,Tắc nghẽn,3,0,Tắc nghẽn,"Điều tiết khẩn cấp, ưu tiên hướng thoát, gửi cảnh báo"
2026-04-01 09:48:57,2390,50,0.0,0.0,2244.06,2349.0,0,0,0,-1149832778#0,2,0.0,0.57,-1149832778#1,0,100.01,0.0,-1149832778#2,0,100.01,0.0,-1149832778#3,0,100.01,0.0,-1175493775#0,0,100.01,0.0,-1175493775#1,0,100.01,0.0,-1175493775#2,0,100.01,0.0,-1215966886,0,50.0,0.0,Tắc nghẽn,1.0,0.0,0.0,2224.06,50.0,0.0,0.0,0,112203.0,Tắc nghẽn,Tắc nghẽn,Tắc nghẽn,Tắc nghẽn,3,0,Tắc nghẽn,"Điều tiết khẩn cấp, ưu tiên hướng thoát, gửi cảnh báo"
2026-04-01 09:48:57,2400,50,0.0,0.0,2254.06,2359.0,0,0,0,-1149832778#0,2,0.0,0.57,-1149832778#1,0,100.01,0.0,-1149832778#2,0,100.01,0.0,-1149832778#3,0,100.01,0.0,-1175493775#0,0,100.01,0.0,-1175493775#1,0,100.01,0.0,-1175493775#2,0,100.01,0.0,-1215966886,0,50.0,0.0,Tắc nghẽn,1.0,0.0,0.0,2234.06,50.0,0.0,0.0,0,112703.0,Tắc nghẽn,Tắc nghẽn,Tắc nghẽn,Tắc nghẽn,3,0,Tắc nghẽn,"Điều tiết khẩn cấp, ưu tiên hướng thoát, gửi cảnh báo"
2026-04-01 09:48:57,2410,50,0.0,0.0,2264.06,2369.0,0,0,0,-1149832778#0,2,0.0,0.57,-1149832778#1,0,100.01,0.0,-1149832778#2,0,100.01,0.0,-1149832778#3,0,100.01,0.0,-1175493775#0,0,100.01,0.0,-1175493775#1,0,100.01,0.0,-1175493775#2,0,100.01,0.0,-1215966886,0,50.0,0.0,Tắc nghẽn,1.0,0.0,0.0,2244.06,50.0,0.0,0.0,0,113203.0,Tắc nghẽn,Tắc nghẽn,Tắc nghẽn,Tắc nghẽn,3,0,Tắc nghẽn,"Điều tiết khẩn cấp, ưu tiên hướng thoát, gửi cảnh báo"
2026-04-01 09:48:57,2420,50,0.0,0.0,2274.06,2379.0,0,0,0,-1149832778#0,2,0.0,0.57,-1149832778#1,0,100.01,0.0,-1149832778#2,0,100.01,0.0,-1149832778#3,0,100.01,0.0,-1175493775#0,0,100.01,0.0,-1175493775#1,0,100.01,0.0,-1175493775#2,0,100.01,0.0,-1215966886,0,50.0,0.0,Tắc nghẽn,1.0,0.0,0.0,2254.06,50.0,0.0,0.0,0,113703.0,Tắc nghẽn,Tắc nghẽn,Tắc nghẽn,Tắc nghẽn,3,0,Tắc nghẽn,"Điều tiết khẩn cấp, ưu tiên hướng thoát, gửi cảnh báo"
2026-04-01 09:48:57,2430,50,0.0,0.0,2284.06,2389.0,0,0,0,-1149832778#0,2,0.0,0.57,-1149832778#1,0,100.01,0.0,-1149832778#2,0,100.01,0.0,-1149832778#3,0,100.01,0.0,-1175493775#0,0,100.01,0.0,-1175493775#1,0,100.01,0.0,-1175493775#2,0,100.01,0.0,-1215966886,0,50.0,0.0,Tắc nghẽn,1.0,0.0,0.0,2264.06,50.0,0.0,0.0,0,114203.0,Tắc nghẽn,Tắc nghẽn,Tắc nghẽn,Tắc nghẽn,3,0,Tắc nghẽn,"Điều tiết khẩn cấp, ưu tiên hướng thoát, gửi cảnh báo"
2026-04-01 09:48:57,2440,50,0.0,0.0,2294.06,2399.0,0,0,0,-1149832778#0,2,0.0,0.57,-1149832778#1,0,100.01,0.0,-1149832778#2,0,100.01,0.0,-1149832778#3,0,100.01,0.0,-1175493775#0,0,100.01,0.0,-1175493775#1,0,100.01,0.0,-1175493775#2,0,100.01,0.0,-1215966886,0,50.0,0.0,Tắc nghẽn,1.0,0.0,0.0,2274.06,50.0,0.0,0.0,0,114703.0,Tắc nghẽn,Tắc nghẽn,Tắc nghẽn,Tắc nghẽn,3,0,Tắc nghẽn,"Điều tiết khẩn cấp, ưu tiên hướng thoát, gửi cảnh báo"
2026-04-01 09:48:57,2450,50,0.0,0.0,2304.06,2409.0,0,0,0,-1149832778#0,2,0.0,0.57,-1149832778#1,0,100.01,0.0,-1149832778#2,0,100.01,0.0,-1149832778#3,0,100.01,0.0,-1175493775#0,0,100.01,0.0,-1175493775#1,0,100.01,0.0,-1175493775#2,0,100.01,0.0,-1215966886,0,50.0,0.0,Tắc nghẽn,1.0,0.0,0.0,2284.06,50.0,0.0,0.0,0,115203.0,Tắc nghẽn,Tắc nghẽn,Tắc nghẽn,Tắc nghẽn,3,0,Tắc nghẽn,"Điều tiết khẩn cấp, ưu tiên hướng thoát, gửi cảnh báo"
2026-04-01 09:48:57,2460,50,0.0,0.0,2314.06,2419.0,0,0,0,-1149832778#0,2,0.0,0.57,-1149832778#1,0,100.01,0.0,-1149832778#2,0,100.01,0.0,-1149832778#3,0,100.01,0.0,-1175493775#0,0,100.01,0.0,-1175493775#1,0,100.01,0.0,-1175493775#2,0,100.01,0.0,-1215966886,0,50.0,0.0,Tắc nghẽn,1.0,0.0,0.0,2294.06,50.0,0.0,0.0,0,115703.0,Tắc nghẽn,Tắc nghẽn,Tắc nghẽn,Tắc nghẽn,3,0,Tắc nghẽn,"Điều tiết khẩn cấp, ưu tiên hướng thoát, gửi cảnh báo"
2026-04-01 09:48:57,2470,50,0.0,0.0,2324.06,2429.0,0,0,0,-1149832778#0,2,0.0,0.57,-1149832778#1,0,100.01,0.0,-1149832778#2,0,100.01,0.0,-1149832778#3,0,100.01,0.0,-1175493775#0,0,100.01,0.0,-1175493775#1,0,100.01,0.0,-1175493775#2,0,100.01,0.0,-1215966886,0,50.0,0.0,Tắc nghẽn,1.0,0.0,0.0,2304.06,50.0,0.0,0.0,0,116203.0,Tắc nghẽn,Tắc nghẽn,Tắc nghẽn,Tắc nghẽn,3,0,Tắc nghẽn,"Điều tiết khẩn cấp, ưu tiên hướng thoát, gửi cảnh báo"
2026-04-01 09:48:57,2480,50,0.0,0.0,2334.06,2439.0,0,0,0,-1149832778#0,2,0.0,0.57,-1149832778#1,0,100.01,0.0,-1149832778#2,0,100.01,0.0,-1149832778#3,0,100.01,0.0,-1175493775#0,0,100.01,0.0,-1175493775#1,0,100.01,0.0,-1175493775#2,0,100.01,0.0,-1215966886,0,50.0,0.0,Tắc nghẽn,1.0,0.0,0.0,2314.06,50.0,0.0,0.0,0,116703.0,Tắc nghẽn,Tắc nghẽn,Tắc nghẽn,Tắc nghẽn,3,0,Tắc nghẽn,"Điều tiết khẩn cấp, ưu tiên hướng thoát, gửi cảnh báo"
2026-04-01 09:48:57,2490,50,0.0,0.0,2344.06,2449.0,0,0,0,-1149832778#0,2,0.0,0.57,-1149832778#1,0,100.01,0.0,-1149832778#2,0,100.01,0.0,-1149832778#3,0,100.01,0.0,-1175493775#0,0,100.01,0.0,-1175493775#1,0,100.01,0.0,-1175493775#2,0,100.01,0.0,-1215966886,0,50.0,0.0,Tắc nghẽn,1.0,0.0,0.0,2324.06,50.0,0.0,0.0,0,117203.0,Tắc nghẽn,Tắc nghẽn,Tắc nghẽn,Tắc nghẽn,3,0,Tắc nghẽn,"Điều tiết khẩn cấp, ưu tiên hướng thoát, gửi cảnh báo"
2026-04-01 09:48:57,2500,50,0.0,0.0,2354.06,2459.0,0,0,0,-1149832778#0,2,0.0,0.57,-1149832778#1,0,100.01,0.0,-1149832778#2,0,100.01,0.0,-1149832778#3,0,100.01,0.0,-1175493775#0,0,100.01,0.0,-1175493775#1,0,100.01,0.0,-1175493775#2,0,100.01,0.0,-1215966886,0,50.0,0.0,Tắc nghẽn,1.0,0.0,0.0,2334.06,50.0,0.0,0.0,0,117703.0,Tắc nghẽn,Tắc nghẽn,Tắc nghẽn,Tắc nghẽn,3,0,Tắc nghẽn,"Điều tiết khẩn cấp, ưu tiên hướng thoát, gửi cảnh báo"
2026-04-01 09:48:57,2510,50,0.0,0.0,2364.06,2469.0,0,0,0,-1149832778#0,2,0.0,0.57,-1149832778#1,0,100.01,0.0,-1149832778#2,0,100.01,0.0,-1149832778#3,0,100.01,0.0,-1175493775#0,0,100.01,0.0,-1175493775#1,0,100.01,0.0,-1175493775#2,0,100.01,0.0,-1215966886,0,50.0,0.0,Tắc nghẽn,1.0,0.0,0.0,2344.06,50.0,0.0,0.0,0,118203.0,Tắc nghẽn,Tắc nghẽn,Tắc nghẽn,Tắc nghẽn,3,0,Tắc nghẽn,"Điều tiết khẩn cấp, ưu tiên hướng thoát, gửi cảnh báo"
2026-04-01 09:48:57,2520,50,0.0,0.0,2374.06,2479.0,0,0,0,-1149832778#0,2,0.0,0.57,-1149832778#1,0,100.01,0.0,-1149832778#2,0,100.01,0.0,-1149832778#3,0,100.01,0.0,-1175493775#0,0,100.01,0.0,-1175493775#1,0,100.01,0.0,-1175493775#2,0,100.01,0.0,-1215966886,0,50.0,0.0,Tắc nghẽn,1.0,0.0,0.0,2354.06,50.0,0.0,0.0,0,118703.0,Tắc nghẽn,Tắc nghẽn,Tắc nghẽn,Tắc nghẽn,3,0,Tắc nghẽn,"Điều tiết khẩn cấp, ưu tiên hướng thoát, gửi cảnh báo"
2026-04-01 09:48:57,2530,50,0.0,0.0,2384.06,2489.0,0,0,0,-1149832778#0,2,0.0,0.57,-1149832778#1,0,100.01,0.0,-1149832778#2,0,100.01,0.0,-1149832778#3,0,100.01,0.0,-1175493775#0,0,100.01,0.0,-1175493775#1,0,100.01,0.0,-1175493775#2,0,100.01,0.0,-1215966886,0,50.0,0.0,Tắc nghẽn,1.0,0.0,0.0,2364.06,50.0,0.0,0.0,0,119203.0,Tắc nghẽn,Tắc nghẽn,Tắc nghẽn,Tắc nghẽn,3,0,Tắc nghẽn,"Điều tiết khẩn cấp, ưu tiên hướng thoát, gửi cảnh báo"
2026-04-01 09:48:57,2540,50,0.0,0.0,2394.06,2499.0,0,0,0,-1149832778#0,2,0.0,0.57,-1149832778#1,0,100.01,0.0,-1149832778#2,0,100.01,0.0,-1149832778#3,0,100.01,0.0,-1175493775#0,0,100.01,0.0,-1175493775#1,0,100.01,0.0,-1175493775#2,0,100.01,0.0,-1215966886,0,50.0,0.0,Tắc nghẽn,1.0,0.0,0.0,2374.06,50.0,0.0,0.0,0,119703.0,Tắc nghẽn,Tắc nghẽn,Tắc nghẽn,Tắc nghẽn,3,0,Tắc nghẽn,"Điều tiết khẩn cấp, ưu tiên hướng thoát, gửi cảnh báo"
2026-04-01 09:48:57,2550,50,0.0,0.0,2404.06,2509.0,0,0,0,-1149832778#0,2,0.0,0.57,-1149832778#1,0,100.01,0.0,-1149832778#2,0,100.01,0.0,-1149832778#3,0,100.01,0.0,-1175493775#0,0,100.01,0.0,-1175493775#1,0,100.01,0.0,-1175493775#2,0,100.01,0.0,-1215966886,0,50.0,0.0,Tắc nghẽn,1.0,0.0,0.0,2384.06,50.0,0.0,0.0,0,120203.0,Tắc nghẽn,Tắc nghẽn,Tắc nghẽn,Tắc nghẽn,3,0,Tắc nghẽn,"Điều tiết khẩn cấp, ưu tiên hướng thoát, gửi cảnh báo"
2026-04-01 09:48:57,2560,50,0.0,0.0,2414.06,2519.0,0,0,0,-1149832778#0,2,0.0,0.57,-1149832778#1,0,100.01,0.0,-1149832778#2,0,100.01,0.0,-1149832778#3,0,100.01,0.0,-1175493775#0,0,100.01,0.0,-1175493775#1,0,100.01,0.0,-1175493775#2,0,100.01,0.0,-1215966886,0,50.0,0.0,Tắc nghẽn,1.0,0.0,0.0,2394.06,50.0,0.0,0.0,0,120703.0,Tắc nghẽn,Tắc nghẽn,Tắc nghẽn,Tắc nghẽn,3,0,Tắc nghẽn,"Điều tiết khẩn cấp, ưu tiên hướng thoát, gửi cảnh báo"
2026-04-01 09:48:57,2570,50,0.0,0.0,2424.06,2529.0,0,0,0,-1149832778#0,2,0.0,0.57,-1149832778#1,0,100.01,0.0,-1149832778#2,0,100.01,0.0,-1149832778#3,0,100.01,0.0,-1175493775#0,0,100.01,0.0,-1175493775#1,0,100.01,0.0,-1175493775#2,0,100.01,0.0,-1215966886,0,50.0,0.0,Tắc nghẽn,1.0,0.0,0.0,2404.06,50.0,0.0,0.0,0,121203.0,Tắc nghẽn,Tắc nghẽn,Tắc nghẽn,Tắc nghẽn,3,0,Tắc nghẽn,"Điều tiết khẩn cấp, ưu tiên hướng thoát, gửi cảnh báo"
2026-04-01 09:48:57,2580,50,0.0,0.0,2434.06,2539.0,0,0,0,-1149832778#0,2,0.0,0.57,-1149832778#1,0,100.01,0.0,-1149832778#2,0,100.01,0.0,-1149832778#3,0,100.01,0.0,-1175493775#0,0,100.01,0.0,-1175493775#1,0,100.01,0.0,-1175493775#2,0,100.01,0.0,-1215966886,0,50.0,0.0,Tắc nghẽn,1.0,0.0,0.0,2414.06,50.0,0.0,0.0,0,121703.0,Tắc nghẽn,Tắc nghẽn,Tắc nghẽn,Tắc nghẽn,3,0,Tắc nghẽn,"Điều tiết khẩn cấp, ưu tiên hướng thoát, gửi cảnh báo"
2026-04-01 09:48:58,2590,50,0.0,0.0,2444.06,2549.0,0,0,0,-1149832778#0,2,0.0,0.57,-1149832778#1,0,100.01,0.0,-1149832778#2,0,100.01,0.0,-1149832778#3,0,100.01,0.0,-1175493775#0,0,100.01,0.0,-1175493775#1,0,100.01,0.0,-1175493775#2,0,100.01,0.0,-1215966886,0,50.0,0.0,Tắc nghẽn,1.0,0.0,0.0,2424.06,50.0,0.0,0.0,0,122203.0,Tắc nghẽn,Tắc nghẽn,Tắc nghẽn,Tắc nghẽn,3,0,Tắc nghẽn,"Điều tiết khẩn cấp, ưu tiên hướng thoát, gửi cảnh báo"
2026-04-01 09:48:58,2600,50,0.0,0.0,2454.06,2559.0,0,0,0,-1149832778#0,2,0.0,0.57,-1149832778#1,0,100.01,0.0,-1149832778#2,0,100.01,0.0,-1149832778#3,0,100.01,0.0,-1175493775#0,0,100.01,0.0,-1175493775#1,0,100.01,0.0,-1175493775#2,0,100.01,0.0,-1215966886,0,50.0,0.0,Tắc nghẽn,1.0,0.0,0.0,2434.06,50.0,0.0,0.0,0,122703.0,Tắc nghẽn,Tắc nghẽn,Tắc nghẽn,Tắc nghẽn,3,0,Tắc nghẽn,"Điều tiết khẩn cấp, ưu tiên hướng thoát, gửi cảnh báo"
2026-04-01 09:48:58,2610,50,0.0,0.0,2464.06,2569.0,0,0,0,-1149832778#0,2,0.0,0.57,-1149832778#1,0,100.01,0.0,-1149832778#2,0,100.01,0.0,-1149832778#3,0,100.01,0.0,-1175493775#0,0,100.01,0.0,-1175493775#1,0,100.01,0.0,-1175493775#2,0,100.01,0.0,-1215966886,0,50.0,0.0,Tắc nghẽn,1.0,0.0,0.0,2444.06,50.0,0.0,0.0,0,123203.0,Tắc nghẽn,Tắc nghẽn,Tắc nghẽn,Tắc nghẽn,3,0,Tắc nghẽn,"Điều tiết khẩn cấp, ưu tiên hướng thoát, gửi cảnh báo"
2026-04-01 09:48:58,2620,50,0.0,0.0,2474.06,2579.0,0,0,0,-1149832778#0,2,0.0,0.57,-1149832778#1,0,100.01,0.0,-1149832778#2,0,100.01,0.0,-1149832778#3,0,100.01,0.0,-1175493775#0,0,100.01,0.0,-1175493775#1,0,100.01,0.0,-1175493775#2,0,100.01,0.0,-1215966886,0,50.0,0.0,Tắc nghẽn,1.0,0.0,0.0,2454.06,50.0,0.0,0.0,0,123703.0,Tắc nghẽn,Tắc nghẽn,Tắc nghẽn,Tắc nghẽn,3,0,Tắc nghẽn,"Điều tiết khẩn cấp, ưu tiên hướng thoát, gửi cảnh báo"
2026-04-01 09:48:58,2630,50,0.0,0.0,2484.06,2589.0,0,0,0,-1149832778#0,2,0.0,0.57,-1149832778#1,0,100.01,0.0,-1149832778#2,0,100.01,0.0,-1149832778#3,0,100.01,0.0,-1175493775#0,0,100.01,0.0,-1175493775#1,0,100.01,0.0,-1175493775#2,0,100.01,0.0,-1215966886,0,50.0,0.0,Tắc nghẽn,1.0,0.0,0.0,2464.06,50.0,0.0,0.0,0,124203.0,Tắc nghẽn,Tắc nghẽn,Tắc nghẽn,Tắc nghẽn,3,0,Tắc nghẽn,"Điều tiết khẩn cấp, ưu tiên hướng thoát, gửi cảnh báo"
2026-04-01 09:48:58,2640,50,0.0,0.0,2494.06,2599.0,0,0,0,-1149832778#0,2,0.0,0.57,-1149832778#1,0,100.01,0.0,-1149832778#2,0,100.01,0.0,-1149832778#3,0,100.01,0.0,-1175493775#0,0,100.01,0.0,-1175493775#1,0,100.01,0.0,-1175493775#2,0,100.01,0.0,-1215966886,0,50.0,0.0,Tắc nghẽn,1.0,0.0,0.0,2474.06,50.0,0.0,0.0,0,124703.0,Tắc nghẽn,Tắc nghẽn,Tắc nghẽn,Tắc nghẽn,3,0,Tắc nghẽn,"Điều tiết khẩn cấp, ưu tiên hướng thoát, gửi cảnh báo"
2026-04-01 09:48:58,2650,50,0.0,0.0,2504.06,2609.0,0,0,0,-1149832778#0,2,0.0,0.57,-1149832778#1,0,100.01,0.0,-1149832778#2,0,100.01,0.0,-1149832778#3,0,100.01,0.0,-1175493775#0,0,100.01,0.0,-1175493775#1,0,100.01,0.0,-1175493775#2,0,100.01,0.0,-1215966886,0,50.0,0.0,Tắc nghẽn,1.0,0.0,0.0,2484.06,50.0,0.0,0.0,0,125203.0,Tắc nghẽn,Tắc nghẽn,Tắc nghẽn,Tắc nghẽn,3,0,Tắc nghẽn,"Điều tiết khẩn cấp, ưu tiên hướng thoát, gửi cảnh báo"
2026-04-01 09:48:58,2660,50,0.0,0.0,2514.06,2619.0,0,0,0,-1149832778#0,2,0.0,0.57,-1149832778#1,0,100.01,0.0,-1149832778#2,0,100.01,0.0,-1149832778#3,0,100.01,0.0,-1175493775#0,0,100.01,0.0,-1175493775#1,0,100.01,0.0,-1175493775#2,0,100.01,0.0,-1215966886,0,50.0,0.0,Tắc nghẽn,1.0,0.0,0.0,2494.06,50.0,0.0,0.0,0,125703.0,Tắc nghẽn,Tắc nghẽn,Tắc nghẽn,Tắc nghẽn,3,0,Tắc nghẽn,"Điều tiết khẩn cấp, ưu tiên hướng thoát, gửi cảnh báo"
2026-04-01 09:48:58,2670,50,0.0,0.0,2524.06,2629.0,0,0,0,-1149832778#0,2,0.0,0.57,-1149832778#1,0,100.01,0.0,-1149832778#2,0,100.01,0.0,-1149832778#3,0,100.01,0.0,-1175493775#0,0,100.01,0.0,-1175493775#1,0,100.01,0.0,-1175493775#2,0,100.01,0.0,-1215966886,0,50.0,0.0,Tắc nghẽn,1.0,0.0,0.0,2504.06,50.0,0.0,0.0,0,126203.0,Tắc nghẽn,Tắc nghẽn,Tắc nghẽn,Tắc nghẽn,3,0,Tắc nghẽn,"Điều tiết khẩn cấp, ưu tiên hướng thoát, gửi cảnh báo"
2026-04-01 09:48:58,2680,50,0.0,0.0,2534.06,2639.0,0,0,0,-1149832778#0,2,0.0,0.57,-1149832778#1,0,100.01,0.0,-1149832778#2,0,100.01,0.0,-1149832778#3,0,100.01,0.0,-1175493775#0,0,100.01,0.0,-1175493775#1,0,100.01,0.0,-1175493775#2,0,100.01,0.0,-1215966886,0,50.0,0.0,Tắc nghẽn,1.0,0.0,0.0,2514.06,50.0,0.0,0.0,0,126703.0,Tắc nghẽn,Tắc nghẽn,Tắc nghẽn,Tắc nghẽn,3,0,Tắc nghẽn,"Điều tiết khẩn cấp, ưu tiên hướng thoát, gửi cảnh báo"
2026-04-01 09:48:58,2690,50,0.0,0.0,2544.06,2649.0,0,0,0,-1149832778#0,2,0.0,0.57,-1149832778#1,0,100.01,0.0,-1149832778#2,0,100.01,0.0,-1149832778#3,0,100.01,0.0,-1175493775#0,0,100.01,0.0,-1175493775#1,0,100.01,0.0,-1175493775#2,0,100.01,0.0,-1215966886,0,50.0,0.0,Tắc nghẽn,1.0,0.0,0.0,2524.06,50.0,0.0,0.0,0,127203.0,Tắc nghẽn,Tắc nghẽn,Tắc nghẽn,Tắc nghẽn,3,0,Tắc nghẽn,"Điều tiết khẩn cấp, ưu tiên hướng thoát, gửi cảnh báo"
2026-04-01 09:48:58,2700,50,0.0,0.0,2554.06,2659.0,0,0,0,-1149832778#0,2,0.0,0.57,-1149832778#1,0,100.01,0.0,-1149832778#2,0,100.01,0.0,-1149832778#3,0,100.01,0.0,-1175493775#0,0,100.01,0.0,-1175493775#1,0,100.01,0.0,-1175493775#2,0,100.01,0.0,-1215966886,0,50.0,0.0,Tắc nghẽn,1.0,0.0,0.0,2534.06,50.0,0.0,0.0,0,127703.0,Tắc nghẽn,Tắc nghẽn,Tắc nghẽn,Tắc nghẽn,3,0,Tắc nghẽn,"Điều tiết khẩn cấp, ưu tiên hướng thoát, gửi cảnh báo"
2026-04-01 09:48:58,2710,50,0.0,0.0,2564.06,2669.0,0,0,0,-1149832778#0,2,0.0,0.57,-1149832778#1,0,100.01,0.0,-1149832778#2,0,100.01,0.0,-1149832778#3,0,100.01,0.0,-1175493775#0,0,100.01,0.0,-1175493775#1,0,100.01,0.0,-1175493775#2,0,100.01,0.0,-1215966886,0,50.0,0.0,Tắc nghẽn,1.0,0.0,0.0,2544.06,50.0,0.0,0.0,0,128203.0,Tắc nghẽn,Tắc nghẽn,Tắc nghẽn,Tắc nghẽn,3,0,Tắc nghẽn,"Điều tiết khẩn cấp, ưu tiên hướng thoát, gửi cảnh báo"
2026-04-01 09:48:58,2720,50,0.0,0.0,2574.06,2679.0,0,0,0,-1149832778#0,2,0.0,0.57,-1149832778#1,0,100.01,0.0,-1149832778#2,0,100.01,0.0,-1149832778#3,0,100.01,0.0,-1175493775#0,0,100.01,0.0,-1175493775#1,0,100.01,0.0,-1175493775#2,0,100.01,0.0,-1215966886,0,50.0,0.0,Tắc nghẽn,1.0,0.0,0.0,2554.06,50.0,0.0,0.0,0,128703.0,Tắc nghẽn,Tắc nghẽn,Tắc nghẽn,Tắc nghẽn,3,0,Tắc nghẽn,"Điều tiết khẩn cấp, ưu tiên hướng thoát, gửi cảnh báo"
2026-04-01 09:48:58,2730,50,0.0,0.0,2584.06,2689.0,0,0,0,-1149832778#0,2,0.0,0.57,-1149832778#1,0,100.01,0.0,-1149832778#2,0,100.01,0.0,-1149832778#3,0,100.01,0.0,-1175493775#0,0,100.01,0.0,-1175493775#1,0,100.01,0.0,-1175493775#2,0,100.01,0.0,-1215966886,0,50.0,0.0,Tắc nghẽn,1.0,0.0,0.0,2564.06,50.0,0.0,0.0,0,129203.0,Tắc nghẽn,Tắc nghẽn,Tắc nghẽn,Tắc nghẽn,3,0,Tắc nghẽn,"Điều tiết khẩn cấp, ưu tiên hướng thoát, gửi cảnh báo"
2026-04-01 09:48:58,2740,50,0.0,0.0,2594.06,2699.0,0,0,0,-1149832778#0,2,0.0,0.57,-1149832778#1,0,100.01,0.0,-1149832778#2,0,100.01,0.0,-1149832778#3,0,100.01,0.0,-1175493775#0,0,100.01,0.0,-1175493775#1,0,100.01,0.0,-1175493775#2,0,100.01,0.0,-1215966886,0,50.0,0.0,Tắc nghẽn,1.0,0.0,0.0,2574.06,50.0,0.0,0.0,0,129703.0,Tắc nghẽn,Tắc nghẽn,Tắc nghẽn,Tắc nghẽn,3,0,Tắc nghẽn,"Điều tiết khẩn cấp, ưu tiên hướng thoát, gửi cảnh báo"
2026-04-01 09:48:58,2750,50,0.0,0.0,2604.06,2709.0,0,0,0,-1149832778#0,2,0.0,0.57,-1149832778#1,0,100.01,0.0,-1149832778#2,0,100.01,0.0,-1149832778#3,0,100.01,0.0,-1175493775#0,0,100.01,0.0,-1175493775#1,0,100.01,0.0,-1175493775#2,0,100.01,0.0,-1215966886,0,50.0,0.0,Tắc nghẽn,1.0,0.0,0.0,2584.06,50.0,0.0,0.0,0,130203.0,Tắc nghẽn,Tắc nghẽn,Tắc nghẽn,Tắc nghẽn,3,0,Tắc nghẽn,"Điều tiết khẩn cấp, ưu tiên hướng thoát, gửi cảnh báo"
2026-04-01 09:48:58,2760,50,0.0,0.0,2614.06,2719.0,0,0,0,-1149832778#0,2,0.0,0.57,-1149832778#1,0,100.01,0.0,-1149832778#2,0,100.01,0.0,-1149832778#3,0,100.01,0.0,-1175493775#0,0,100.01,0.0,-1175493775#1,0,100.01,0.0,-1175493775#2,0,100.01,0.0,-1215966886,0,50.0,0.0,Tắc nghẽn,1.0,0.0,0.0,2594.06,50.0,0.0,0.0,0,130703.0,Tắc nghẽn,Tắc nghẽn,Tắc nghẽn,Tắc nghẽn,3,0,Tắc nghẽn,"Điều tiết khẩn cấp, ưu tiên hướng thoát, gửi cảnh báo"
2026-04-01 09:48:58,2770,50,0.0,0.0,2624.06,2729.0,0,0,0,-1149832778#0,2,0.0,0.57,-1149832778#1,0,100.01,0.0,-1149832778#2,0,100.01,0.0,-1149832778#3,0,100.01,0.0,-1175493775#0,0,100.01,0.0,-1175493775#1,0,100.01,0.0,-1175493775#2,0,100.01,0.0,-1215966886,0,50.0,0.0,Tắc nghẽn,1.0,0.0,0.0,2604.06,50.0,0.0,0.0,0,131203.0,Tắc nghẽn,Tắc nghẽn,Tắc nghẽn,Tắc nghẽn,3,0,Tắc nghẽn,"Điều tiết khẩn cấp, ưu tiên hướng thoát, gửi cảnh báo"
2026-04-01 09:48:58,2780,50,0.0,0.0,2634.06,2739.0,0,0,0,-1149832778#0,2,0.0,0.57,-1149832778#1,0,100.01,0.0,-1149832778#2,0,100.01,0.0,-1149832778#3,0,100.01,0.0,-1175493775#0,0,100.01,0.0,-1175493775#1,0,100.01,0.0,-1175493775#2,0,100.01,0.0,-1215966886,0,50.0,0.0,Tắc nghẽn,1.0,0.0,0.0,2614.06,50.0,0.0,0.0,0,131703.0,Tắc nghẽn,Tắc nghẽn,Tắc nghẽn,Tắc nghẽn,3,0,Tắc nghẽn,"Điều tiết khẩn cấp, ưu tiên hướng thoát, gửi cảnh báo"
2026-04-01 09:48:58,2790,50,0.0,0.0,2644.06,2749.0,0,0,0,-1149832778#0,2,0.0,0.57,-1149832778#1,0,100.01,0.0,-1149832778#2,0,100.01,0.0,-1149832778#3,0,100.01,0.0,-1175493775#0,0,100.01,0.0,-1175493775#1,0,100.01,0.0,-1175493775#2,0,100.01,0.0,-1215966886,0,50.0,0.0,Tắc nghẽn,1.0,0.0,0.0,2624.06,50.0,0.0,0.0,0,132203.0,Tắc nghẽn,Tắc nghẽn,Tắc nghẽn,Tắc nghẽn,3,0,Tắc nghẽn,"Điều tiết khẩn cấp, ưu tiên hướng thoát, gửi cảnh báo"
2026-04-01 09:48:58,2800,50,0.0,0.0,2654.06,2759.0,0,0,0,-1149832778#0,2,0.0,0.57,-1149832778#1,0,100.01,0.0,-1149832778#2,0,100.01,0.0,-1149832778#3,0,100.01,0.0,-1175493775#0,0,100.01,0.0,-1175493775#1,0,100.01,0.0,-1175493775#2,0,100.01,0.0,-1215966886,0,50.0,0.0,Tắc nghẽn,1.0,0.0,0.0,2634.06,50.0,0.0,0.0,0,132703.0,Tắc nghẽn,Tắc nghẽn,Tắc nghẽn,Tắc nghẽn,3,0,Tắc nghẽn,"Điều tiết khẩn cấp, ưu tiên hướng thoát, gửi cảnh báo"
2026-04-01 09:48:58,2810,50,0.0,0.0,2664.06,2769.0,0,0,0,-1149832778#0,2,0.0,0.57,-1149832778#1,0,100.01,0.0,-1149832778#2,0,100.01,0.0,-1149832778#3,0,100.01,0.0,-1175493775#0,0,100.01,0.0,-1175493775#1,0,100.01,0.0,-1175493775#2,0,100.01,0.0,-1215966886,0,50.0,0.0,Tắc nghẽn,1.0,0.0,0.0,2644.06,50.0,0.0,0.0,0,133203.0,Tắc nghẽn,Tắc nghẽn,Tắc nghẽn,Tắc nghẽn,3,0,Tắc nghẽn,"Điều tiết khẩn cấp, ưu tiên hướng thoát, gửi cảnh báo"
2026-04-01 09:48:58,2820,50,0.0,0.0,2674.06,2779.0,0,0,0,-1149832778#0,2,0.0,0.57,-1149832778#1,0,100.01,0.0,-1149832778#2,0,100.01,0.0,-1149832778#3,0,100.01,0.0,-1175493775#0,0,100.01,0.0,-1175493775#1,0,100.01,0.0,-1175493775#2,0,100.01,0.0,-1215966886,0,50.0,0.0,Tắc nghẽn,1.0,0.0,0.0,2654.06,50.0,0.0,0.0,0,133703.0,Tắc nghẽn,Tắc nghẽn,Tắc nghẽn,Tắc nghẽn,3,0,Tắc nghẽn,"Điều tiết khẩn cấp, ưu tiên hướng thoát, gửi cảnh báo"
2026-04-01 09:48:58,2830,50,0.0,0.0,2684.06,2789.0,0,0,0,-1149832778#0,2,0.0,0.57,-1149832778#1,0,100.01,0.0,-1149832778#2,0,100.01,0.0,-1149832778#3,0,100.01,0.0,-1175493775#0,0,100.01,0.0,-1175493775#1,0,100.01,0.0,-1175493775#2,0,100.01,0.0,-1215966886,0,50.0,0.0,Tắc nghẽn,1.0,0.0,0.0,2664.06,50.0,0.0,0.0,0,134203.0,Tắc nghẽn,Tắc nghẽn,Tắc nghẽn,Tắc nghẽn,3,0,Tắc nghẽn,"Điều tiết khẩn cấp, ưu tiên hướng thoát, gửi cảnh báo"
2026-04-01 09:48:58,2840,50,0.0,0.0,2694.06,2799.0,0,0,0,-1149832778#0,2,0.0,0.57,-1149832778#1,0,100.01,0.0,-1149832778#2,0,100.01,0.0,-1149832778#3,0,100.01,0.0,-1175493775#0,0,100.01,0.0,-1175493775#1,0,100.01,0.0,-1175493775#2,0,100.01,0.0,-1215966886,0,50.0,0.0,Tắc nghẽn,1.0,0.0,0.0,2674.06,50.0,0.0,0.0,0,134703.0,Tắc nghẽn,Tắc nghẽn,Tắc nghẽn,Tắc nghẽn,3,0,Tắc nghẽn,"Điều tiết khẩn cấp, ưu tiên hướng thoát, gửi cảnh báo"
2026-04-01 09:48:58,2850,50,0.0,0.0,2704.06,2809.0,0,0,0,-1149832778#0,2,0.0,0.57,-1149832778#1,0,100.01,0.0,-1149832778#2,0,100.01,0.0,-1149832778#3,0,100.01,0.0,-1175493775#0,0,100.01,0.0,-1175493775#1,0,100.01,0.0,-1175493775#2,0,100.01,0.0,-1215966886,0,50.0,0.0,Tắc nghẽn,1.0,0.0,0.0,2684.06,50.0,0.0,0.0,0,135203.0,Tắc nghẽn,Tắc nghẽn,Tắc nghẽn,Tắc nghẽn,3,0,Tắc nghẽn,"Điều tiết khẩn cấp, ưu tiên hướng thoát, gửi cảnh báo"
2026-04-01 09:48:58,2860,50,0.0,0.0,2714.06,2819.0,0,0,0,-1149832778#0,2,0.0,0.57,-1149832778#1,0,100.01,0.0,-1149832778#2,0,100.01,0.0,-1149832778#3,0,100.01,0.0,-1175493775#0,0,100.01,0.0,-1175493775#1,0,100.01,0.0,-1175493775#2,0,100.01,0.0,-1215966886,0,50.0,0.0,Tắc nghẽn,1.0,0.0,0.0,2694.06,50.0,0.0,0.0,0,135703.0,Tắc nghẽn,Tắc nghẽn,Tắc nghẽn,Tắc nghẽn,3,0,Tắc nghẽn,"Điều tiết khẩn cấp, ưu tiên hướng thoát, gửi cảnh báo"
2026-04-01 09:48:58,2870,50,0.0,0.0,2724.06,2829.0,0,0,0,-1149832778#0,2,0.0,0.57,-1149832778#1,0,100.01,0.0,-1149832778#2,0,100.01,0.0,-1149832778#3,0,100.01,0.0,-1175493775#0,0,100.01,0.0,-1175493775#1,0,100.01,0.0,-1175493775#2,0,100.01,0.0,-1215966886,0,50.0,0.0,Tắc nghẽn,1.0,0.0,0.0,2704.06,50.0,0.0,0.0,0,136203.0,Tắc nghẽn,Tắc nghẽn,Tắc nghẽn,Tắc nghẽn,3,0,Tắc nghẽn,"Điều tiết khẩn cấp, ưu tiên hướng thoát, gửi cảnh báo"
2026-04-01 09:48:58,2880,50,0.0,0.0,2734.06,2839.0,0,0,0,-1149832778#0,2,0.0,0.57,-1149832778#1,0,100.01,0.0,-1149832778#2,0,100.01,0.0,-1149832778#3,0,100.01,0.0,-1175493775#0,0,100.01,0.0,-1175493775#1,0,100.01,0.0,-1175493775#2,0,100.01,0.0,-1215966886,0,50.0,0.0,Tắc nghẽn,1.0,0.0,0.0,2714.06,50.0,0.0,0.0,0,136703.0,Tắc nghẽn,Tắc nghẽn,Tắc nghẽn,Tắc nghẽn,3,0,Tắc nghẽn,"Điều tiết khẩn cấp, ưu tiên hướng thoát, gửi cảnh báo"
2026-04-01 09:48:58,2890,50,0.0,0.0,2744.06,2849.0,0,0,0,-1149832778#0,2,0.0,0.57,-1149832778#1,0,100.01,0.0,-1149832778#2,0,100.01,0.0,-1149832778#3,0,100.01,0.0,-1175493775#0,0,100.01,0.0,-1175493775#1,0,100.01,0.0,-1175493775#2,0,100.01,0.0,-1215966886,0,50.0,0.0,Tắc nghẽn,1.0,0.0,0.0,2724.06,50.0,0.0,0.0,0,137203.0,Tắc nghẽn,Tắc nghẽn,Tắc nghẽn,Tắc nghẽn,3,0,Tắc nghẽn,"Điều tiết khẩn cấp, ưu tiên hướng thoát, gửi cảnh báo"
2026-04-01 09:48:58,2900,50,0.0,0.0,2754.06,2859.0,0,0,0,-1149832778#0,2,0.0,0.57,-1149832778#1,0,100.01,0.0,-1149832778#2,0,100.01,0.0,-1149832778#3,0,100.01,0.0,-1175493775#0,0,100.01,0.0,-1175493775#1,0,100.01,0.0,-1175493775#2,0,100.01,0.0,-1215966886,0,50.0,0.0,Tắc nghẽn,1.0,0.0,0.0,2734.06,50.0,0.0,0.0,0,137703.0,Tắc nghẽn,Tắc nghẽn,Tắc nghẽn,Tắc nghẽn,3,0,Tắc nghẽn,"Điều tiết khẩn cấp, ưu tiên hướng thoát, gửi cảnh báo"
2026-04-01 09:48:58,2910,50,0.0,0.0,2764.06,2869.0,0,0,0,-1149832778#0,2,0.0,0.57,-1149832778#1,0,100.01,0.0,-1149832778#2,0,100.01,0.0,-1149832778#3,0,100.01,0.0,-1175493775#0,0,100.01,0.0,-1175493775#1,0,100.01,0.0,-1175493775#2,0,100.01,0.0,-1215966886,0,50.0,0.0,Tắc nghẽn,1.0,0.0,0.0,2744.06,50.0,0.0,0.0,0,138203.0,Tắc nghẽn,Tắc nghẽn,Tắc nghẽn,Tắc nghẽn,3,0,Tắc nghẽn,"Điều tiết khẩn cấp, ưu tiên hướng thoát, gửi cảnh báo"
2026-04-01 09:48:59,2920,50,0.0,0.0,2774.06,2879.0,0,0,0,-1149832778#0,2,0.0,0.57,-1149832778#1,0,100.01,0.0,-1149832778#2,0,100.01,0.0,-1149832778#3,0,100.01,0.0,-1175493775#0,0,100.01,0.0,-1175493775#1,0,100.01,0.0,-1175493775#2,0,100.01,0.0,-1215966886,0,50.0,0.0,Tắc nghẽn,1.0,0.0,0.0,2754.06,50.0,0.0,0.0,0,138703.0,Tắc nghẽn,Tắc nghẽn,Tắc nghẽn,Tắc nghẽn,3,0,Tắc nghẽn,"Điều tiết khẩn cấp, ưu tiên hướng thoát, gửi cảnh báo"
2026-04-01 09:48:59,2930,50,0.0,0.0,2784.06,2889.0,0,0,0,-1149832778#0,2,0.0,0.57,-1149832778#1,0,100.01,0.0,-1149832778#2,0,100.01,0.0,-1149832778#3,0,100.01,0.0,-1175493775#0,0,100.01,0.0,-1175493775#1,0,100.01,0.0,-1175493775#2,0,100.01,0.0,-1215966886,0,50.0,0.0,Tắc nghẽn,1.0,0.0,0.0,2764.06,50.0,0.0,0.0,0,139203.0,Tắc nghẽn,Tắc nghẽn,Tắc nghẽn,Tắc nghẽn,3,0,Tắc nghẽn,"Điều tiết khẩn cấp, ưu tiên hướng thoát, gửi cảnh báo"
2026-04-01 09:48:59,2940,50,0.0,0.0,2794.06,2899.0,0,0,0,-1149832778#0,2,0.0,0.57,-1149832778#1,0,100.01,0.0,-1149832778#2,0,100.01,0.0,-1149832778#3,0,100.01,0.0,-1175493775#0,0,100.01,0.0,-1175493775#1,0,100.01,0.0,-1175493775#2,0,100.01,0.0,-1215966886,0,50.0,0.0,Tắc nghẽn,1.0,0.0,0.0,2774.06,50.0,0.0,0.0,0,139703.0,Tắc nghẽn,Tắc nghẽn,Tắc nghẽn,Tắc nghẽn,3,0,Tắc nghẽn,"Điều tiết khẩn cấp, ưu tiên hướng thoát, gửi cảnh báo"
2026-04-01 09:48:59,2950,50,0.0,0.0,2804.06,2909.0,0,0,0,-1149832778#0,2,0.0,0.57,-1149832778#1,0,100.01,0.0,-1149832778#2,0,100.01,0.0,-1149832778#3,0,100.01,0.0,-1175493775#0,0,100.01,0.0,-1175493775#1,0,100.01,0.0,-1175493775#2,0,100.01,0.0,-1215966886,0,50.0,0.0,Tắc nghẽn,1.0,0.0,0.0,2784.06,50.0,0.0,0.0,0,140203.0,Tắc nghẽn,Tắc nghẽn,Tắc nghẽn,Tắc nghẽn,3,0,Tắc nghẽn,"Điều tiết khẩn cấp, ưu tiên hướng thoát, gửi cảnh báo"
2026-04-01 09:48:59,2960,50,0.0,0.0,2814.06,2919.0,0,0,0,-1149832778#0,2,0.0,0.57,-1149832778#1,0,100.01,0.0,-1149832778#2,0,100.01,0.0,-1149832778#3,0,100.01,0.0,-1175493775#0,0,100.01,0.0,-1175493775#1,0,100.01,0.0,-1175493775#2,0,100.01,0.0,-1215966886,0,50.0,0.0,Tắc nghẽn,1.0,0.0,0.0,2794.06,50.0,0.0,0.0,0,140703.0,Tắc nghẽn,Tắc nghẽn,Tắc nghẽn,Tắc nghẽn,3,0,Tắc nghẽn,"Điều tiết khẩn cấp, ưu tiên hướng thoát, gửi cảnh báo"
2026-04-01 09:48:59,2970,50,0.0,0.0,2824.06,2929.0,0,0,0,-1149832778#0,2,0.0,0.57,-1149832778#1,0,100.01,0.0,-1149832778#2,0,100.01,0.0,-1149832778#3,0,100.01,0.0,-1175493775#0,0,100.01,0.0,-1175493775#1,0,100.01,0.0,-1175493775#2,0,100.01,0.0,-1215966886,0,50.0,0.0,Tắc nghẽn,1.0,0.0,0.0,2804.06,50.0,0.0,0.0,0,141203.0,Tắc nghẽn,Tắc nghẽn,Tắc nghẽn,Tắc nghẽn,3,0,Tắc nghẽn,"Điều tiết khẩn cấp, ưu tiên hướng thoát, gửi cảnh báo"
2026-04-01 09:48:59,2980,50,0.0,0.0,2834.06,2939.0,0,0,0,-1149832778#0,2,0.0,0.57,-1149832778#1,0,100.01,0.0,-1149832778#2,0,100.01,0.0,-1149832778#3,0,100.01,0.0,-1175493775#0,0,100.01,0.0,-1175493775#1,0,100.01,0.0,-1175493775#2,0,100.01,0.0,-1215966886,0,50.0,0.0,Tắc nghẽn,1.0,0.0,0.0,2814.06,50.0,0.0,0.0,0,141703.0,Tắc nghẽn,Tắc nghẽn,Tắc nghẽn,Tắc nghẽn,3,0,Tắc nghẽn,"Điều tiết khẩn cấp, ưu tiên hướng thoát, gửi cảnh báo"
2026-04-01 09:48:59,2990,50,0.0,0.0,2844.06,2949.0,0,0,0,-1149832778#0,2,0.0,0.57,-1149832778#1,0,100.01,0.0,-1149832778#2,0,100.01,0.0,-1149832778#3,0,100.01,0.0,-1175493775#0,0,100.01,0.0,-1175493775#1,0,100.01,0.0,-1175493775#2,0,100.01,0.0,-1215966886,0,50.0,0.0,Tắc nghẽn,1.0,0.0,0.0,2824.06,50.0,0.0,0.0,0,142203.0,Tắc nghẽn,Tắc nghẽn,Tắc nghẽn,Tắc nghẽn,3,0,Tắc nghẽn,"Điều tiết khẩn cấp, ưu tiên hướng thoát, gửi cảnh báo"
2026-04-01 09:48:59,3000,50,0.0,0.0,2854.06,2959.0,0,0,0,-1149832778#0,2,0.0,0.57,-1149832778#1,0,100.01,0.0,-1149832778#2,0,100.01,0.0,-1149832778#3,0,100.01,0.0,-1175493775#0,0,100.01,0.0,-1175493775#1,0,100.01,0.0,-1175493775#2,0,100.01,0.0,-1215966886,0,50.0,0.0,Tắc nghẽn,1.0,0.0,0.0,2834.06,50.0,0.0,0.0,0,142703.0,Tắc nghẽn,Tắc nghẽn,Tắc nghẽn,Tắc nghẽn,3,0,Tắc nghẽn,"Điều tiết khẩn cấp, ưu tiên hướng thoát, gửi cảnh báo"
2026-04-01 09:48:59,3010,50,0.0,0.0,2864.06,2969.0,0,0,0,-1149832778#0,2,0.0,0.57,-1149832778#1,0,100.01,0.0,-1149832778#2,0,100.01,0.0,-1149832778#3,0,100.01,0.0,-1175493775#0,0,100.01,0.0,-1175493775#1,0,100.01,0.0,-1175493775#2,0,100.01,0.0,-1215966886,0,50.0,0.0,Tắc nghẽn,1.0,0.0,0.0,2844.06,50.0,0.0,0.0,0,143203.0,Tắc nghẽn,Tắc nghẽn,Tắc nghẽn,Tắc nghẽn,3,0,Tắc nghẽn,"Điều tiết khẩn cấp, ưu tiên hướng thoát, gửi cảnh báo"
2026-04-01 09:48:59,3020,50,0.0,0.0,2874.06,2979.0,0,0,0,-1149832778#0,2,0.0,0.57,-1149832778#1,0,100.01,0.0,-1149832778#2,0,100.01,0.0,-1149832778#3,0,100.01,0.0,-1175493775#0,0,100.01,0.0,-1175493775#1,0,100.01,0.0,-1175493775#2,0,100.01,0.0,-1215966886,0,50.0,0.0,Tắc nghẽn,1.0,0.0,0.0,2854.06,50.0,0.0,0.0,0,143703.0,Tắc nghẽn,Tắc nghẽn,Tắc nghẽn,Tắc nghẽn,3,0,Tắc nghẽn,"Điều tiết khẩn cấp, ưu tiên hướng thoát, gửi cảnh báo"
2026-04-01 09:48:59,3030,50,0.0,0.0,2884.06,2989.0,0,0,0,-1149832778#0,2,0.0,0.57,-1149832778#1,0,100.01,0.0,-1149832778#2,0,100.01,0.0,-1149832778#3,0,100.01,0.0,-1175493775#0,0,100.01,0.0,-1175493775#1,0,100.01,0.0,-1175493775#2,0,100.01,0.0,-1215966886,0,50.0,0.0,Tắc nghẽn,1.0,0.0,0.0,2864.06,50.0,0.0,0.0,0,144203.0,Tắc nghẽn,Tắc nghẽn,Tắc nghẽn,Tắc nghẽn,3,0,Tắc nghẽn,"Điều tiết khẩn cấp, ưu tiên hướng thoát, gửi cảnh báo"
2026-04-01 09:48:59,3040,50,0.0,0.0,2894.06,2999.0,0,0,0,-1149832778#0,2,0.0,0.57,-1149832778#1,0,100.01,0.0,-1149832778#2,0,100.01,0.0,-1149832778#3,0,100.01,0.0,-1175493775#0,0,100.01,0.0,-1175493775#1,0,100.01,0.0,-1175493775#2,0,100.01,0.0,-1215966886,0,50.0,0.0,Tắc nghẽn,1.0,0.0,0.0,2874.06,50.0,0.0,0.0,0,144703.0,Tắc nghẽn,Tắc nghẽn,Tắc nghẽn,Tắc nghẽn,3,0,Tắc nghẽn,"Điều tiết khẩn cấp, ưu tiên hướng thoát, gửi cảnh báo"
2026-04-01 09:48:59,3050,50,0.0,0.0,2904.06,3009.0,0,0,0,-1149832778#0,2,0.0,0.57,-1149832778#1,0,100.01,0.0,-1149832778#2,0,100.01,0.0,-1149832778#3,0,100.01,0.0,-1175493775#0,0,100.01,0.0,-1175493775#1,0,100.01,0.0,-1175493775#2,0,100.01,0.0,-1215966886,0,50.0,0.0,Tắc nghẽn,1.0,0.0,0.0,2884.06,50.0,0.0,0.0,0,145203.0,Tắc nghẽn,Tắc nghẽn,Tắc nghẽn,Tắc nghẽn,3,0,Tắc nghẽn,"Điều tiết khẩn cấp, ưu tiên hướng thoát, gửi cảnh báo"
2026-04-01 09:48:59,3060,50,0.0,0.0,2914.06,3019.0,0,0,0,-1149832778#0,2,0.0,0.57,-1149832778#1,0,100.01,0.0,-1149832778#2,0,100.01,0.0,-1149832778#3,0,100.01,0.0,-1175493775#0,0,100.01,0.0,-1175493775#1,0,100.01,0.0,-1175493775#2,0,100.01,0.0,-1215966886,0,50.0,0.0,Tắc nghẽn,1.0,0.0,0.0,2894.06,50.0,0.0,0.0,0,145703.0,Tắc nghẽn,Tắc nghẽn,Tắc nghẽn,Tắc nghẽn,3,0,Tắc nghẽn,"Điều tiết khẩn cấp, ưu tiên hướng thoát, gửi cảnh báo"
2026-04-01 09:48:59,3070,50,0.0,0.0,2924.06,3029.0,0,0,0,-1149832778#0,2,0.0,0.57,-1149832778#1,0,100.01,0.0,-1149832778#2,0,100.01,0.0,-1149832778#3,0,100.01,0.0,-1175493775#0,0,100.01,0.0,-1175493775#1,0,100.01,0.0,-1175493775#2,0,100.01,0.0,-1215966886,0,50.0,0.0,Tắc nghẽn,1.0,0.0,0.0,2904.06,50.0,0.0,0.0,0,146203.0,Tắc nghẽn,Tắc nghẽn,Tắc nghẽn,Tắc nghẽn,3,0,Tắc nghẽn,"Điều tiết khẩn cấp, ưu tiên hướng thoát, gửi cảnh báo"
2026-04-01 09:48:59,3080,50,0.0,0.0,2934.06,3039.0,0,0,0,-1149832778#0,2,0.0,0.57,-1149832778#1,0,100.01,0.0,-1149832778#2,0,100.01,0.0,-1149832778#3,0,100.01,0.0,-1175493775#0,0,100.01,0.0,-1175493775#1,0,100.01,0.0,-1175493775#2,0,100.01,0.0,-1215966886,0,50.0,0.0,Tắc nghẽn,1.0,0.0,0.0,2914.06,50.0,0.0,0.0,0,146703.0,Tắc nghẽn,Tắc nghẽn,Tắc nghẽn,Tắc nghẽn,3,0,Tắc nghẽn,"Điều tiết khẩn cấp, ưu tiên hướng thoát, gửi cảnh báo"
2026-04-01 09:48:59,3090,50,0.0,0.0,2944.06,3049.0,0,0,0,-1149832778#0,2,0.0,0.57,-1149832778#1,0,100.01,0.0,-1149832778#2,0,100.01,0.0,-1149832778#3,0,100.01,0.0,-1175493775#0,0,100.01,0.0,-1175493775#1,0,100.01,0.0,-1175493775#2,0,100.01,0.0,-1215966886,0,50.0,0.0,Tắc nghẽn,1.0,0.0,0.0,2924.06,50.0,0.0,0.0,0,147203.0,Tắc nghẽn,Tắc nghẽn,Tắc nghẽn,Tắc nghẽn,3,0,Tắc nghẽn,"Điều tiết khẩn cấp, ưu tiên hướng thoát, gửi cảnh báo"
2026-04-01 09:48:59,3100,50,0.0,0.0,2954.06,3059.0,0,0,0,-1149832778#0,2,0.0,0.57,-1149832778#1,0,100.01,0.0,-1149832778#2,0,100.01,0.0,-1149832778#3,0,100.01,0.0,-1175493775#0,0,100.01,0.0,-1175493775#1,0,100.01,0.0,-1175493775#2,0,100.01,0.0,-1215966886,0,50.0,0.0,Tắc nghẽn,1.0,0.0,0.0,2934.06,50.0,0.0,0.0,0,147703.0,Tắc nghẽn,Tắc nghẽn,Tắc nghẽn,Tắc nghẽn,3,0,Tắc nghẽn,"Điều tiết khẩn cấp, ưu tiên hướng thoát, gửi cảnh báo"
2026-04-01 09:48:59,3110,50,0.0,0.0,2964.06,3069.0,0,0,0,-1149832778#0,2,0.0,0.57,-1149832778#1,0,100.01,0.0,-1149832778#2,0,100.01,0.0,-1149832778#3,0,100.01,0.0,-1175493775#0,0,100.01,0.0,-1175493775#1,0,100.01,0.0,-1175493775#2,0,100.01,0.0,-1215966886,0,50.0,0.0,Tắc nghẽn,1.0,0.0,0.0,2944.06,50.0,0.0,0.0,0,148203.0,Tắc nghẽn,Tắc nghẽn,Tắc nghẽn,Tắc nghẽn,3,0,Tắc nghẽn,"Điều tiết khẩn cấp, ưu tiên hướng thoát, gửi cảnh báo"
2026-04-01 09:48:59,3120,50,0.0,0.0,2974.06,3079.0,0,0,0,-1149832778#0,2,0.0,0.57,-1149832778#1,0,100.01,0.0,-1149832778#2,0,100.01,0.0,-1149832778#3,0,100.01,0.0,-1175493775#0,0,100.01,0.0,-1175493775#1,0,100.01,0.0,-1175493775#2,0,100.01,0.0,-1215966886,0,50.0,0.0,Tắc nghẽn,1.0,0.0,0.0,2954.06,50.0,0.0,0.0,0,148703.0,Tắc nghẽn,Tắc nghẽn,Tắc nghẽn,Tắc nghẽn,3,0,Tắc nghẽn,"Điều tiết khẩn cấp, ưu tiên hướng thoát, gửi cảnh báo"
2026-04-01 09:48:59,3130,50,0.0,0.0,2984.06,3089.0,0,0,0,-1149832778#0,2,0.0,0.57,-1149832778#1,0,100.01,0.0,-1149832778#2,0,100.01,0.0,-1149832778#3,0,100.01,0.0,-1175493775#0,0,100.01,0.0,-1175493775#1,0,100.01,0.0,-1175493775#2,0,100.01,0.0,-1215966886,0,50.0,0.0,Tắc nghẽn,1.0,0.0,0.0,2964.06,50.0,0.0,0.0,0,149203.0,Tắc nghẽn,Tắc nghẽn,Tắc nghẽn,Tắc nghẽn,3,0,Tắc nghẽn,"Điều tiết khẩn cấp, ưu tiên hướng thoát, gửi cảnh báo"
2026-04-01 09:48:59,3140,50,0.0,0.0,2994.06,3099.0,0,0,0,-1149832778#0,2,0.0,0.57,-1149832778#1,0,100.01,0.0,-1149832778#2,0,100.01,0.0,-1149832778#3,0,100.01,0.0,-1175493775#0,0,100.01,0.0,-1175493775#1,0,100.01,0.0,-1175493775#2,0,100.01,0.0,-1215966886,0,50.0,0.0,Tắc nghẽn,1.0,0.0,0.0,2974.06,50.0,0.0,0.0,0,149703.0,Tắc nghẽn,Tắc nghẽn,Tắc nghẽn,Tắc nghẽn,3,0,Tắc nghẽn,"Điều tiết khẩn cấp, ưu tiên hướng thoát, gửi cảnh báo"
2026-04-01 09:48:59,3150,50,0.0,0.0,3004.06,3109.0,0,0,0,-1149832778#0,2,0.0,0.57,-1149832778#1,0,100.01,0.0,-1149832778#2,0,100.01,0.0,-1149832778#3,0,100.01,0.0,-1175493775#0,0,100.01,0.0,-1175493775#1,0,100.01,0.0,-1175493775#2,0,100.01,0.0,-1215966886,0,50.0,0.0,Tắc nghẽn,1.0,0.0,0.0,2984.06,50.0,0.0,0.0,0,150203.0,Tắc nghẽn,Tắc nghẽn,Tắc nghẽn,Tắc nghẽn,3,0,Tắc nghẽn,"Điều tiết khẩn cấp, ưu tiên hướng thoát, gửi cảnh báo"
2026-04-01 09:48:59,3160,50,0.0,0.0,3014.06,3119.0,0,0,0,-1149832778#0,2,0.0,0.57,-1149832778#1,0,100.01,0.0,-1149832778#2,0,100.01,0.0,-1149832778#3,0,100.01,0.0,-1175493775#0,0,100.01,0.0,-1175493775#1,0,100.01,0.0,-1175493775#2,0,100.01,0.0,-1215966886,0,50.0,0.0,Tắc nghẽn,1.0,0.0,0.0,2994.06,50.0,0.0,0.0,0,150703.0,Tắc nghẽn,Tắc nghẽn,Tắc nghẽn,Tắc nghẽn,3,0,Tắc nghẽn,"Điều tiết khẩn cấp, ưu tiên hướng thoát, gửi cảnh báo"
2026-04-01 09:48:59,3170,50,0.0,0.0,3024.06,3129.0,0,0,0,-1149832778#0,2,0.0,0.57,-1149832778#1,0,100.01,0.0,-1149832778#2,0,100.01,0.0,-1149832778#3,0,100.01,0.0,-1175493775#0,0,100.01,0.0,-1175493775#1,0,100.01,0.0,-1175493775#2,0,100.01,0.0,-1215966886,0,50.0,0.0,Tắc nghẽn,1.0,0.0,0.0,3004.06,50.0,0.0,0.0,0,151203.0,Tắc nghẽn,Tắc nghẽn,Tắc nghẽn,Tắc nghẽn,3,0,Tắc nghẽn,"Điều tiết khẩn cấp, ưu tiên hướng thoát, gửi cảnh báo"
2026-04-01 09:48:59,3180,50,0.0,0.0,3034.06,3139.0,0,0,0,-1149832778#0,2,0.0,0.57,-1149832778#1,0,100.01,0.0,-1149832778#2,0,100.01,0.0,-1149832778#3,0,100.01,0.0,-1175493775#0,0,100.01,0.0,-1175493775#1,0,100.01,0.0,-1175493775#2,0,100.01,0.0,-1215966886,0,50.0,0.0,Tắc nghẽn,1.0,0.0,0.0,3014.06,50.0,0.0,0.0,0,151703.0,Tắc nghẽn,Tắc nghẽn,Tắc nghẽn,Tắc nghẽn,3,0,Tắc nghẽn,"Điều tiết khẩn cấp, ưu tiên hướng thoát, gửi cảnh báo"
2026-04-01 09:49:00,3190,50,0.0,0.0,3044.06,3149.0,0,0,0,-1149832778#0,2,0.0,0.57,-1149832778#1,0,100.01,0.0,-1149832778#2,0,100.01,0.0,-1149832778#3,0,100.01,0.0,-1175493775#0,0,100.01,0.0,-1175493775#1,0,100.01,0.0,-1175493775#2,0,100.01,0.0,-1215966886,0,50.0,0.0,Tắc nghẽn,1.0,0.0,0.0,3024.06,50.0,0.0,0.0,0,152203.0,Tắc nghẽn,Tắc nghẽn,Tắc nghẽn,Tắc nghẽn,3,0,Tắc nghẽn,"Điều tiết khẩn cấp, ưu tiên hướng thoát, gửi cảnh báo"
2026-04-01 09:49:00,3200,50,0.0,0.0,3054.06,3159.0,0,0,0,-1149832778#0,2,0.0,0.57,-1149832778#1,0,100.01,0.0,-1149832778#2,0,100.01,0.0,-1149832778#3,0,100.01,0.0,-1175493775#0,0,100.01,0.0,-1175493775#1,0,100.01,0.0,-1175493775#2,0,100.01,0.0,-1215966886,0,50.0,0.0,Tắc nghẽn,1.0,0.0,0.0,3034.06,50.0,0.0,0.0,0,152703.0,Tắc nghẽn,Tắc nghẽn,Tắc nghẽn,Tắc nghẽn,3,0,Tắc nghẽn,"Điều tiết khẩn cấp, ưu tiên hướng thoát, gửi cảnh báo"
2026-04-01 09:49:00,3210,50,0.0,0.0,3064.06,3169.0,0,0,0,-1149832778#0,2,0.0,0.57,-1149832778#1,0,100.01,0.0,-1149832778#2,0,100.01,0.0,-1149832778#3,0,100.01,0.0,-1175493775#0,0,100.01,0.0,-1175493775#1,0,100.01,0.0,-1175493775#2,0,100.01,0.0,-1215966886,0,50.0,0.0,Tắc nghẽn,1.0,0.0,0.0,3044.06,50.0,0.0,0.0,0,153203.0,Tắc nghẽn,Tắc nghẽn,Tắc nghẽn,Tắc nghẽn,3,0,Tắc nghẽn,"Điều tiết khẩn cấp, ưu tiên hướng thoát, gửi cảnh báo"
2026-04-01 09:49:00,3220,50,0.0,0.0,3074.06,3179.0,0,0,0,-1149832778#0,2,0.0,0.57,-1149832778#1,0,100.01,0.0,-1149832778#2,0,100.01,0.0,-1149832778#3,0,100.01,0.0,-1175493775#0,0,100.01,0.0,-1175493775#1,0,100.01,0.0,-1175493775#2,0,100.01,0.0,-1215966886,0,50.0,0.0,Tắc nghẽn,1.0,0.0,0.0,3054.06,50.0,0.0,0.0,0,153703.0,Tắc nghẽn,Tắc nghẽn,Tắc nghẽn,Tắc nghẽn,3,0,Tắc nghẽn,"Điều tiết khẩn cấp, ưu tiên hướng thoát, gửi cảnh báo"
2026-04-01 09:49:00,3230,50,0.0,0.0,3084.06,3189.0,0,0,0,-1149832778#0,2,0.0,0.57,-1149832778#1,0,100.01,0.0,-1149832778#2,0,100.01,0.0,-1149832778#3,0,100.01,0.0,-1175493775#0,0,100.01,0.0,-1175493775#1,0,100.01,0.0,-1175493775#2,0,100.01,0.0,-1215966886,0,50.0,0.0,Tắc nghẽn,1.0,0.0,0.0,3064.06,50.0,0.0,0.0,0,154203.0,Tắc nghẽn,Tắc nghẽn,Tắc nghẽn,Tắc nghẽn,3,0,Tắc nghẽn,"Điều tiết khẩn cấp, ưu tiên hướng thoát, gửi cảnh báo"
2026-04-01 09:49:00,3240,50,0.0,0.0,3094.06,3199.0,0,0,0,-1149832778#0,2,0.0,0.57,-1149832778#1,0,100.01,0.0,-1149832778#2,0,100.01,0.0,-1149832778#3,0,100.01,0.0,-1175493775#0,0,100.01,0.0,-1175493775#1,0,100.01,0.0,-1175493775#2,0,100.01,0.0,-1215966886,0,50.0,0.0,Tắc nghẽn,1.0,0.0,0.0,3074.06,50.0,0.0,0.0,0,154703.0,Tắc nghẽn,Tắc nghẽn,Tắc nghẽn,Tắc nghẽn,3,0,Tắc nghẽn,"Điều tiết khẩn cấp, ưu tiên hướng thoát, gửi cảnh báo"
2026-04-01 09:49:00,3250,50,0.0,0.0,3104.06,3209.0,0,0,0,-1149832778#0,2,0.0,0.57,-1149832778#1,0,100.01,0.0,-1149832778#2,0,100.01,0.0,-1149832778#3,0,100.01,0.0,-1175493775#0,0,100.01,0.0,-1175493775#1,0,100.01,0.0,-1175493775#2,0,100.01,0.0,-1215966886,0,50.0,0.0,Tắc nghẽn,1.0,0.0,0.0,3084.06,50.0,0.0,0.0,0,155203.0,Tắc nghẽn,Tắc nghẽn,Tắc nghẽn,Tắc nghẽn,3,0,Tắc nghẽn,"Điều tiết khẩn cấp, ưu tiên hướng thoát, gửi cảnh báo"
2026-04-01 09:49:00,3260,50,0.0,0.0,3114.06,3219.0,0,0,0,-1149832778#0,2,0.0,0.57,-1149832778#1,0,100.01,0.0,-1149832778#2,0,100.01,0.0,-1149832778#3,0,100.01,0.0,-1175493775#0,0,100.01,0.0,-1175493775#1,0,100.01,0.0,-1175493775#2,0,100.01,0.0,-1215966886,0,50.0,0.0,Tắc nghẽn,1.0,0.0,0.0,3094.06,50.0,0.0,0.0,0,155703.0,Tắc nghẽn,Tắc nghẽn,Tắc nghẽn,Tắc nghẽn,3,0,Tắc nghẽn,"Điều tiết khẩn cấp, ưu tiên hướng thoát, gửi cảnh báo"
2026-04-01 09:49:00,3270,50,0.0,0.0,3124.06,3229.0,0,0,0,-1149832778#0,2,0.0,0.57,-1149832778#1,0,100.01,0.0,-1149832778#2,0,100.01,0.0,-1149832778#3,0,100.01,0.0,-1175493775#0,0,100.01,0.0,-1175493775#1,0,100.01,0.0,-1175493775#2,0,100.01,0.0,-1215966886,0,50.0,0.0,Tắc nghẽn,1.0,0.0,0.0,3104.06,50.0,0.0,0.0,0,156203.0,Tắc nghẽn,Tắc nghẽn,Tắc nghẽn,Tắc nghẽn,3,0,Tắc nghẽn,"Điều tiết khẩn cấp, ưu tiên hướng thoát, gửi cảnh báo"
2026-04-01 09:49:00,3280,50,0.0,0.0,3134.06,3239.0,0,0,0,-1149832778#0,2,0.0,0.57,-1149832778#1,0,100.01,0.0,-1149832778#2,0,100.01,0.0,-1149832778#3,0,100.01,0.0,-1175493775#0,0,100.01,0.0,-1175493775#1,0,100.01,0.0,-1175493775#2,0,100.01,0.0,-1215966886,0,50.0,0.0,Tắc nghẽn,1.0,0.0,0.0,3114.06,50.0,0.0,0.0,0,156703.0,Tắc nghẽn,Tắc nghẽn,Tắc nghẽn,Tắc nghẽn,3,0,Tắc nghẽn,"Điều tiết khẩn cấp, ưu tiên hướng thoát, gửi cảnh báo"
2026-04-01 09:49:00,3290,50,0.0,0.0,3144.06,3249.0,0,0,0,-1149832778#0,2,0.0,0.57,-1149832778#1,0,100.01,0.0,-1149832778#2,0,100.01,0.0,-1149832778#3,0,100.01,0.0,-1175493775#0,0,100.01,0.0,-1175493775#1,0,100.01,0.0,-1175493775#2,0,100.01,0.0,-1215966886,0,50.0,0.0,Tắc nghẽn,1.0,0.0,0.0,3124.06,50.0,0.0,0.0,0,157203.0,Tắc nghẽn,Tắc nghẽn,Tắc nghẽn,Tắc nghẽn,3,0,Tắc nghẽn,"Điều tiết khẩn cấp, ưu tiên hướng thoát, gửi cảnh báo"
2026-04-01 09:49:00,3300,50,0.0,0.0,3154.06,3259.0,0,0,0,-1149832778#0,2,0.0,0.57,-1149832778#1,0,100.01,0.0,-1149832778#2,0,100.01,0.0,-1149832778#3,0,100.01,0.0,-1175493775#0,0,100.01,0.0,-1175493775#1,0,100.01,0.0,-1175493775#2,0,100.01,0.0,-1215966886,0,50.0,0.0,Tắc nghẽn,1.0,0.0,0.0,3134.06,50.0,0.0,0.0,0,157703.0,Tắc nghẽn,Tắc nghẽn,Tắc nghẽn,Tắc nghẽn,3,0,Tắc nghẽn,"Điều tiết khẩn cấp, ưu tiên hướng thoát, gửi cảnh báo"
2026-04-01 09:49:00,3310,50,0.0,0.0,3164.06,3269.0,0,0,0,-1149832778#0,2,0.0,0.57,-1149832778#1,0,100.01,0.0,-1149832778#2,0,100.01,0.0,-1149832778#3,0,100.01,0.0,-1175493775#0,0,100.01,0.0,-1175493775#1,0,100.01,0.0,-1175493775#2,0,100.01,0.0,-1215966886,0,50.0,0.0,Tắc nghẽn,1.0,0.0,0.0,3144.06,50.0,0.0,0.0,0,158203.0,Tắc nghẽn,Tắc nghẽn,Tắc nghẽn,Tắc nghẽn,3,0,Tắc nghẽn,"Điều tiết khẩn cấp, ưu tiên hướng thoát, gửi cảnh báo"
2026-04-01 09:49:00,3320,50,0.0,0.0,3174.06,3279.0,0,0,0,-1149832778#0,2,0.0,0.57,-1149832778#1,0,100.01,0.0,-1149832778#2,0,100.01,0.0,-1149832778#3,0,100.01,0.0,-1175493775#0,0,100.01,0.0,-1175493775#1,0,100.01,0.0,-1175493775#2,0,100.01,0.0,-1215966886,0,50.0,0.0,Tắc nghẽn,1.0,0.0,0.0,3154.06,50.0,0.0,0.0,0,158703.0,Tắc nghẽn,Tắc nghẽn,Tắc nghẽn,Tắc nghẽn,3,0,Tắc nghẽn,"Điều tiết khẩn cấp, ưu tiên hướng thoát, gửi cảnh báo"
2026-04-01 09:49:00,3330,50,0.0,0.0,3184.06,3289.0,0,0,0,-1149832778#0,2,0.0,0.57,-1149832778#1,0,100.01,0.0,-1149832778#2,0,100.01,0.0,-1149832778#3,0,100.01,0.0,-1175493775#0,0,100.01,0.0,-1175493775#1,0,100.01,0.0,-1175493775#2,0,100.01,0.0,-1215966886,0,50.0,0.0,Tắc nghẽn,1.0,0.0,0.0,3164.06,50.0,0.0,0.0,0,159203.0,Tắc nghẽn,Tắc nghẽn,Tắc nghẽn,Tắc nghẽn,3,0,Tắc nghẽn,"Điều tiết khẩn cấp, ưu tiên hướng thoát, gửi cảnh báo"
2026-04-01 09:49:00,3340,50,0.0,0.0,3194.06,3299.0,0,0,0,-1149832778#0,2,0.0,0.57,-1149832778#1,0,100.01,0.0,-1149832778#2,0,100.01,0.0,-1149832778#3,0,100.01,0.0,-1175493775#0,0,100.01,0.0,-1175493775#1,0,100.01,0.0,-1175493775#2,0,100.01,0.0,-1215966886,0,50.0,0.0,Tắc nghẽn,1.0,0.0,0.0,3174.06,50.0,0.0,0.0,0,159703.0,Tắc nghẽn,Tắc nghẽn,Tắc nghẽn,Tắc nghẽn,3,0,Tắc nghẽn,"Điều tiết khẩn cấp, ưu tiên hướng thoát, gửi cảnh báo"
2026-04-01 09:49:00,3350,50,0.0,0.0,3204.06,3309.0,0,0,0,-1149832778#0,2,0.0,0.57,-1149832778#1,0,100.01,0.0,-1149832778#2,0,100.01,0.0,-1149832778#3,0,100.01,0.0,-1175493775#0,0,100.01,0.0,-1175493775#1,0,100.01,0.0,-1175493775#2,0,100.01,0.0,-1215966886,0,50.0,0.0,Tắc nghẽn,1.0,0.0,0.0,3184.06,50.0,0.0,0.0,0,160203.0,Tắc nghẽn,Tắc nghẽn,Tắc nghẽn,Tắc nghẽn,3,0,Tắc nghẽn,"Điều tiết khẩn cấp, ưu tiên hướng thoát, gửi cảnh báo"
2026-04-01 09:49:00,3360,50,0.0,0.0,3214.06,3319.0,0,0,0,-1149832778#0,2,0.0,0.57,-1149832778#1,0,100.01,0.0,-1149832778#2,0,100.01,0.0,-1149832778#3,0,100.01,0.0,-1175493775#0,0,100.01,0.0,-1175493775#1,0,100.01,0.0,-1175493775#2,0,100.01,0.0,-1215966886,0,50.0,0.0,Tắc nghẽn,1.0,0.0,0.0,3194.06,50.0,0.0,0.0,0,160703.0,Tắc nghẽn,Tắc nghẽn,Tắc nghẽn,Tắc nghẽn,3,0,Tắc nghẽn,"Điều tiết khẩn cấp, ưu tiên hướng thoát, gửi cảnh báo"
2026-04-01 09:49:00,3370,50,0.0,0.0,3224.06,3329.0,0,0,0,-1149832778#0,2,0.0,0.57,-1149832778#1,0,100.01,0.0,-1149832778#2,0,100.01,0.0,-1149832778#3,0,100.01,0.0,-1175493775#0,0,100.01,0.0,-1175493775#1,0,100.01,0.0,-1175493775#2,0,100.01,0.0,-1215966886,0,50.0,0.0,Tắc nghẽn,1.0,0.0,0.0,3204.06,50.0,0.0,0.0,0,161203.0,Tắc nghẽn,Tắc nghẽn,Tắc nghẽn,Tắc nghẽn,3,0,Tắc nghẽn,"Điều tiết khẩn cấp, ưu tiên hướng thoát, gửi cảnh báo"
2026-04-01 09:49:00,3380,50,0.0,0.0,3234.06,3339.0,0,0,0,-1149832778#0,2,0.0,0.57,-1149832778#1,0,100.01,0.0,-1149832778#2,0,100.01,0.0,-1149832778#3,0,100.01,0.0,-1175493775#0,0,100.01,0.0,-1175493775#1,0,100.01,0.0,-1175493775#2,0,100.01,0.0,-1215966886,0,50.0,0.0,Tắc nghẽn,1.0,0.0,0.0,3214.06,50.0,0.0,0.0,0,161703.0,Tắc nghẽn,Tắc nghẽn,Tắc nghẽn,Tắc nghẽn,3,0,Tắc nghẽn,"Điều tiết khẩn cấp, ưu tiên hướng thoát, gửi cảnh báo"
2026-04-01 09:49:00,3390,50,0.0,0.0,3244.06,3349.0,0,0,0,-1149832778#0,2,0.0,0.57,-1149832778#1,0,100.01,0.0,-1149832778#2,0,100.01,0.0,-1149832778#3,0,100.01,0.0,-1175493775#0,0,100.01,0.0,-1175493775#1,0,100.01,0.0,-1175493775#2,0,100.01,0.0,-1215966886,0,50.0,0.0,Tắc nghẽn,1.0,0.0,0.0,3224.06,50.0,0.0,0.0,0,162203.0,Tắc nghẽn,Tắc nghẽn,Tắc nghẽn,Tắc nghẽn,3,0,Tắc nghẽn,"Điều tiết khẩn cấp, ưu tiên hướng thoát, gửi cảnh báo"
2026-04-01 09:49:00,3400,50,0.0,0.0,3254.06,3359.0,0,0,0,-1149832778#0,2,0.0,0.57,-1149832778#1,0,100.01,0.0,-1149832778#2,0,100.01,0.0,-1149832778#3,0,100.01,0.0,-1175493775#0,0,100.01,0.0,-1175493775#1,0,100.01,0.0,-1175493775#2,0,100.01,0.0,-1215966886,0,50.0,0.0,Tắc nghẽn,1.0,0.0,0.0,3234.06,50.0,0.0,0.0,0,162703.0,Tắc nghẽn,Tắc nghẽn,Tắc nghẽn,Tắc nghẽn,3,0,Tắc nghẽn,"Điều tiết khẩn cấp, ưu tiên hướng thoát, gửi cảnh báo"
2026-04-01 09:49:00,3410,50,0.0,0.0,3264.06,3369.0,0,0,0,-1149832778#0,2,0.0,0.57,-1149832778#1,0,100.01,0.0,-1149832778#2,0,100.01,0.0,-1149832778#3,0,100.01,0.0,-1175493775#0,0,100.01,0.0,-1175493775#1,0,100.01,0.0,-1175493775#2,0,100.01,0.0,-1215966886,0,50.0,0.0,Tắc nghẽn,1.0,0.0,0.0,3244.06,50.0,0.0,0.0,0,163203.0,Tắc nghẽn,Tắc nghẽn,Tắc nghẽn,Tắc nghẽn,3,0,Tắc nghẽn,"Điều tiết khẩn cấp, ưu tiên hướng thoát, gửi cảnh báo"
2026-04-01 09:49:00,3420,50,0.0,0.0,3274.06,3379.0,0,0,0,-1149832778#0,2,0.0,0.57,-1149832778#1,0,100.01,0.0,-1149832778#2,0,100.01,0.0,-1149832778#3,0,100.01,0.0,-1175493775#0,0,100.01,0.0,-1175493775#1,0,100.01,0.0,-1175493775#2,0,100.01,0.0,-1215966886,0,50.0,0.0,Tắc nghẽn,1.0,0.0,0.0,3254.06,50.0,0.0,0.0,0,163703.0,Tắc nghẽn,Tắc nghẽn,Tắc nghẽn,Tắc nghẽn,3,0,Tắc nghẽn,"Điều tiết khẩn cấp, ưu tiên hướng thoát, gửi cảnh báo"
2026-04-01 09:49:00,3430,50,0.0,0.0,3284.06,3389.0,0,0,0,-1149832778#0,2,0.0,0.57,-1149832778#1,0,100.01,0.0,-1149832778#2,0,100.01,0.0,-1149832778#3,0,100.01,0.0,-1175493775#0,0,100.01,0.0,-1175493775#1,0,100.01,0.0,-1175493775#2,0,100.01,0.0,-1215966886,0,50.0,0.0,Tắc nghẽn,1.0,0.0,0.0,3264.06,50.0,0.0,0.0,0,164203.0,Tắc nghẽn,Tắc nghẽn,Tắc nghẽn,Tắc nghẽn,3,0,Tắc nghẽn,"Điều tiết khẩn cấp, ưu tiên hướng thoát, gửi cảnh báo"
2026-04-01 09:49:00,3440,50,0.0,0.0,3294.06,3399.0,0,0,0,-1149832778#0,2,0.0,0.57,-1149832778#1,0,100.01,0.0,-1149832778#2,0,100.01,0.0,-1149832778#3,0,100.01,0.0,-1175493775#0,0,100.01,0.0,-1175493775#1,0,100.01,0.0,-1175493775#2,0,100.01,0.0,-1215966886,0,50.0,0.0,Tắc nghẽn,1.0,0.0,0.0,3274.06,50.0,0.0,0.0,0,164703.0,Tắc nghẽn,Tắc nghẽn,Tắc nghẽn,Tắc nghẽn,3,0,Tắc nghẽn,"Điều tiết khẩn cấp, ưu tiên hướng thoát, gửi cảnh báo"
2026-04-01 09:49:00,3450,50,0.0,0.0,3304.06,3409.0,0,0,0,-1149832778#0,2,0.0,0.57,-1149832778#1,0,100.01,0.0,-1149832778#2,0,100.01,0.0,-1149832778#3,0,100.01,0.0,-1175493775#0,0,100.01,0.0,-1175493775#1,0,100.01,0.0,-1175493775#2,0,100.01,0.0,-1215966886,0,50.0,0.0,Tắc nghẽn,1.0,0.0,0.0,3284.06,50.0,0.0,0.0,0,165203.0,Tắc nghẽn,Tắc nghẽn,Tắc nghẽn,Tắc nghẽn,3,0,Tắc nghẽn,"Điều tiết khẩn cấp, ưu tiên hướng thoát, gửi cảnh báo"
2026-04-01 09:49:00,3460,50,0.0,0.0,3314.06,3419.0,0,0,0,-1149832778#0,2,0.0,0.57,-1149832778#1,0,100.01,0.0,-1149832778#2,0,100.01,0.0,-1149832778#3,0,100.01,0.0,-1175493775#0,0,100.01,0.0,-1175493775#1,0,100.01,0.0,-1175493775#2,0,100.01,0.0,-1215966886,0,50.0,0.0,Tắc nghẽn,1.0,0.0,0.0,3294.06,50.0,0.0,0.0,0,165703.0,Tắc nghẽn,Tắc nghẽn,Tắc nghẽn,Tắc nghẽn,3,0,Tắc nghẽn,"Điều tiết khẩn cấp, ưu tiên hướng thoát, gửi cảnh báo"
2026-04-01 09:49:01,3470,50,0.0,0.0,3324.06,3429.0,0,0,0,-1149832778#0,2,0.0,0.57,-1149832778#1,0,100.01,0.0,-1149832778#2,0,100.01,0.0,-1149832778#3,0,100.01,0.0,-1175493775#0,0,100.01,0.0,-1175493775#1,0,100.01,0.0,-1175493775#2,0,100.01,0.0,-1215966886,0,50.0,0.0,Tắc nghẽn,1.0,0.0,0.0,3304.06,50.0,0.0,0.0,0,166203.0,Tắc nghẽn,Tắc nghẽn,Tắc nghẽn,Tắc nghẽn,3,0,Tắc nghẽn,"Điều tiết khẩn cấp, ưu tiên hướng thoát, gửi cảnh báo"
2026-04-01 09:49:01,3480,50,0.0,0.0,3334.06,3439.0,0,0,0,-1149832778#0,2,0.0,0.57,-1149832778#1,0,100.01,0.0,-1149832778#2,0,100.01,0.0,-1149832778#3,0,100.01,0.0,-1175493775#0,0,100.01,0.0,-1175493775#1,0,100.01,0.0,-1175493775#2,0,100.01,0.0,-1215966886,0,50.0,0.0,Tắc nghẽn,1.0,0.0,0.0,3314.06,50.0,0.0,0.0,0,166703.0,Tắc nghẽn,Tắc nghẽn,Tắc nghẽn,Tắc nghẽn,3,0,Tắc nghẽn,"Điều tiết khẩn cấp, ưu tiên hướng thoát, gửi cảnh báo"
2026-04-01 09:49:01,3490,50,0.0,0.0,3344.06,3449.0,0,0,0,-1149832778#0,2,0.0,0.57,-1149832778#1,0,100.01,0.0,-1149832778#2,0,100.01,0.0,-1149832778#3,0,100.01,0.0,-1175493775#0,0,100.01,0.0,-1175493775#1,0,100.01,0.0,-1175493775#2,0,100.01,0.0,-1215966886,0,50.0,0.0,Tắc nghẽn,1.0,0.0,0.0,3324.06,50.0,0.0,0.0,0,167203.0,Tắc nghẽn,Tắc nghẽn,Tắc nghẽn,Tắc nghẽn,3,0,Tắc nghẽn,"Điều tiết khẩn cấp, ưu tiên hướng thoát, gửi cảnh báo"
2026-04-01 09:49:01,3500,50,0.0,0.0,3354.06,3459.0,0,0,0,-1149832778#0,2,0.0,0.57,-1149832778#1,0,100.01,0.0,-1149832778#2,0,100.01,0.0,-1149832778#3,0,100.01,0.0,-1175493775#0,0,100.01,0.0,-1175493775#1,0,100.01,0.0,-1175493775#2,0,100.01,0.0,-1215966886,0,50.0,0.0,Tắc nghẽn,1.0,0.0,0.0,3334.06,50.0,0.0,0.0,0,167703.0,Tắc nghẽn,Tắc nghẽn,Tắc nghẽn,Tắc nghẽn,3,0,Tắc nghẽn,"Điều tiết khẩn cấp, ưu tiên hướng thoát, gửi cảnh báo"
2026-04-01 09:49:01,3510,50,0.0,0.0,3364.06,3469.0,0,0,0,-1149832778#0,2,0.0,0.57,-1149832778#1,0,100.01,0.0,-1149832778#2,0,100.01,0.0,-1149832778#3,0,100.01,0.0,-1175493775#0,0,100.01,0.0,-1175493775#1,0,100.01,0.0,-1175493775#2,0,100.01,0.0,-1215966886,0,50.0,0.0,Tắc nghẽn,1.0,0.0,0.0,3344.06,50.0,0.0,0.0,0,168203.0,Tắc nghẽn,Tắc nghẽn,Tắc nghẽn,Tắc nghẽn,3,0,Tắc nghẽn,"Điều tiết khẩn cấp, ưu tiên hướng thoát, gửi cảnh báo"
2026-04-01 09:49:01,3520,50,0.0,0.0,3374.06,3479.0,0,0,0,-1149832778#0,2,0.0,0.57,-1149832778#1,0,100.01,0.0,-1149832778#2,0,100.01,0.0,-1149832778#3,0,100.01,0.0,-1175493775#0,0,100.01,0.0,-1175493775#1,0,100.01,0.0,-1175493775#2,0,100.01,0.0,-1215966886,0,50.0,0.0,Tắc nghẽn,1.0,0.0,0.0,3354.06,50.0,0.0,0.0,0,168703.0,Tắc nghẽn,Tắc nghẽn,Tắc nghẽn,Tắc nghẽn,3,0,Tắc nghẽn,"Điều tiết khẩn cấp, ưu tiên hướng thoát, gửi cảnh báo"
2026-04-01 09:49:01,3530,50,0.0,0.0,3384.06,3489.0,0,0,0,-1149832778#0,2,0.0,0.57,-1149832778#1,0,100.01,0.0,-1149832778#2,0,100.01,0.0,-1149832778#3,0,100.01,0.0,-1175493775#0,0,100.01,0.0,-1175493775#1,0,100.01,0.0,-1175493775#2,0,100.01,0.0,-1215966886,0,50.0,0.0,Tắc nghẽn,1.0,0.0,0.0,3364.06,50.0,0.0,0.0,0,169203.0,Tắc nghẽn,Tắc nghẽn,Tắc nghẽn,Tắc nghẽn,3,0,Tắc nghẽn,"Điều tiết khẩn cấp, ưu tiên hướng thoát, gửi cảnh báo"
2026-04-01 09:49:01,3540,50,0.0,0.0,3394.06,3499.0,0,0,0,-1149832778#0,2,0.0,0.57,-1149832778#1,0,100.01,0.0,-1149832778#2,0,100.01,0.0,-1149832778#3,0,100.01,0.0,-1175493775#0,0,100.01,0.0,-1175493775#1,0,100.01,0.0,-1175493775#2,0,100.01,0.0,-1215966886,0,50.0,0.0,Tắc nghẽn,1.0,0.0,0.0,3374.06,50.0,0.0,0.0,0,169703.0,Tắc nghẽn,Tắc nghẽn,Tắc nghẽn,Tắc nghẽn,3,0,Tắc nghẽn,"Điều tiết khẩn cấp, ưu tiên hướng thoát, gửi cảnh báo"
2026-04-01 09:49:01,3550,50,0.0,0.0,3404.06,3509.0,0,0,0,-1149832778#0,2,0.0,0.57,-1149832778#1,0,100.01,0.0,-1149832778#2,0,100.01,0.0,-1149832778#3,0,100.01,0.0,-1175493775#0,0,100.01,0.0,-1175493775#1,0,100.01,0.0,-1175493775#2,0,100.01,0.0,-1215966886,0,50.0,0.0,Tắc nghẽn,1.0,0.0,0.0,3384.06,50.0,0.0,0.0,0,170203.0,Tắc nghẽn,Tắc nghẽn,Tắc nghẽn,Tắc nghẽn,3,0,Tắc nghẽn,"Điều tiết khẩn cấp, ưu tiên hướng thoát, gửi cảnh báo"
2026-04-01 09:49:01,3560,50,0.0,0.0,3414.06,3519.0,0,0,0,-1149832778#0,2,0.0,0.57,-1149832778#1,0,100.01,0.0,-1149832778#2,0,100.01,0.0,-1149832778#3,0,100.01,0.0,-1175493775#0,0,100.01,0.0,-1175493775#1,0,100.01,0.0,-1175493775#2,0,100.01,0.0,-1215966886,0,50.0,0.0,Tắc nghẽn,1.0,0.0,0.0,3394.06,50.0,0.0,0.0,0,170703.0,Tắc nghẽn,Tắc nghẽn,Tắc nghẽn,Tắc nghẽn,3,0,Tắc nghẽn,"Điều tiết khẩn cấp, ưu tiên hướng thoát, gửi cảnh báo"
2026-04-01 09:49:01,3570,50,0.0,0.0,3424.06,3529.0,0,0,0,-1149832778#0,2,0.0,0.57,-1149832778#1,0,100.01,0.0,-1149832778#2,0,100.01,0.0,-1149832778#3,0,100.01,0.0,-1175493775#0,0,100.01,0.0,-1175493775#1,0,100.01,0.0,-1175493775#2,0,100.01,0.0,-1215966886,0,50.0,0.0,Tắc nghẽn,1.0,0.0,0.0,3404.06,50.0,0.0,0.0,0,171203.0,Tắc nghẽn,Tắc nghẽn,Tắc nghẽn,Tắc nghẽn,3,0,Tắc nghẽn,"Điều tiết khẩn cấp, ưu tiên hướng thoát, gửi cảnh báo"
2026-04-01 09:49:01,3580,50,0.0,0.0,3434.06,3539.0,0,0,0,-1149832778#0,2,0.0,0.57,-1149832778#1,0,100.01,0.0,-1149832778#2,0,100.01,0.0,-1149832778#3,0,100.01,0.0,-1175493775#0,0,100.01,0.0,-1175493775#1,0,100.01,0.0,-1175493775#2,0,100.01,0.0,-1215966886,0,50.0,0.0,Tắc nghẽn,1.0,0.0,0.0,3414.06,50.0,0.0,0.0,0,171703.0,Tắc nghẽn,Tắc nghẽn,Tắc nghẽn,Tắc nghẽn,3,0,Tắc nghẽn,"Điều tiết khẩn cấp, ưu tiên hướng thoát, gửi cảnh báo"
2026-04-01 09:49:01,3590,50,0.0,0.0,3444.06,3549.0,0,0,0,-1149832778#0,2,0.0,0.57,-1149832778#1,0,100.01,0.0,-1149832778#2,0,100.01,0.0,-1149832778#3,0,100.01,0.0,-1175493775#0,0,100.01,0.0,-1175493775#1,0,100.01,0.0,-1175493775#2,0,100.01,0.0,-1215966886,0,50.0,0.0,Tắc nghẽn,1.0,0.0,0.0,3424.06,50.0,0.0,0.0,0,172203.0,Tắc nghẽn,Tắc nghẽn,Tắc nghẽn,Tắc nghẽn,3,0,Tắc nghẽn,"Điều tiết khẩn cấp, ưu tiên hướng thoát, gửi cảnh báo"
