timestamp,sim_time_s,total_vehicles,avg_speed_ms,avg_speed_kmh,avg_wait_s,max_wait_s,throughput,departed,teleported,e1_id,e1_count,e1_spd_kmh,e1_occ,e2_id,e2_count,e2_spd_kmh,e2_occ,e3_id,e3_count,e3_spd_kmh,e3_occ,e4_id,e4_count,e4_spd_kmh,e4_occ,e5_id,e5_count,e5_spd_kmh,e5_occ,e6_id,e6_count,e6_spd_kmh,e6_occ,e7_id,e7_count,e7_spd_kmh,e7_occ,e8_id,e8_count,e8_spd_kmh,e8_occ,traffic_state,congestion_index
2026-04-01 09:49:38,10,0,0.0,0.0,0.0,0.0,0,0,0,-1149832778#0,0,100.01,0.0,-1149832778#1,0,100.01,0.0,-1149832778#2,0,100.01,0.0,-1149832778#3,0,100.01,0.0,-1175493775#0,0,100.01,0.0,-1175493775#1,0,100.01,0.0,-1175493775#2,0,100.01,0.0,-1215966886,0,50.0,0.0,Tắc nghẽn,0.6
2026-04-01 09:49:40,20,19,9.396,33.82,0.11,2.0,0,0,0,-1149832778#0,0,100.01,0.0,-1149832778#1,0,100.01,0.0,-1149832778#2,0,100.01,0.0,-1149832778#3,0,100.01,0.0,-1175493775#0,0,100.01,0.0,-1175493775#1,0,100.01,0.0,-1175493775#2,0,100.01,0.0,-1215966886,0,50.0,0.0,Bình thường,0.195
2026-04-01 09:49:41,30,37,8.359,30.09,0.89,12.0,0,0,0,-1149832778#0,0,100.01,0.0,-1149832778#1,0,100.01,0.0,-1149832778#2,0,100.01,0.0,-1149832778#3,0,100.01,0.0,-1175493775#0,0,100.01,0.0,-1175493775#1,0,100.01,0.0,-1175493775#2,0,100.01,0.0,-1215966886,0,50.0,0.0,Bình thường,0.242
2026-04-01 09:49:42,40,49,8.066,29.04,0.94,14.0,0,0,0,-1149832778#0,0,100.01,0.0,-1149832778#1,0,100.01,0.0,-1149832778#2,0,100.01,0.0,-1149832778#3,0,100.01,0.0,-1175493775#0,0,100.01,0.0,-1175493775#1,0,100.01,0.0,-1175493775#2,0,100.01,0.0,-1215966886,0,50.0,0.0,Bình thường,0.255
2026-04-01 09:49:43,50,49,6.848,24.65,1.71,11.0,0,0,0,-1149832778#0,0,100.01,0.0,-1149832778#1,0,100.01,0.0,-1149832778#2,0,100.01,0.0,-1149832778#3,0,100.01,0.0,-1175493775#0,0,100.01,0.0,-1175493775#1,0,100.01,0.0,-1175493775#2,0,100.01,0.0,-1215966886,0,50.0,0.0,Bình thường,0.31
2026-04-01 09:49:44,60,49,6.992,25.17,3.39,21.0,0,4,0,-1149832778#0,0,100.01,0.0,-1149832778#1,0,100.01,0.0,-1149832778#2,0,100.01,0.0,-1149832778#3,0,100.01,0.0,-1175493775#0,0,100.01,0.0,-1175493775#1,0,100.01,0.0,-1175493775#2,0,100.01,0.0,-1215966886,0,50.0,0.0,Bình thường,0.309
2026-04-01 09:49:45,70,45,7.083,25.5,5.09,31.0,0,0,0,-1149832778#0,0,100.01,0.0,-1149832778#1,0,100.01,0.0,-1149832778#2,0,100.01,0.0,-1149832778#3,0,100.01,0.0,-1175493775#0,0,100.01,0.0,-1175493775#1,0,100.01,0.0,-1175493775#2,0,100.01,0.0,-1215966886,0,50.0,0.0,Bình thường,0.311
2026-04-01 09:49:46,80,44,7.043,25.35,7.66,41.0,1,0,0,-1149832778#0,0,100.01,0.0,-1149832778#1,0,100.01,0.0,-1149832778#2,0,100.01,0.0,-1149832778#3,0,100.01,0.0,-1175493775#0,0,100.01,0.0,-1175493775#1,0,100.01,0.0,-1175493775#2,0,100.01,0.0,-1215966886,0,50.0,0.0,Bình thường,0.321
2026-04-01 09:49:47,90,43,5.919,21.31,9.42,51.0,2,0,0,-1149832778#0,0,100.01,0.0,-1149832778#1,0,100.01,0.024,-1149832778#2,0,100.01,0.0,-1149832778#3,0,100.01,0.0,-1175493775#0,0,100.01,0.0,-1175493775#1,0,100.01,0.0,-1175493775#2,0,100.01,0.0,-1215966886,0,50.0,0.0,Bình thường,0.376
2026-04-01 09:49:48,100,45,6.788,24.44,10.42,59.0,0,0,0,-1149832778#0,0,100.01,0.0,-1149832778#1,1,36.61,0.071,-1149832778#2,0,100.01,0.0,-1149832778#3,0,100.01,0.0,-1175493775#0,0,100.01,0.0,-1175493775#1,0,100.01,0.0,-1175493775#2,0,100.01,0.0,-1215966886,0,50.0,0.0,Bình thường,0.341
2026-04-01 09:49:49,110,49,6.6,23.76,12.88,69.0,0,0,0,-1149832778#0,0,100.01,0.0,-1149832778#1,0,100.01,0.0,-1149832778#2,0,100.01,0.0,-1149832778#3,0,100.01,0.0,-1175493775#0,0,100.01,0.0,-1175493775#1,0,100.01,0.0,-1175493775#2,0,100.01,0.0,-1215966886,0,50.0,0.0,Bình thường,0.358
2026-04-01 09:49:50,120,50,5.309,19.11,16.72,79.0,0,7,0,-1149832778#0,0,100.01,0.0,-1149832778#1,0,100.01,0.0,-1149832778#2,0,100.01,0.0,-1149832778#3,0,100.01,0.0,-1175493775#0,0,100.01,0.0,-1175493775#1,0,100.01,0.0,-1175493775#2,0,100.01,0.0,-1215966886,0,50.0,0.0,Chậm,0.426
2026-04-01 09:49:52,130,43,4.791,17.25,22.67,89.0,0,0,0,-1149832778#0,0,100.01,0.0,-1149832778#1,1,46.45,0.071,-1149832778#2,0,100.01,0.0,-1149832778#3,0,100.01,0.0,-1175493775#0,0,100.01,0.0,-1175493775#1,0,100.01,0.0,-1175493775#2,0,100.01,0.0,-1215966886,0,50.0,0.0,Chậm,0.469
2026-04-01 09:49:53,140,50,5.218,18.78,17.6,99.0,0,0,0,-1149832778#0,0,100.01,0.0,-1149832778#1,1,45.86,0.071,-1149832778#2,0,100.01,0.0,-1149832778#3,0,100.01,0.0,-1175493775#0,0,100.01,0.0,-1175493775#1,0,100.01,0.0,-1175493775#2,0,100.01,0.0,-1215966886,0,50.0,0.0,Chậm,0.433
2026-04-01 09:49:54,150,50,3.878,13.96,22.86,109.0,0,0,0,-1149832778#0,0,100.01,0.0,-1149832778#1,1,49.22,0.071,-1149832778#2,0,100.01,0.0,-1149832778#3,0,100.01,0.0,-1175493775#0,0,100.01,0.0,-1175493775#1,0,100.01,0.0,-1175493775#2,0,100.01,0.0,-1215966886,0,50.0,0.0,Chậm,0.509
2026-04-01 09:49:55,160,49,3.034,10.92,30.12,119.0,0,0,0,-1149832778#0,0,100.01,0.0,-1149832778#1,0,100.01,0.0,-1149832778#2,1,49.5,0.348,-1149832778#3,0,100.01,0.0,-1175493775#0,0,100.01,0.0,-1175493775#1,0,100.01,0.0,-1175493775#2,0,100.01,0.0,-1215966886,0,50.0,0.0,Chậm,0.569
2026-04-01 09:49:56,170,49,2.029,7.3,37.45,129.0,1,0,0,-1149832778#0,0,100.01,0.0,-1149832778#1,0,100.01,0.0,-1149832778#2,0,100.01,0.0,-1149832778#3,0,100.01,0.0,-1175493775#0,0,100.01,0.0,-1175493775#1,0,100.01,0.0,-1175493775#2,0,100.01,0.0,-1215966886,0,50.0,0.0,Tắc nghẽn,0.637
2026-04-01 09:49:57,180,50,1.733,6.24,43.86,139.0,0,2,0,-1149832778#0,0,100.01,0.0,-1149832778#1,0,100.01,0.0,-1149832778#2,0,100.01,0.0,-1149832778#3,0,100.01,0.0,-1175493775#0,0,100.01,0.0,-1175493775#1,0,100.01,0.0,-1175493775#2,0,100.01,0.0,-1215966886,0,50.0,0.0,Tắc nghẽn,0.671
2026-04-01 09:49:58,190,49,1.755,6.32,52.18,149.0,0,0,0,-1149832778#0,0,100.01,0.0,-1149832778#1,1,47.66,0.071,-1149832778#2,0,100.01,0.0,-1149832778#3,0,100.01,0.0,-1175493775#0,0,100.01,0.0,-1175493775#1,0,100.01,0.0,-1175493775#2,0,100.01,0.0,-1215966886,0,50.0,0.0,Tắc nghẽn,0.698
2026-04-01 09:49:59,200,50,1.349,4.86,59.62,159.0,0,0,0,-1149832778#0,1,0.0,0.285,-1149832778#1,0,100.01,0.0,-1149832778#2,0,100.01,0.0,-1149832778#3,0,100.01,0.0,-1175493775#0,0,100.01,0.0,-1175493775#1,0,100.01,0.0,-1175493775#2,0,100.01,0.0,-1215966886,0,50.0,0.0,Tắc nghẽn,0.74
2026-04-01 09:50:00,210,50,0.405,1.46,68.68,169.0,0,0,0,-1149832778#0,1,0.0,0.285,-1149832778#1,0,100.01,0.0,-1149832778#2,0,100.01,0.0,-1149832778#3,0,100.01,0.0,-1175493775#0,0,100.01,0.0,-1175493775#1,0,100.01,0.0,-1175493775#2,0,100.01,0.0,-1215966886,0,50.0,0.0,Tắc nghẽn,0.811
2026-04-01 09:50:01,220,50,0.201,0.72,78.4,179.0,0,0,0,-1149832778#0,2,0.0,0.57,-1149832778#1,0,100.01,0.0,-1149832778#2,0,100.01,0.0,-1149832778#3,0,100.01,0.0,-1175493775#0,0,100.01,0.0,-1175493775#1,0,100.01,0.0,-1175493775#2,0,100.01,0.0,-1215966886,0,50.0,0.0,Tắc nghẽn,0.853
2026-04-01 09:50:02,230,50,0.451,1.62,87.32,189.0,0,0,0,-1149832778#0,2,0.0,0.57,-1149832778#1,0,100.01,0.0,-1149832778#2,0,100.01,0.0,-1149832778#3,0,100.01,0.0,-1175493775#0,0,100.01,0.0,-1175493775#1,0,100.01,0.0,-1175493775#2,0,100.01,0.0,-1215966886,0,50.0,0.0,Tắc nghẽn,0.872
2026-04-01 09:50:04,240,50,0.367,1.32,96.92,199.0,0,0,0,-1149832778#0,2,0.0,0.57,-1149832778#1,0,100.01,0.0,-1149832778#2,0,100.01,0.0,-1149832778#3,0,100.01,0.0,-1175493775#0,0,100.01,0.0,-1175493775#1,0,100.01,0.0,-1175493775#2,0,100.01,0.0,-1215966886,0,50.0,0.0,Tắc nghẽn,0.907
2026-04-01 09:50:05,250,50,0.535,1.93,106.52,209.0,0,0,0,-1149832778#0,2,0.0,0.57,-1149832778#1,0,100.01,0.0,-1149832778#2,0,100.01,0.0,-1149832778#3,0,100.01,0.0,-1175493775#0,0,100.01,0.0,-1175493775#1,0,100.01,0.0,-1175493775#2,0,100.01,0.0,-1215966886,0,50.0,0.0,Tắc nghẽn,0.932
2026-04-01 09:50:06,260,50,0.53,1.91,116.12,219.0,0,0,0,-1149832778#0,2,0.0,0.57,-1149832778#1,0,100.01,0.0,-1149832778#2,0,100.01,0.0,-1149832778#3,0,100.01,0.0,-1175493775#0,0,100.01,0.0,-1175493775#1,0,100.01,0.0,-1175493775#2,0,100.01,0.0,-1215966886,0,50.0,0.0,Tắc nghẽn,0.964
2026-04-01 09:50:07,270,50,0.275,0.99,125.78,229.0,0,0,0,-1149832778#0,2,0.0,0.57,-1149832778#1,0,100.01,0.0,-1149832778#2,0,100.01,0.0,-1149832778#3,0,100.01,0.0,-1175493775#0,0,100.01,0.0,-1175493775#1,0,100.01,0.0,-1175493775#2,0,100.01,0.0,-1215966886,0,50.0,0.0,Tắc nghẽn,0.988
2026-04-01 09:50:08,280,50,0.262,0.94,135.58,239.0,0,0,0,-1149832778#0,2,0.0,0.57,-1149832778#1,0,100.01,0.0,-1149832778#2,0,100.01,0.0,-1149832778#3,0,100.01,0.0,-1175493775#0,0,100.01,0.0,-1175493775#1,0,100.01,0.0,-1175493775#2,0,100.01,0.0,-1215966886,0,50.0,0.0,Tắc nghẽn,0.989
2026-04-01 09:50:09,290,50,0.129,0.47,145.38,249.0,0,0,0,-1149832778#0,2,0.0,0.57,-1149832778#1,0,100.01,0.0,-1149832778#2,0,100.01,0.0,-1149832778#3,0,100.01,0.0,-1175493775#0,0,100.01,0.0,-1175493775#1,0,100.01,0.0,-1175493775#2,0,100.01,0.0,-1215966886,0,50.0,0.0,Tắc nghẽn,0.994
2026-04-01 09:50:10,300,50,0.253,0.91,155.18,259.0,0,0,0,-1149832778#0,2,0.0,0.57,-1149832778#1,0,100.01,0.0,-1149832778#2,0,100.01,0.0,-1149832778#3,0,100.01,0.0,-1175493775#0,0,100.01,0.0,-1175493775#1,0,100.01,0.0,-1175493775#2,0,100.01,0.0,-1215966886,0,50.0,0.0,Tắc nghẽn,0.989
2026-04-01 09:50:11,310,50,0.261,0.94,164.98,269.0,0,0,0,-1149832778#0,2,0.0,0.57,-1149832778#1,0,100.01,0.0,-1149832778#2,0,100.01,0.0,-1149832778#3,0,100.01,0.0,-1175493775#0,0,100.01,0.0,-1175493775#1,0,100.01,0.0,-1175493775#2,0,100.01,0.0,-1215966886,0,50.0,0.0,Tắc nghẽn,0.989
2026-04-01 09:50:12,320,50,0.277,1.0,174.78,279.0,0,0,0,-1149832778#0,2,0.0,0.57,-1149832778#1,0,100.01,0.0,-1149832778#2,0,100.01,0.0,-1149832778#3,0,100.01,0.0,-1175493775#0,0,100.01,0.0,-1175493775#1,0,100.01,0.0,-1175493775#2,0,100.01,0.0,-1215966886,0,50.0,0.0,Tắc nghẽn,0.988
2026-04-01 09:50:12,330,50,0.268,0.96,184.58,289.0,0,0,0,-1149832778#0,2,0.0,0.57,-1149832778#1,0,100.01,0.0,-1149832778#2,0,100.01,0.0,-1149832778#3,0,100.01,0.0,-1175493775#0,0,100.01,0.0,-1175493775#1,0,100.01,0.0,-1175493775#2,0,100.01,0.0,-1215966886,0,50.0,0.0,Tắc nghẽn,0.988
2026-04-01 09:50:13,340,50,0.164,0.59,194.38,299.0,0,0,0,-1149832778#0,2,0.0,0.57,-1149832778#1,0,100.01,0.0,-1149832778#2,0,100.01,0.0,-1149832778#3,0,100.01,0.0,-1175493775#0,0,100.01,0.0,-1175493775#1,0,100.01,0.0,-1175493775#2,0,100.01,0.0,-1215966886,0,50.0,0.0,Tắc nghẽn,0.993
2026-04-01 09:50:13,350,50,0.262,0.94,204.18,309.0,0,0,0,-1149832778#0,2,0.0,0.57,-1149832778#1,0,100.01,0.0,-1149832778#2,0,100.01,0.0,-1149832778#3,0,100.01,0.0,-1175493775#0,0,100.01,0.0,-1175493775#1,0,100.01,0.0,-1175493775#2,0,100.01,0.0,-1215966886,0,50.0,0.0,Tắc nghẽn,0.989
2026-04-01 09:50:13,360,50,0.0,0.0,214.06,319.0,0,0,0,-1149832778#0,2,0.0,0.57,-1149832778#1,0,100.01,0.0,-1149832778#2,0,100.01,0.0,-1149832778#3,0,100.01,0.0,-1175493775#0,0,100.01,0.0,-1175493775#1,0,100.01,0.0,-1175493775#2,0,100.01,0.0,-1215966886,0,50.0,0.0,Tắc nghẽn,1.0
2026-04-01 09:50:13,370,50,0.0,0.0,224.06,329.0,0,0,0,-1149832778#0,2,0.0,0.57,-1149832778#1,0,100.01,0.0,-1149832778#2,0,100.01,0.0,-1149832778#3,0,100.01,0.0,-1175493775#0,0,100.01,0.0,-1175493775#1,0,100.01,0.0,-1175493775#2,0,100.01,0.0,-1215966886,0,50.0,0.0,Tắc nghẽn,1.0
2026-04-01 09:50:13,380,50,0.0,0.0,234.06,339.0,0,0,0,-1149832778#0,2,0.0,0.57,-1149832778#1,0,100.01,0.0,-1149832778#2,0,100.01,0.0,-1149832778#3,0,100.01,0.0,-1175493775#0,0,100.01,0.0,-1175493775#1,0,100.01,0.0,-1175493775#2,0,100.01,0.0,-1215966886,0,50.0,0.0,Tắc nghẽn,1.0
2026-04-01 09:50:13,390,50,0.0,0.0,244.06,349.0,0,0,0,-1149832778#0,2,0.0,0.57,-1149832778#1,0,100.01,0.0,-1149832778#2,0,100.01,0.0,-1149832778#3,0,100.01,0.0,-1175493775#0,0,100.01,0.0,-1175493775#1,0,100.01,0.0,-1175493775#2,0,100.01,0.0,-1215966886,0,50.0,0.0,Tắc nghẽn,1.0
2026-04-01 09:50:14,400,50,0.0,0.0,254.06,359.0,0,0,0,-1149832778#0,2,0.0,0.57,-1149832778#1,0,100.01,0.0,-1149832778#2,0,100.01,0.0,-1149832778#3,0,100.01,0.0,-1175493775#0,0,100.01,0.0,-1175493775#1,0,100.01,0.0,-1175493775#2,0,100.01,0.0,-1215966886,0,50.0,0.0,Tắc nghẽn,1.0
2026-04-01 09:50:14,410,50,0.0,0.0,264.06,369.0,0,0,0,-1149832778#0,2,0.0,0.57,-1149832778#1,0,100.01,0.0,-1149832778#2,0,100.01,0.0,-1149832778#3,0,100.01,0.0,-1175493775#0,0,100.01,0.0,-1175493775#1,0,100.01,0.0,-1175493775#2,0,100.01,0.0,-1215966886,0,50.0,0.0,Tắc nghẽn,1.0
2026-04-01 09:50:14,420,50,0.0,0.0,274.06,379.0,0,0,0,-1149832778#0,2,0.0,0.57,-1149832778#1,0,100.01,0.0,-1149832778#2,0,100.01,0.0,-1149832778#3,0,100.01,0.0,-1175493775#0,0,100.01,0.0,-1175493775#1,0,100.01,0.0,-1175493775#2,0,100.01,0.0,-1215966886,0,50.0,0.0,Tắc nghẽn,1.0
2026-04-01 09:50:14,430,50,0.0,0.0,284.06,389.0,0,0,0,-1149832778#0,2,0.0,0.57,-1149832778#1,0,100.01,0.0,-1149832778#2,0,100.01,0.0,-1149832778#3,0,100.01,0.0,-1175493775#0,0,100.01,0.0,-1175493775#1,0,100.01,0.0,-1175493775#2,0,100.01,0.0,-1215966886,0,50.0,0.0,Tắc nghẽn,1.0
2026-04-01 09:50:14,440,50,0.0,0.0,294.06,399.0,0,0,0,-1149832778#0,2,0.0,0.57,-1149832778#1,0,100.01,0.0,-1149832778#2,0,100.01,0.0,-1149832778#3,0,100.01,0.0,-1175493775#0,0,100.01,0.0,-1175493775#1,0,100.01,0.0,-1175493775#2,0,100.01,0.0,-1215966886,0,50.0,0.0,Tắc nghẽn,1.0
2026-04-01 09:50:14,450,50,0.0,0.0,304.06,409.0,0,0,0,-1149832778#0,2,0.0,0.57,-1149832778#1,0,100.01,0.0,-1149832778#2,0,100.01,0.0,-1149832778#3,0,100.01,0.0,-1175493775#0,0,100.01,0.0,-1175493775#1,0,100.01,0.0,-1175493775#2,0,100.01,0.0,-1215966886,0,50.0,0.0,Tắc nghẽn,1.0
2026-04-01 09:50:15,460,50,0.0,0.0,314.06,419.0,0,0,0,-1149832778#0,2,0.0,0.57,-1149832778#1,0,100.01,0.0,-1149832778#2,0,100.01,0.0,-1149832778#3,0,100.01,0.0,-1175493775#0,0,100.01,0.0,-1175493775#1,0,100.01,0.0,-1175493775#2,0,100.01,0.0,-1215966886,0,50.0,0.0,Tắc nghẽn,1.0
2026-04-01 09:50:15,470,50,0.0,0.0,324.06,429.0,0,0,0,-1149832778#0,2,0.0,0.57,-1149832778#1,0,100.01,0.0,-1149832778#2,0,100.01,0.0,-1149832778#3,0,100.01,0.0,-1175493775#0,0,100.01,0.0,-1175493775#1,0,100.01,0.0,-1175493775#2,0,100.01,0.0,-1215966886,0,50.0,0.0,Tắc nghẽn,1.0
2026-04-01 09:50:15,480,50,0.0,0.0,334.06,439.0,0,0,0,-1149832778#0,2,0.0,0.57,-1149832778#1,0,100.01,0.0,-1149832778#2,0,100.01,0.0,-1149832778#3,0,100.01,0.0,-1175493775#0,0,100.01,0.0,-1175493775#1,0,100.01,0.0,-1175493775#2,0,100.01,0.0,-1215966886,0,50.0,0.0,Tắc nghẽn,1.0
2026-04-01 09:50:15,490,50,0.0,0.0,344.06,449.0,0,0,0,-1149832778#0,2,0.0,0.57,-1149832778#1,0,100.01,0.0,-1149832778#2,0,100.01,0.0,-1149832778#3,0,100.01,0.0,-1175493775#0,0,100.01,0.0,-1175493775#1,0,100.01,0.0,-1175493775#2,0,100.01,0.0,-1215966886,0,50.0,0.0,Tắc nghẽn,1.0
2026-04-01 09:50:15,500,50,0.0,0.0,354.06,459.0,0,0,0,-1149832778#0,2,0.0,0.57,-1149832778#1,0,100.01,0.0,-1149832778#2,0,100.01,0.0,-1149832778#3,0,100.01,0.0,-1175493775#0,0,100.01,0.0,-1175493775#1,0,100.01,0.0,-1175493775#2,0,100.01,0.0,-1215966886,0,50.0,0.0,Tắc nghẽn,1.0
2026-04-01 09:50:15,510,50,0.0,0.0,364.06,469.0,0,0,0,-1149832778#0,2,0.0,0.57,-1149832778#1,0,100.01,0.0,-1149832778#2,0,100.01,0.0,-1149832778#3,0,100.01,0.0,-1175493775#0,0,100.01,0.0,-1175493775#1,0,100.01,0.0,-1175493775#2,0,100.01,0.0,-1215966886,0,50.0,0.0,Tắc nghẽn,1.0
2026-04-01 09:50:15,520,50,0.0,0.0,374.06,479.0,0,0,0,-1149832778#0,2,0.0,0.57,-1149832778#1,0,100.01,0.0,-1149832778#2,0,100.01,0.0,-1149832778#3,0,100.01,0.0,-1175493775#0,0,100.01,0.0,-1175493775#1,0,100.01,0.0,-1175493775#2,0,100.01,0.0,-1215966886,0,50.0,0.0,Tắc nghẽn,1.0
2026-04-01 09:50:16,530,50,0.0,0.0,384.06,489.0,0,0,0,-1149832778#0,2,0.0,0.57,-1149832778#1,0,100.01,0.0,-1149832778#2,0,100.01,0.0,-1149832778#3,0,100.01,0.0,-1175493775#0,0,100.01,0.0,-1175493775#1,0,100.01,0.0,-1175493775#2,0,100.01,0.0,-1215966886,0,50.0,0.0,Tắc nghẽn,1.0
2026-04-01 09:50:16,540,50,0.0,0.0,394.06,499.0,0,0,0,-1149832778#0,2,0.0,0.57,-1149832778#1,0,100.01,0.0,-1149832778#2,0,100.01,0.0,-1149832778#3,0,100.01,0.0,-1175493775#0,0,100.01,0.0,-1175493775#1,0,100.01,0.0,-1175493775#2,0,100.01,0.0,-1215966886,0,50.0,0.0,Tắc nghẽn,1.0
2026-04-01 09:50:16,550,50,0.0,0.0,404.06,509.0,0,0,0,-1149832778#0,2,0.0,0.57,-1149832778#1,0,100.01,0.0,-1149832778#2,0,100.01,0.0,-1149832778#3,0,100.01,0.0,-1175493775#0,0,100.01,0.0,-1175493775#1,0,100.01,0.0,-1175493775#2,0,100.01,0.0,-1215966886,0,50.0,0.0,Tắc nghẽn,1.0
2026-04-01 09:50:16,560,50,0.0,0.0,414.06,519.0,0,0,0,-1149832778#0,2,0.0,0.57,-1149832778#1,0,100.01,0.0,-1149832778#2,0,100.01,0.0,-1149832778#3,0,100.01,0.0,-1175493775#0,0,100.01,0.0,-1175493775#1,0,100.01,0.0,-1175493775#2,0,100.01,0.0,-1215966886,0,50.0,0.0,Tắc nghẽn,1.0
2026-04-01 09:50:16,570,50,0.0,0.0,424.06,529.0,0,0,0,-1149832778#0,2,0.0,0.57,-1149832778#1,0,100.01,0.0,-1149832778#2,0,100.01,0.0,-1149832778#3,0,100.01,0.0,-1175493775#0,0,100.01,0.0,-1175493775#1,0,100.01,0.0,-1175493775#2,0,100.01,0.0,-1215966886,0,50.0,0.0,Tắc nghẽn,1.0
2026-04-01 09:50:16,580,50,0.0,0.0,434.06,539.0,0,0,0,-1149832778#0,2,0.0,0.57,-1149832778#1,0,100.01,0.0,-1149832778#2,0,100.01,0.0,-1149832778#3,0,100.01,0.0,-1175493775#0,0,100.01,0.0,-1175493775#1,0,100.01,0.0,-1175493775#2,0,100.01,0.0,-1215966886,0,50.0,0.0,Tắc nghẽn,1.0
2026-04-01 09:50:17,590,50,0.0,0.0,444.06,549.0,0,0,0,-1149832778#0,2,0.0,0.57,-1149832778#1,0,100.01,0.0,-1149832778#2,0,100.01,0.0,-1149832778#3,0,100.01,0.0,-1175493775#0,0,100.01,0.0,-1175493775#1,0,100.01,0.0,-1175493775#2,0,100.01,0.0,-1215966886,0,50.0,0.0,Tắc nghẽn,1.0
2026-04-01 09:50:17,600,50,0.0,0.0,454.06,559.0,0,0,0,-1149832778#0,2,0.0,0.57,-1149832778#1,0,100.01,0.0,-1149832778#2,0,100.01,0.0,-1149832778#3,0,100.01,0.0,-1175493775#0,0,100.01,0.0,-1175493775#1,0,100.01,0.0,-1175493775#2,0,100.01,0.0,-1215966886,0,50.0,0.0,Tắc nghẽn,1.0
2026-04-01 09:50:17,610,50,0.0,0.0,464.06,569.0,0,0,0,-1149832778#0,2,0.0,0.57,-1149832778#1,0,100.01,0.0,-1149832778#2,0,100.01,0.0,-1149832778#3,0,100.01,0.0,-1175493775#0,0,100.01,0.0,-1175493775#1,0,100.01,0.0,-1175493775#2,0,100.01,0.0,-1215966886,0,50.0,0.0,Tắc nghẽn,1.0
2026-04-01 09:50:17,620,50,0.0,0.0,474.06,579.0,0,0,0,-1149832778#0,2,0.0,0.57,-1149832778#1,0,100.01,0.0,-1149832778#2,0,100.01,0.0,-1149832778#3,0,100.01,0.0,-1175493775#0,0,100.01,0.0,-1175493775#1,0,100.01,0.0,-1175493775#2,0,100.01,0.0,-1215966886,0,50.0,0.0,Tắc nghẽn,1.0
2026-04-01 09:50:17,630,50,0.0,0.0,484.06,589.0,0,0,0,-1149832778#0,2,0.0,0.57,-1149832778#1,0,100.01,0.0,-1149832778#2,0,100.01,0.0,-1149832778#3,0,100.01,0.0,-1175493775#0,0,100.01,0.0,-1175493775#1,0,100.01,0.0,-1175493775#2,0,100.01,0.0,-1215966886,0,50.0,0.0,Tắc nghẽn,1.0
2026-04-01 09:50:17,640,50,0.0,0.0,494.06,599.0,0,0,0,-1149832778#0,2,0.0,0.57,-1149832778#1,0,100.01,0.0,-1149832778#2,0,100.01,0.0,-1149832778#3,0,100.01,0.0,-1175493775#0,0,100.01,0.0,-1175493775#1,0,100.01,0.0,-1175493775#2,0,100.01,0.0,-1215966886,0,50.0,0.0,Tắc nghẽn,1.0
2026-04-01 09:50:17,650,50,0.0,0.0,504.06,609.0,0,0,0,-1149832778#0,2,0.0,0.57,-1149832778#1,0,100.01,0.0,-1149832778#2,0,100.01,0.0,-1149832778#3,0,100.01,0.0,-1175493775#0,0,100.01,0.0,-1175493775#1,0,100.01,0.0,-1175493775#2,0,100.01,0.0,-1215966886,0,50.0,0.0,Tắc nghẽn,1.0
2026-04-01 09:50:18,660,50,0.0,0.0,514.06,619.0,0,0,0,-1149832778#0,2,0.0,0.57,-1149832778#1,0,100.01,0.0,-1149832778#2,0,100.01,0.0,-1149832778#3,0,100.01,0.0,-1175493775#0,0,100.01,0.0,-1175493775#1,0,100.01,0.0,-1175493775#2,0,100.01,0.0,-1215966886,0,50.0,0.0,Tắc nghẽn,1.0
2026-04-01 09:50:18,670,50,0.0,0.0,524.06,629.0,0,0,0,-1149832778#0,2,0.0,0.57,-1149832778#1,0,100.01,0.0,-1149832778#2,0,100.01,0.0,-1149832778#3,0,100.01,0.0,-1175493775#0,0,100.01,0.0,-1175493775#1,0,100.01,0.0,-1175493775#2,0,100.01,0.0,-1215966886,0,50.0,0.0,Tắc nghẽn,1.0
2026-04-01 09:50:18,680,50,0.0,0.0,534.06,639.0,0,0,0,-1149832778#0,2,0.0,0.57,-1149832778#1,0,100.01,0.0,-1149832778#2,0,100.01,0.0,-1149832778#3,0,100.01,0.0,-1175493775#0,0,100.01,0.0,-1175493775#1,0,100.01,0.0,-1175493775#2,0,100.01,0.0,-1215966886,0,50.0,0.0,Tắc nghẽn,1.0
2026-04-01 09:50:18,690,50,0.0,0.0,544.06,649.0,0,0,0,-1149832778#0,2,0.0,0.57,-1149832778#1,0,100.01,0.0,-1149832778#2,0,100.01,0.0,-1149832778#3,0,100.01,0.0,-1175493775#0,0,100.01,0.0,-1175493775#1,0,100.01,0.0,-1175493775#2,0,100.01,0.0,-1215966886,0,50.0,0.0,Tắc nghẽn,1.0
2026-04-01 09:50:18,700,50,0.0,0.0,554.06,659.0,0,0,0,-1149832778#0,2,0.0,0.57,-1149832778#1,0,100.01,0.0,-1149832778#2,0,100.01,0.0,-1149832778#3,0,100.01,0.0,-1175493775#0,0,100.01,0.0,-1175493775#1,0,100.01,0.0,-1175493775#2,0,100.01,0.0,-1215966886,0,50.0,0.0,Tắc nghẽn,1.0
2026-04-01 09:50:18,710,50,0.0,0.0,564.06,669.0,0,0,0,-1149832778#0,2,0.0,0.57,-1149832778#1,0,100.01,0.0,-1149832778#2,0,100.01,0.0,-1149832778#3,0,100.01,0.0,-1175493775#0,0,100.01,0.0,-1175493775#1,0,100.01,0.0,-1175493775#2,0,100.01,0.0,-1215966886,0,50.0,0.0,Tắc nghẽn,1.0
2026-04-01 09:50:19,720,50,0.0,0.0,574.06,679.0,0,0,0,-1149832778#0,2,0.0,0.57,-1149832778#1,0,100.01,0.0,-1149832778#2,0,100.01,0.0,-1149832778#3,0,100.01,0.0,-1175493775#0,0,100.01,0.0,-1175493775#1,0,100.01,0.0,-1175493775#2,0,100.01,0.0,-1215966886,0,50.0,0.0,Tắc nghẽn,1.0
2026-04-01 09:50:19,730,50,0.0,0.0,584.06,689.0,0,0,0,-1149832778#0,2,0.0,0.57,-1149832778#1,0,100.01,0.0,-1149832778#2,0,100.01,0.0,-1149832778#3,0,100.01,0.0,-1175493775#0,0,100.01,0.0,-1175493775#1,0,100.01,0.0,-1175493775#2,0,100.01,0.0,-1215966886,0,50.0,0.0,Tắc nghẽn,1.0
2026-04-01 09:50:19,740,50,0.0,0.0,594.06,699.0,0,0,0,-1149832778#0,2,0.0,0.57,-1149832778#1,0,100.01,0.0,-1149832778#2,0,100.01,0.0,-1149832778#3,0,100.01,0.0,-1175493775#0,0,100.01,0.0,-1175493775#1,0,100.01,0.0,-1175493775#2,0,100.01,0.0,-1215966886,0,50.0,0.0,Tắc nghẽn,1.0
2026-04-01 09:50:19,750,50,0.0,0.0,604.06,709.0,0,0,0,-1149832778#0,2,0.0,0.57,-1149832778#1,0,100.01,0.0,-1149832778#2,0,100.01,0.0,-1149832778#3,0,100.01,0.0,-1175493775#0,0,100.01,0.0,-1175493775#1,0,100.01,0.0,-1175493775#2,0,100.01,0.0,-1215966886,0,50.0,0.0,Tắc nghẽn,1.0
2026-04-01 09:50:19,760,50,0.0,0.0,614.06,719.0,0,0,0,-1149832778#0,2,0.0,0.57,-1149832778#1,0,100.01,0.0,-1149832778#2,0,100.01,0.0,-1149832778#3,0,100.01,0.0,-1175493775#0,0,100.01,0.0,-1175493775#1,0,100.01,0.0,-1175493775#2,0,100.01,0.0,-1215966886,0,50.0,0.0,Tắc nghẽn,1.0
2026-04-01 09:50:19,770,50,0.0,0.0,624.06,729.0,0,0,0,-1149832778#0,2,0.0,0.57,-1149832778#1,0,100.01,0.0,-1149832778#2,0,100.01,0.0,-1149832778#3,0,100.01,0.0,-1175493775#0,0,100.01,0.0,-1175493775#1,0,100.01,0.0,-1175493775#2,0,100.01,0.0,-1215966886,0,50.0,0.0,Tắc nghẽn,1.0
2026-04-01 09:50:20,780,50,0.0,0.0,634.06,739.0,0,0,0,-1149832778#0,2,0.0,0.57,-1149832778#1,0,100.01,0.0,-1149832778#2,0,100.01,0.0,-1149832778#3,0,100.01,0.0,-1175493775#0,0,100.01,0.0,-1175493775#1,0,100.01,0.0,-1175493775#2,0,100.01,0.0,-1215966886,0,50.0,0.0,Tắc nghẽn,1.0
2026-04-01 09:50:20,790,50,0.0,0.0,644.06,749.0,0,0,0,-1149832778#0,2,0.0,0.57,-1149832778#1,0,100.01,0.0,-1149832778#2,0,100.01,0.0,-1149832778#3,0,100.01,0.0,-1175493775#0,0,100.01,0.0,-1175493775#1,0,100.01,0.0,-1175493775#2,0,100.01,0.0,-1215966886,0,50.0,0.0,Tắc nghẽn,1.0
2026-04-01 09:50:20,800,50,0.0,0.0,654.06,759.0,0,0,0,-1149832778#0,2,0.0,0.57,-1149832778#1,0,100.01,0.0,-1149832778#2,0,100.01,0.0,-1149832778#3,0,100.01,0.0,-1175493775#0,0,100.01,0.0,-1175493775#1,0,100.01,0.0,-1175493775#2,0,100.01,0.0,-1215966886,0,50.0,0.0,Tắc nghẽn,1.0
2026-04-01 09:50:20,810,50,0.0,0.0,664.06,769.0,0,0,0,-1149832778#0,2,0.0,0.57,-1149832778#1,0,100.01,0.0,-1149832778#2,0,100.01,0.0,-1149832778#3,0,100.01,0.0,-1175493775#0,0,100.01,0.0,-1175493775#1,0,100.01,0.0,-1175493775#2,0,100.01,0.0,-1215966886,0,50.0,0.0,Tắc nghẽn,1.0
2026-04-01 09:50:20,820,50,0.0,0.0,674.06,779.0,0,0,0,-1149832778#0,2,0.0,0.57,-1149832778#1,0,100.01,0.0,-1149832778#2,0,100.01,0.0,-1149832778#3,0,100.01,0.0,-1175493775#0,0,100.01,0.0,-1175493775#1,0,100.01,0.0,-1175493775#2,0,100.01,0.0,-1215966886,0,50.0,0.0,Tắc nghẽn,1.0
2026-04-01 09:50:20,830,50,0.0,0.0,684.06,789.0,0,0,0,-1149832778#0,2,0.0,0.57,-1149832778#1,0,100.01,0.0,-1149832778#2,0,100.01,0.0,-1149832778#3,0,100.01,0.0,-1175493775#0,0,100.01,0.0,-1175493775#1,0,100.01,0.0,-1175493775#2,0,100.01,0.0,-1215966886,0,50.0,0.0,Tắc nghẽn,1.0
2026-04-01 09:50:21,840,50,0.0,0.0,694.06,799.0,0,0,0,-1149832778#0,2,0.0,0.57,-1149832778#1,0,100.01,0.0,-1149832778#2,0,100.01,0.0,-1149832778#3,0,100.01,0.0,-1175493775#0,0,100.01,0.0,-1175493775#1,0,100.01,0.0,-1175493775#2,0,100.01,0.0,-1215966886,0,50.0,0.0,Tắc nghẽn,1.0
2026-04-01 09:50:21,850,50,0.0,0.0,704.06,809.0,0,0,0,-1149832778#0,2,0.0,0.57,-1149832778#1,0,100.01,0.0,-1149832778#2,0,100.01,0.0,-1149832778#3,0,100.01,0.0,-1175493775#0,0,100.01,0.0,-1175493775#1,0,100.01,0.0,-1175493775#2,0,100.01,0.0,-1215966886,0,50.0,0.0,Tắc nghẽn,1.0
2026-04-01 09:50:21,860,50,0.0,0.0,714.06,819.0,0,0,0,-1149832778#0,2,0.0,0.57,-1149832778#1,0,100.01,0.0,-1149832778#2,0,100.01,0.0,-1149832778#3,0,100.01,0.0,-1175493775#0,0,100.01,0.0,-1175493775#1,0,100.01,0.0,-1175493775#2,0,100.01,0.0,-1215966886,0,50.0,0.0,Tắc nghẽn,1.0
2026-04-01 09:50:21,870,50,0.0,0.0,724.06,829.0,0,0,0,-1149832778#0,2,0.0,0.57,-1149832778#1,0,100.01,0.0,-1149832778#2,0,100.01,0.0,-1149832778#3,0,100.01,0.0,-1175493775#0,0,100.01,0.0,-1175493775#1,0,100.01,0.0,-1175493775#2,0,100.01,0.0,-1215966886,0,50.0,0.0,Tắc nghẽn,1.0
2026-04-01 09:50:21,880,50,0.0,0.0,734.06,839.0,0,0,0,-1149832778#0,2,0.0,0.57,-1149832778#1,0,100.01,0.0,-1149832778#2,0,100.01,0.0,-1149832778#3,0,100.01,0.0,-1175493775#0,0,100.01,0.0,-1175493775#1,0,100.01,0.0,-1175493775#2,0,100.01,0.0,-1215966886,0,50.0,0.0,Tắc nghẽn,1.0
2026-04-01 09:50:21,890,50,0.0,0.0,744.06,849.0,0,0,0,-1149832778#0,2,0.0,0.57,-1149832778#1,0,100.01,0.0,-1149832778#2,0,100.01,0.0,-1149832778#3,0,100.01,0.0,-1175493775#0,0,100.01,0.0,-1175493775#1,0,100.01,0.0,-1175493775#2,0,100.01,0.0,-1215966886,0,50.0,0.0,Tắc nghẽn,1.0
2026-04-01 09:50:21,900,50,0.0,0.0,754.06,859.0,0,0,0,-1149832778#0,2,0.0,0.57,-1149832778#1,0,100.01,0.0,-1149832778#2,0,100.01,0.0,-1149832778#3,0,100.01,0.0,-1175493775#0,0,100.01,0.0,-1175493775#1,0,100.01,0.0,-1175493775#2,0,100.01,0.0,-1215966886,0,50.0,0.0,Tắc nghẽn,1.0
2026-04-01 09:50:22,910,50,0.0,0.0,764.06,869.0,0,0,0,-1149832778#0,2,0.0,0.57,-1149832778#1,0,100.01,0.0,-1149832778#2,0,100.01,0.0,-1149832778#3,0,100.01,0.0,-1175493775#0,0,100.01,0.0,-1175493775#1,0,100.01,0.0,-1175493775#2,0,100.01,0.0,-1215966886,0,50.0,0.0,Tắc nghẽn,1.0
2026-04-01 09:50:22,920,50,0.0,0.0,774.06,879.0,0,0,0,-1149832778#0,2,0.0,0.57,-1149832778#1,0,100.01,0.0,-1149832778#2,0,100.01,0.0,-1149832778#3,0,100.01,0.0,-1175493775#0,0,100.01,0.0,-1175493775#1,0,100.01,0.0,-1175493775#2,0,100.01,0.0,-1215966886,0,50.0,0.0,Tắc nghẽn,1.0
2026-04-01 09:50:22,930,50,0.0,0.0,784.06,889.0,0,0,0,-1149832778#0,2,0.0,0.57,-1149832778#1,0,100.01,0.0,-1149832778#2,0,100.01,0.0,-1149832778#3,0,100.01,0.0,-1175493775#0,0,100.01,0.0,-1175493775#1,0,100.01,0.0,-1175493775#2,0,100.01,0.0,-1215966886,0,50.0,0.0,Tắc nghẽn,1.0
2026-04-01 09:50:22,940,50,0.0,0.0,794.06,899.0,0,0,0,-1149832778#0,2,0.0,0.57,-1149832778#1,0,100.01,0.0,-1149832778#2,0,100.01,0.0,-1149832778#3,0,100.01,0.0,-1175493775#0,0,100.01,0.0,-1175493775#1,0,100.01,0.0,-1175493775#2,0,100.01,0.0,-1215966886,0,50.0,0.0,Tắc nghẽn,1.0
2026-04-01 09:50:22,950,50,0.0,0.0,804.06,909.0,0,0,0,-1149832778#0,2,0.0,0.57,-1149832778#1,0,100.01,0.0,-1149832778#2,0,100.01,0.0,-1149832778#3,0,100.01,0.0,-1175493775#0,0,100.01,0.0,-1175493775#1,0,100.01,0.0,-1175493775#2,0,100.01,0.0,-1215966886,0,50.0,0.0,Tắc nghẽn,1.0
2026-04-01 09:50:22,960,50,0.0,0.0,814.06,919.0,0,0,0,-1149832778#0,2,0.0,0.57,-1149832778#1,0,100.01,0.0,-1149832778#2,0,100.01,0.0,-1149832778#3,0,100.01,0.0,-1175493775#0,0,100.01,0.0,-1175493775#1,0,100.01,0.0,-1175493775#2,0,100.01,0.0,-1215966886,0,50.0,0.0,Tắc nghẽn,1.0
2026-04-01 09:50:23,970,50,0.0,0.0,824.06,929.0,0,0,0,-1149832778#0,2,0.0,0.57,-1149832778#1,0,100.01,0.0,-1149832778#2,0,100.01,0.0,-1149832778#3,0,100.01,0.0,-1175493775#0,0,100.01,0.0,-1175493775#1,0,100.01,0.0,-1175493775#2,0,100.01,0.0,-1215966886,0,50.0,0.0,Tắc nghẽn,1.0
2026-04-01 09:50:23,980,50,0.0,0.0,834.06,939.0,0,0,0,-1149832778#0,2,0.0,0.57,-1149832778#1,0,100.01,0.0,-1149832778#2,0,100.01,0.0,-1149832778#3,0,100.01,0.0,-1175493775#0,0,100.01,0.0,-1175493775#1,0,100.01,0.0,-1175493775#2,0,100.01,0.0,-1215966886,0,50.0,0.0,Tắc nghẽn,1.0
2026-04-01 09:50:23,990,50,0.0,0.0,844.06,949.0,0,0,0,-1149832778#0,2,0.0,0.57,-1149832778#1,0,100.01,0.0,-1149832778#2,0,100.01,0.0,-1149832778#3,0,100.01,0.0,-1175493775#0,0,100.01,0.0,-1175493775#1,0,100.01,0.0,-1175493775#2,0,100.01,0.0,-1215966886,0,50.0,0.0,Tắc nghẽn,1.0
2026-04-01 09:50:23,1000,50,0.0,0.0,854.06,959.0,0,0,0,-1149832778#0,2,0.0,0.57,-1149832778#1,0,100.01,0.0,-1149832778#2,0,100.01,0.0,-1149832778#3,0,100.01,0.0,-1175493775#0,0,100.01,0.0,-1175493775#1,0,100.01,0.0,-1175493775#2,0,100.01,0.0,-1215966886,0,50.0,0.0,Tắc nghẽn,1.0
2026-04-01 09:50:23,1010,50,0.0,0.0,864.06,969.0,0,0,0,-1149832778#0,2,0.0,0.57,-1149832778#1,0,100.01,0.0,-1149832778#2,0,100.01,0.0,-1149832778#3,0,100.01,0.0,-1175493775#0,0,100.01,0.0,-1175493775#1,0,100.01,0.0,-1175493775#2,0,100.01,0.0,-1215966886,0,50.0,0.0,Tắc nghẽn,1.0
2026-04-01 09:50:23,1020,50,0.0,0.0,874.06,979.0,0,0,0,-1149832778#0,2,0.0,0.57,-1149832778#1,0,100.01,0.0,-1149832778#2,0,100.01,0.0,-1149832778#3,0,100.01,0.0,-1175493775#0,0,100.01,0.0,-1175493775#1,0,100.01,0.0,-1175493775#2,0,100.01,0.0,-1215966886,0,50.0,0.0,Tắc nghẽn,1.0
2026-04-01 09:50:23,1030,50,0.0,0.0,884.06,989.0,0,0,0,-1149832778#0,2,0.0,0.57,-1149832778#1,0,100.01,0.0,-1149832778#2,0,100.01,0.0,-1149832778#3,0,100.01,0.0,-1175493775#0,0,100.01,0.0,-1175493775#1,0,100.01,0.0,-1175493775#2,0,100.01,0.0,-1215966886,0,50.0,0.0,Tắc nghẽn,1.0
2026-04-01 09:50:24,1040,50,0.0,0.0,894.06,999.0,0,0,0,-1149832778#0,2,0.0,0.57,-1149832778#1,0,100.01,0.0,-1149832778#2,0,100.01,0.0,-1149832778#3,0,100.01,0.0,-1175493775#0,0,100.01,0.0,-1175493775#1,0,100.01,0.0,-1175493775#2,0,100.01,0.0,-1215966886,0,50.0,0.0,Tắc nghẽn,1.0
2026-04-01 09:50:24,1050,50,0.0,0.0,904.06,1009.0,0,0,0,-1149832778#0,2,0.0,0.57,-1149832778#1,0,100.01,0.0,-1149832778#2,0,100.01,0.0,-1149832778#3,0,100.01,0.0,-1175493775#0,0,100.01,0.0,-1175493775#1,0,100.01,0.0,-1175493775#2,0,100.01,0.0,-1215966886,0,50.0,0.0,Tắc nghẽn,1.0
2026-04-01 09:50:24,1060,50,0.0,0.0,914.06,1019.0,0,0,0,-1149832778#0,2,0.0,0.57,-1149832778#1,0,100.01,0.0,-1149832778#2,0,100.01,0.0,-1149832778#3,0,100.01,0.0,-1175493775#0,0,100.01,0.0,-1175493775#1,0,100.01,0.0,-1175493775#2,0,100.01,0.0,-1215966886,0,50.0,0.0,Tắc nghẽn,1.0
2026-04-01 09:50:24,1070,50,0.0,0.0,924.06,1029.0,0,0,0,-1149832778#0,2,0.0,0.57,-1149832778#1,0,100.01,0.0,-1149832778#2,0,100.01,0.0,-1149832778#3,0,100.01,0.0,-1175493775#0,0,100.01,0.0,-1175493775#1,0,100.01,0.0,-1175493775#2,0,100.01,0.0,-1215966886,0,50.0,0.0,Tắc nghẽn,1.0
2026-04-01 09:50:24,1080,50,0.0,0.0,934.06,1039.0,0,0,0,-1149832778#0,2,0.0,0.57,-1149832778#1,0,100.01,0.0,-1149832778#2,0,100.01,0.0,-1149832778#3,0,100.01,0.0,-1175493775#0,0,100.01,0.0,-1175493775#1,0,100.01,0.0,-1175493775#2,0,100.01,0.0,-1215966886,0,50.0,0.0,Tắc nghẽn,1.0
2026-04-01 09:50:24,1090,50,0.0,0.0,944.06,1049.0,0,0,0,-1149832778#0,2,0.0,0.57,-1149832778#1,0,100.01,0.0,-1149832778#2,0,100.01,0.0,-1149832778#3,0,100.01,0.0,-1175493775#0,0,100.01,0.0,-1175493775#1,0,100.01,0.0,-1175493775#2,0,100.01,0.0,-1215966886,0,50.0,0.0,Tắc nghẽn,1.0
2026-04-01 09:50:25,1100,50,0.0,0.0,954.06,1059.0,0,0,0,-1149832778#0,2,0.0,0.57,-1149832778#1,0,100.01,0.0,-1149832778#2,0,100.01,0.0,-1149832778#3,0,100.01,0.0,-1175493775#0,0,100.01,0.0,-1175493775#1,0,100.01,0.0,-1175493775#2,0,100.01,0.0,-1215966886,0,50.0,0.0,Tắc nghẽn,1.0
2026-04-01 09:50:25,1110,50,0.0,0.0,964.06,1069.0,0,0,0,-1149832778#0,2,0.0,0.57,-1149832778#1,0,100.01,0.0,-1149832778#2,0,100.01,0.0,-1149832778#3,0,100.01,0.0,-1175493775#0,0,100.01,0.0,-1175493775#1,0,100.01,0.0,-1175493775#2,0,100.01,0.0,-1215966886,0,50.0,0.0,Tắc nghẽn,1.0
2026-04-01 09:50:25,1120,50,0.0,0.0,974.06,1079.0,0,0,0,-1149832778#0,2,0.0,0.57,-1149832778#1,0,100.01,0.0,-1149832778#2,0,100.01,0.0,-1149832778#3,0,100.01,0.0,-1175493775#0,0,100.01,0.0,-1175493775#1,0,100.01,0.0,-1175493775#2,0,100.01,0.0,-1215966886,0,50.0,0.0,Tắc nghẽn,1.0
2026-04-01 09:50:25,1130,50,0.0,0.0,984.06,1089.0,0,0,0,-1149832778#0,2,0.0,0.57,-1149832778#1,0,100.01,0.0,-1149832778#2,0,100.01,0.0,-1149832778#3,0,100.01,0.0,-1175493775#0,0,100.01,0.0,-1175493775#1,0,100.01,0.0,-1175493775#2,0,100.01,0.0,-1215966886,0,50.0,0.0,Tắc nghẽn,1.0
2026-04-01 09:50:25,1140,50,0.0,0.0,994.06,1099.0,0,0,0,-1149832778#0,2,0.0,0.57,-1149832778#1,0,100.01,0.0,-1149832778#2,0,100.01,0.0,-1149832778#3,0,100.01,0.0,-1175493775#0,0,100.01,0.0,-1175493775#1,0,100.01,0.0,-1175493775#2,0,100.01,0.0,-1215966886,0,50.0,0.0,Tắc nghẽn,1.0
2026-04-01 09:50:25,1150,50,0.0,0.0,1004.06,1109.0,0,0,0,-1149832778#0,2,0.0,0.57,-1149832778#1,0,100.01,0.0,-1149832778#2,0,100.01,0.0,-1149832778#3,0,100.01,0.0,-1175493775#0,0,100.01,0.0,-1175493775#1,0,100.01,0.0,-1175493775#2,0,100.01,0.0,-1215966886,0,50.0,0.0,Tắc nghẽn,1.0
2026-04-01 09:50:26,1160,50,0.0,0.0,1014.06,1119.0,0,0,0,-1149832778#0,2,0.0,0.57,-1149832778#1,0,100.01,0.0,-1149832778#2,0,100.01,0.0,-1149832778#3,0,100.01,0.0,-1175493775#0,0,100.01,0.0,-1175493775#1,0,100.01,0.0,-1175493775#2,0,100.01,0.0,-1215966886,0,50.0,0.0,Tắc nghẽn,1.0
2026-04-01 09:50:26,1170,50,0.0,0.0,1024.06,1129.0,0,0,0,-1149832778#0,2,0.0,0.57,-1149832778#1,0,100.01,0.0,-1149832778#2,0,100.01,0.0,-1149832778#3,0,100.01,0.0,-1175493775#0,0,100.01,0.0,-1175493775#1,0,100.01,0.0,-1175493775#2,0,100.01,0.0,-1215966886,0,50.0,0.0,Tắc nghẽn,1.0
2026-04-01 09:50:26,1180,50,0.0,0.0,1034.06,1139.0,0,0,0,-1149832778#0,2,0.0,0.57,-1149832778#1,0,100.01,0.0,-1149832778#2,0,100.01,0.0,-1149832778#3,0,100.01,0.0,-1175493775#0,0,100.01,0.0,-1175493775#1,0,100.01,0.0,-1175493775#2,0,100.01,0.0,-1215966886,0,50.0,0.0,Tắc nghẽn,1.0
2026-04-01 09:50:26,1190,50,0.0,0.0,1044.06,1149.0,0,0,0,-1149832778#0,2,0.0,0.57,-1149832778#1,0,100.01,0.0,-1149832778#2,0,100.01,0.0,-1149832778#3,0,100.01,0.0,-1175493775#0,0,100.01,0.0,-1175493775#1,0,100.01,0.0,-1175493775#2,0,100.01,0.0,-1215966886,0,50.0,0.0,Tắc nghẽn,1.0
2026-04-01 09:50:26,1200,50,0.0,0.0,1054.06,1159.0,0,0,0,-1149832778#0,2,0.0,0.57,-1149832778#1,0,100.01,0.0,-1149832778#2,0,100.01,0.0,-1149832778#3,0,100.01,0.0,-1175493775#0,0,100.01,0.0,-1175493775#1,0,100.01,0.0,-1175493775#2,0,100.01,0.0,-1215966886,0,50.0,0.0,Tắc nghẽn,1.0
2026-04-01 09:50:26,1210,50,0.0,0.0,1064.06,1169.0,0,0,0,-1149832778#0,2,0.0,0.57,-1149832778#1,0,100.01,0.0,-1149832778#2,0,100.01,0.0,-1149832778#3,0,100.01,0.0,-1175493775#0,0,100.01,0.0,-1175493775#1,0,100.01,0.0,-1175493775#2,0,100.01,0.0,-1215966886,0,50.0,0.0,Tắc nghẽn,1.0
2026-04-01 09:50:27,1220,50,0.0,0.0,1074.06,1179.0,0,0,0,-1149832778#0,2,0.0,0.57,-1149832778#1,0,100.01,0.0,-1149832778#2,0,100.01,0.0,-1149832778#3,0,100.01,0.0,-1175493775#0,0,100.01,0.0,-1175493775#1,0,100.01,0.0,-1175493775#2,0,100.01,0.0,-1215966886,0,50.0,0.0,Tắc nghẽn,1.0
2026-04-01 09:50:27,1230,50,0.0,0.0,1084.06,1189.0,0,0,0,-1149832778#0,2,0.0,0.57,-1149832778#1,0,100.01,0.0,-1149832778#2,0,100.01,0.0,-1149832778#3,0,100.01,0.0,-1175493775#0,0,100.01,0.0,-1175493775#1,0,100.01,0.0,-1175493775#2,0,100.01,0.0,-1215966886,0,50.0,0.0,Tắc nghẽn,1.0
2026-04-01 09:50:27,1240,50,0.0,0.0,1094.06,1199.0,0,0,0,-1149832778#0,2,0.0,0.57,-1149832778#1,0,100.01,0.0,-1149832778#2,0,100.01,0.0,-1149832778#3,0,100.01,0.0,-1175493775#0,0,100.01,0.0,-1175493775#1,0,100.01,0.0,-1175493775#2,0,100.01,0.0,-1215966886,0,50.0,0.0,Tắc nghẽn,1.0
2026-04-01 09:50:27,1250,50,0.0,0.0,1104.06,1209.0,0,0,0,-1149832778#0,2,0.0,0.57,-1149832778#1,0,100.01,0.0,-1149832778#2,0,100.01,0.0,-1149832778#3,0,100.01,0.0,-1175493775#0,0,100.01,0.0,-1175493775#1,0,100.01,0.0,-1175493775#2,0,100.01,0.0,-1215966886,0,50.0,0.0,Tắc nghẽn,1.0
2026-04-01 09:50:27,1260,50,0.0,0.0,1114.06,1219.0,0,0,0,-1149832778#0,2,0.0,0.57,-1149832778#1,0,100.01,0.0,-1149832778#2,0,100.01,0.0,-1149832778#3,0,100.01,0.0,-1175493775#0,0,100.01,0.0,-1175493775#1,0,100.01,0.0,-1175493775#2,0,100.01,0.0,-1215966886,0,50.0,0.0,Tắc nghẽn,1.0
2026-04-01 09:50:27,1270,50,0.0,0.0,1124.06,1229.0,0,0,0,-1149832778#0,2,0.0,0.57,-1149832778#1,0,100.01,0.0,-1149832778#2,0,100.01,0.0,-1149832778#3,0,100.01,0.0,-1175493775#0,0,100.01,0.0,-1175493775#1,0,100.01,0.0,-1175493775#2,0,100.01,0.0,-1215966886,0,50.0,0.0,Tắc nghẽn,1.0
2026-04-01 09:50:27,1280,50,0.0,0.0,1134.06,1239.0,0,0,0,-1149832778#0,2,0.0,0.57,-1149832778#1,0,100.01,0.0,-1149832778#2,0,100.01,0.0,-1149832778#3,0,100.01,0.0,-1175493775#0,0,100.01,0.0,-1175493775#1,0,100.01,0.0,-1175493775#2,0,100.01,0.0,-1215966886,0,50.0,0.0,Tắc nghẽn,1.0
2026-04-01 09:50:28,1290,50,0.0,0.0,1144.06,1249.0,0,0,0,-1149832778#0,2,0.0,0.57,-1149832778#1,0,100.01,0.0,-1149832778#2,0,100.01,0.0,-1149832778#3,0,100.01,0.0,-1175493775#0,0,100.01,0.0,-1175493775#1,0,100.01,0.0,-1175493775#2,0,100.01,0.0,-1215966886,0,50.0,0.0,Tắc nghẽn,1.0
2026-04-01 09:50:28,1300,50,0.0,0.0,1154.06,1259.0,0,0,0,-1149832778#0,2,0.0,0.57,-1149832778#1,0,100.01,0.0,-1149832778#2,0,100.01,0.0,-1149832778#3,0,100.01,0.0,-1175493775#0,0,100.01,0.0,-1175493775#1,0,100.01,0.0,-1175493775#2,0,100.01,0.0,-1215966886,0,50.0,0.0,Tắc nghẽn,1.0
2026-04-01 09:50:28,1310,50,0.0,0.0,1164.06,1269.0,0,0,0,-1149832778#0,2,0.0,0.57,-1149832778#1,0,100.01,0.0,-1149832778#2,0,100.01,0.0,-1149832778#3,0,100.01,0.0,-1175493775#0,0,100.01,0.0,-1175493775#1,0,100.01,0.0,-1175493775#2,0,100.01,0.0,-1215966886,0,50.0,0.0,Tắc nghẽn,1.0
2026-04-01 09:50:28,1320,50,0.0,0.0,1174.06,1279.0,0,0,0,-1149832778#0,2,0.0,0.57,-1149832778#1,0,100.01,0.0,-1149832778#2,0,100.01,0.0,-1149832778#3,0,100.01,0.0,-1175493775#0,0,100.01,0.0,-1175493775#1,0,100.01,0.0,-1175493775#2,0,100.01,0.0,-1215966886,0,50.0,0.0,Tắc nghẽn,1.0
2026-04-01 09:50:28,1330,50,0.0,0.0,1184.06,1289.0,0,0,0,-1149832778#0,2,0.0,0.57,-1149832778#1,0,100.01,0.0,-1149832778#2,0,100.01,0.0,-1149832778#3,0,100.01,0.0,-1175493775#0,0,100.01,0.0,-1175493775#1,0,100.01,0.0,-1175493775#2,0,100.01,0.0,-1215966886,0,50.0,0.0,Tắc nghẽn,1.0
2026-04-01 09:50:28,1340,50,0.0,0.0,1194.06,1299.0,0,0,0,-1149832778#0,2,0.0,0.57,-1149832778#1,0,100.01,0.0,-1149832778#2,0,100.01,0.0,-1149832778#3,0,100.01,0.0,-1175493775#0,0,100.01,0.0,-1175493775#1,0,100.01,0.0,-1175493775#2,0,100.01,0.0,-1215966886,0,50.0,0.0,Tắc nghẽn,1.0
2026-04-01 09:50:29,1350,50,0.0,0.0,1204.06,1309.0,0,0,0,-1149832778#0,2,0.0,0.57,-1149832778#1,0,100.01,0.0,-1149832778#2,0,100.01,0.0,-1149832778#3,0,100.01,0.0,-1175493775#0,0,100.01,0.0,-1175493775#1,0,100.01,0.0,-1175493775#2,0,100.01,0.0,-1215966886,0,50.0,0.0,Tắc nghẽn,1.0
2026-04-01 09:50:29,1360,50,0.0,0.0,1214.06,1319.0,0,0,0,-1149832778#0,2,0.0,0.57,-1149832778#1,0,100.01,0.0,-1149832778#2,0,100.01,0.0,-1149832778#3,0,100.01,0.0,-1175493775#0,0,100.01,0.0,-1175493775#1,0,100.01,0.0,-1175493775#2,0,100.01,0.0,-1215966886,0,50.0,0.0,Tắc nghẽn,1.0
2026-04-01 09:50:29,1370,50,0.0,0.0,1224.06,1329.0,0,0,0,-1149832778#0,2,0.0,0.57,-1149832778#1,0,100.01,0.0,-1149832778#2,0,100.01,0.0,-1149832778#3,0,100.01,0.0,-1175493775#0,0,100.01,0.0,-1175493775#1,0,100.01,0.0,-1175493775#2,0,100.01,0.0,-1215966886,0,50.0,0.0,Tắc nghẽn,1.0
2026-04-01 09:50:29,1380,50,0.0,0.0,1234.06,1339.0,0,0,0,-1149832778#0,2,0.0,0.57,-1149832778#1,0,100.01,0.0,-1149832778#2,0,100.01,0.0,-1149832778#3,0,100.01,0.0,-1175493775#0,0,100.01,0.0,-1175493775#1,0,100.01,0.0,-1175493775#2,0,100.01,0.0,-1215966886,0,50.0,0.0,Tắc nghẽn,1.0
2026-04-01 09:50:29,1390,50,0.0,0.0,1244.06,1349.0,0,0,0,-1149832778#0,2,0.0,0.57,-1149832778#1,0,100.01,0.0,-1149832778#2,0,100.01,0.0,-1149832778#3,0,100.01,0.0,-1175493775#0,0,100.01,0.0,-1175493775#1,0,100.01,0.0,-1175493775#2,0,100.01,0.0,-1215966886,0,50.0,0.0,Tắc nghẽn,1.0
2026-04-01 09:50:29,1400,50,0.0,0.0,1254.06,1359.0,0,0,0,-1149832778#0,2,0.0,0.57,-1149832778#1,0,100.01,0.0,-1149832778#2,0,100.01,0.0,-1149832778#3,0,100.01,0.0,-1175493775#0,0,100.01,0.0,-1175493775#1,0,100.01,0.0,-1175493775#2,0,100.01,0.0,-1215966886,0,50.0,0.0,Tắc nghẽn,1.0
2026-04-01 09:50:29,1410,50,0.0,0.0,1264.06,1369.0,0,0,0,-1149832778#0,2,0.0,0.57,-1149832778#1,0,100.01,0.0,-1149832778#2,0,100.01,0.0,-1149832778#3,0,100.01,0.0,-1175493775#0,0,100.01,0.0,-1175493775#1,0,100.01,0.0,-1175493775#2,0,100.01,0.0,-1215966886,0,50.0,0.0,Tắc nghẽn,1.0
2026-04-01 09:50:30,1420,50,0.0,0.0,1274.06,1379.0,0,0,0,-1149832778#0,2,0.0,0.57,-1149832778#1,0,100.01,0.0,-1149832778#2,0,100.01,0.0,-1149832778#3,0,100.01,0.0,-1175493775#0,0,100.01,0.0,-1175493775#1,0,100.01,0.0,-1175493775#2,0,100.01,0.0,-1215966886,0,50.0,0.0,Tắc nghẽn,1.0
2026-04-01 09:50:30,1430,50,0.0,0.0,1284.06,1389.0,0,0,0,-1149832778#0,2,0.0,0.57,-1149832778#1,0,100.01,0.0,-1149832778#2,0,100.01,0.0,-1149832778#3,0,100.01,0.0,-1175493775#0,0,100.01,0.0,-1175493775#1,0,100.01,0.0,-1175493775#2,0,100.01,0.0,-1215966886,0,50.0,0.0,Tắc nghẽn,1.0
2026-04-01 09:50:30,1440,50,0.0,0.0,1294.06,1399.0,0,0,0,-1149832778#0,2,0.0,0.57,-1149832778#1,0,100.01,0.0,-1149832778#2,0,100.01,0.0,-1149832778#3,0,100.01,0.0,-1175493775#0,0,100.01,0.0,-1175493775#1,0,100.01,0.0,-1175493775#2,0,100.01,0.0,-1215966886,0,50.0,0.0,Tắc nghẽn,1.0
2026-04-01 09:50:30,1450,50,0.0,0.0,1304.06,1409.0,0,0,0,-1149832778#0,2,0.0,0.57,-1149832778#1,0,100.01,0.0,-1149832778#2,0,100.01,0.0,-1149832778#3,0,100.01,0.0,-1175493775#0,0,100.01,0.0,-1175493775#1,0,100.01,0.0,-1175493775#2,0,100.01,0.0,-1215966886,0,50.0,0.0,Tắc nghẽn,1.0
2026-04-01 09:50:30,1460,50,0.0,0.0,1314.06,1419.0,0,0,0,-1149832778#0,2,0.0,0.57,-1149832778#1,0,100.01,0.0,-1149832778#2,0,100.01,0.0,-1149832778#3,0,100.01,0.0,-1175493775#0,0,100.01,0.0,-1175493775#1,0,100.01,0.0,-1175493775#2,0,100.01,0.0,-1215966886,0,50.0,0.0,Tắc nghẽn,1.0
2026-04-01 09:50:30,1470,50,0.0,0.0,1324.06,1429.0,0,0,0,-1149832778#0,2,0.0,0.57,-1149832778#1,0,100.01,0.0,-1149832778#2,0,100.01,0.0,-1149832778#3,0,100.01,0.0,-1175493775#0,0,100.01,0.0,-1175493775#1,0,100.01,0.0,-1175493775#2,0,100.01,0.0,-1215966886,0,50.0,0.0,Tắc nghẽn,1.0
2026-04-01 09:50:31,1480,50,0.0,0.0,1334.06,1439.0,0,0,0,-1149832778#0,2,0.0,0.57,-1149832778#1,0,100.01,0.0,-1149832778#2,0,100.01,0.0,-1149832778#3,0,100.01,0.0,-1175493775#0,0,100.01,0.0,-1175493775#1,0,100.01,0.0,-1175493775#2,0,100.01,0.0,-1215966886,0,50.0,0.0,Tắc nghẽn,1.0
2026-04-01 09:50:31,1490,50,0.0,0.0,1344.06,1449.0,0,0,0,-1149832778#0,2,0.0,0.57,-1149832778#1,0,100.01,0.0,-1149832778#2,0,100.01,0.0,-1149832778#3,0,100.01,0.0,-1175493775#0,0,100.01,0.0,-1175493775#1,0,100.01,0.0,-1175493775#2,0,100.01,0.0,-1215966886,0,50.0,0.0,Tắc nghẽn,1.0
2026-04-01 09:50:31,1500,50,0.0,0.0,1354.06,1459.0,0,0,0,-1149832778#0,2,0.0,0.57,-1149832778#1,0,100.01,0.0,-1149832778#2,0,100.01,0.0,-1149832778#3,0,100.01,0.0,-1175493775#0,0,100.01,0.0,-1175493775#1,0,100.01,0.0,-1175493775#2,0,100.01,0.0,-1215966886,0,50.0,0.0,Tắc nghẽn,1.0
2026-04-01 09:50:31,1510,50,0.0,0.0,1364.06,1469.0,0,0,0,-1149832778#0,2,0.0,0.57,-1149832778#1,0,100.01,0.0,-1149832778#2,0,100.01,0.0,-1149832778#3,0,100.01,0.0,-1175493775#0,0,100.01,0.0,-1175493775#1,0,100.01,0.0,-1175493775#2,0,100.01,0.0,-1215966886,0,50.0,0.0,Tắc nghẽn,1.0
2026-04-01 09:50:31,1520,50,0.0,0.0,1374.06,1479.0,0,0,0,-1149832778#0,2,0.0,0.57,-1149832778#1,0,100.01,0.0,-1149832778#2,0,100.01,0.0,-1149832778#3,0,100.01,0.0,-1175493775#0,0,100.01,0.0,-1175493775#1,0,100.01,0.0,-1175493775#2,0,100.01,0.0,-1215966886,0,50.0,0.0,Tắc nghẽn,1.0
2026-04-01 09:50:31,1530,50,0.0,0.0,1384.06,1489.0,0,0,0,-1149832778#0,2,0.0,0.57,-1149832778#1,0,100.01,0.0,-1149832778#2,0,100.01,0.0,-1149832778#3,0,100.01,0.0,-1175493775#0,0,100.01,0.0,-1175493775#1,0,100.01,0.0,-1175493775#2,0,100.01,0.0,-1215966886,0,50.0,0.0,Tắc nghẽn,1.0
2026-04-01 09:50:32,1540,50,0.0,0.0,1394.06,1499.0,0,0,0,-1149832778#0,2,0.0,0.57,-1149832778#1,0,100.01,0.0,-1149832778#2,0,100.01,0.0,-1149832778#3,0,100.01,0.0,-1175493775#0,0,100.01,0.0,-1175493775#1,0,100.01,0.0,-1175493775#2,0,100.01,0.0,-1215966886,0,50.0,0.0,Tắc nghẽn,1.0
2026-04-01 09:50:32,1550,50,0.0,0.0,1404.06,1509.0,0,0,0,-1149832778#0,2,0.0,0.57,-1149832778#1,0,100.01,0.0,-1149832778#2,0,100.01,0.0,-1149832778#3,0,100.01,0.0,-1175493775#0,0,100.01,0.0,-1175493775#1,0,100.01,0.0,-1175493775#2,0,100.01,0.0,-1215966886,0,50.0,0.0,Tắc nghẽn,1.0
2026-04-01 09:50:32,1560,50,0.0,0.0,1414.06,1519.0,0,0,0,-1149832778#0,2,0.0,0.57,-1149832778#1,0,100.01,0.0,-1149832778#2,0,100.01,0.0,-1149832778#3,0,100.01,0.0,-1175493775#0,0,100.01,0.0,-1175493775#1,0,100.01,0.0,-1175493775#2,0,100.01,0.0,-1215966886,0,50.0,0.0,Tắc nghẽn,1.0
2026-04-01 09:50:32,1570,50,0.0,0.0,1424.06,1529.0,0,0,0,-1149832778#0,2,0.0,0.57,-1149832778#1,0,100.01,0.0,-1149832778#2,0,100.01,0.0,-1149832778#3,0,100.01,0.0,-1175493775#0,0,100.01,0.0,-1175493775#1,0,100.01,0.0,-1175493775#2,0,100.01,0.0,-1215966886,0,50.0,0.0,Tắc nghẽn,1.0
2026-04-01 09:50:32,1580,50,0.0,0.0,1434.06,1539.0,0,0,0,-1149832778#0,2,0.0,0.57,-1149832778#1,0,100.01,0.0,-1149832778#2,0,100.01,0.0,-1149832778#3,0,100.01,0.0,-1175493775#0,0,100.01,0.0,-1175493775#1,0,100.01,0.0,-1175493775#2,0,100.01,0.0,-1215966886,0,50.0,0.0,Tắc nghẽn,1.0
2026-04-01 09:50:32,1590,50,0.0,0.0,1444.06,1549.0,0,0,0,-1149832778#0,2,0.0,0.57,-1149832778#1,0,100.01,0.0,-1149832778#2,0,100.01,0.0,-1149832778#3,0,100.01,0.0,-1175493775#0,0,100.01,0.0,-1175493775#1,0,100.01,0.0,-1175493775#2,0,100.01,0.0,-1215966886,0,50.0,0.0,Tắc nghẽn,1.0
2026-04-01 09:50:32,1600,50,0.0,0.0,1454.06,1559.0,0,0,0,-1149832778#0,2,0.0,0.57,-1149832778#1,0,100.01,0.0,-1149832778#2,0,100.01,0.0,-1149832778#3,0,100.01,0.0,-1175493775#0,0,100.01,0.0,-1175493775#1,0,100.01,0.0,-1175493775#2,0,100.01,0.0,-1215966886,0,50.0,0.0,Tắc nghẽn,1.0
2026-04-01 09:50:33,1610,50,0.0,0.0,1464.06,1569.0,0,0,0,-1149832778#0,2,0.0,0.57,-1149832778#1,0,100.01,0.0,-1149832778#2,0,100.01,0.0,-1149832778#3,0,100.01,0.0,-1175493775#0,0,100.01,0.0,-1175493775#1,0,100.01,0.0,-1175493775#2,0,100.01,0.0,-1215966886,0,50.0,0.0,Tắc nghẽn,1.0
2026-04-01 09:50:33,1620,50,0.0,0.0,1474.06,1579.0,0,0,0,-1149832778#0,2,0.0,0.57,-1149832778#1,0,100.01,0.0,-1149832778#2,0,100.01,0.0,-1149832778#3,0,100.01,0.0,-1175493775#0,0,100.01,0.0,-1175493775#1,0,100.01,0.0,-1175493775#2,0,100.01,0.0,-1215966886,0,50.0,0.0,Tắc nghẽn,1.0
2026-04-01 09:50:33,1630,50,0.0,0.0,1484.06,1589.0,0,0,0,-1149832778#0,2,0.0,0.57,-1149832778#1,0,100.01,0.0,-1149832778#2,0,100.01,0.0,-1149832778#3,0,100.01,0.0,-1175493775#0,0,100.01,0.0,-1175493775#1,0,100.01,0.0,-1175493775#2,0,100.01,0.0,-1215966886,0,50.0,0.0,Tắc nghẽn,1.0
2026-04-01 09:50:33,1640,50,0.0,0.0,1494.06,1599.0,0,0,0,-1149832778#0,2,0.0,0.57,-1149832778#1,0,100.01,0.0,-1149832778#2,0,100.01,0.0,-1149832778#3,0,100.01,0.0,-1175493775#0,0,100.01,0.0,-1175493775#1,0,100.01,0.0,-1175493775#2,0,100.01,0.0,-1215966886,0,50.0,0.0,Tắc nghẽn,1.0
2026-04-01 09:50:33,1650,50,0.0,0.0,1504.06,1609.0,0,0,0,-1149832778#0,2,0.0,0.57,-1149832778#1,0,100.01,0.0,-1149832778#2,0,100.01,0.0,-1149832778#3,0,100.01,0.0,-1175493775#0,0,100.01,0.0,-1175493775#1,0,100.01,0.0,-1175493775#2,0,100.01,0.0,-1215966886,0,50.0,0.0,Tắc nghẽn,1.0
2026-04-01 09:50:33,1660,50,0.0,0.0,1514.06,1619.0,0,0,0,-1149832778#0,2,0.0,0.57,-1149832778#1,0,100.01,0.0,-1149832778#2,0,100.01,0.0,-1149832778#3,0,100.01,0.0,-1175493775#0,0,100.01,0.0,-1175493775#1,0,100.01,0.0,-1175493775#2,0,100.01,0.0,-1215966886,0,50.0,0.0,Tắc nghẽn,1.0
2026-04-01 09:50:34,1670,50,0.0,0.0,1524.06,1629.0,0,0,0,-1149832778#0,2,0.0,0.57,-1149832778#1,0,100.01,0.0,-1149832778#2,0,100.01,0.0,-1149832778#3,0,100.01,0.0,-1175493775#0,0,100.01,0.0,-1175493775#1,0,100.01,0.0,-1175493775#2,0,100.01,0.0,-1215966886,0,50.0,0.0,Tắc nghẽn,1.0
2026-04-01 09:50:34,1680,50,0.0,0.0,1534.06,1639.0,0,0,0,-1149832778#0,2,0.0,0.57,-1149832778#1,0,100.01,0.0,-1149832778#2,0,100.01,0.0,-1149832778#3,0,100.01,0.0,-1175493775#0,0,100.01,0.0,-1175493775#1,0,100.01,0.0,-1175493775#2,0,100.01,0.0,-1215966886,0,50.0,0.0,Tắc nghẽn,1.0
2026-04-01 09:50:34,1690,50,0.0,0.0,1544.06,1649.0,0,0,0,-1149832778#0,2,0.0,0.57,-1149832778#1,0,100.01,0.0,-1149832778#2,0,100.01,0.0,-1149832778#3,0,100.01,0.0,-1175493775#0,0,100.01,0.0,-1175493775#1,0,100.01,0.0,-1175493775#2,0,100.01,0.0,-1215966886,0,50.0,0.0,Tắc nghẽn,1.0
2026-04-01 09:50:34,1700,50,0.0,0.0,1554.06,1659.0,0,0,0,-1149832778#0,2,0.0,0.57,-1149832778#1,0,100.01,0.0,-1149832778#2,0,100.01,0.0,-1149832778#3,0,100.01,0.0,-1175493775#0,0,100.01,0.0,-1175493775#1,0,100.01,0.0,-1175493775#2,0,100.01,0.0,-1215966886,0,50.0,0.0,Tắc nghẽn,1.0
2026-04-01 09:50:34,1710,50,0.0,0.0,1564.06,1669.0,0,0,0,-1149832778#0,2,0.0,0.57,-1149832778#1,0,100.01,0.0,-1149832778#2,0,100.01,0.0,-1149832778#3,0,100.01,0.0,-1175493775#0,0,100.01,0.0,-1175493775#1,0,100.01,0.0,-1175493775#2,0,100.01,0.0,-1215966886,0,50.0,0.0,Tắc nghẽn,1.0
2026-04-01 09:50:34,1720,50,0.0,0.0,1574.06,1679.0,0,0,0,-1149832778#0,2,0.0,0.57,-1149832778#1,0,100.01,0.0,-1149832778#2,0,100.01,0.0,-1149832778#3,0,100.01,0.0,-1175493775#0,0,100.01,0.0,-1175493775#1,0,100.01,0.0,-1175493775#2,0,100.01,0.0,-1215966886,0,50.0,0.0,Tắc nghẽn,1.0
2026-04-01 09:50:35,1730,50,0.0,0.0,1584.06,1689.0,0,0,0,-1149832778#0,2,0.0,0.57,-1149832778#1,0,100.01,0.0,-1149832778#2,0,100.01,0.0,-1149832778#3,0,100.01,0.0,-1175493775#0,0,100.01,0.0,-1175493775#1,0,100.01,0.0,-1175493775#2,0,100.01,0.0,-1215966886,0,50.0,0.0,Tắc nghẽn,1.0
2026-04-01 09:50:35,1740,50,0.0,0.0,1594.06,1699.0,0,0,0,-1149832778#0,2,0.0,0.57,-1149832778#1,0,100.01,0.0,-1149832778#2,0,100.01,0.0,-1149832778#3,0,100.01,0.0,-1175493775#0,0,100.01,0.0,-1175493775#1,0,100.01,0.0,-1175493775#2,0,100.01,0.0,-1215966886,0,50.0,0.0,Tắc nghẽn,1.0
2026-04-01 09:50:35,1750,50,0.0,0.0,1604.06,1709.0,0,0,0,-1149832778#0,2,0.0,0.57,-1149832778#1,0,100.01,0.0,-1149832778#2,0,100.01,0.0,-1149832778#3,0,100.01,0.0,-1175493775#0,0,100.01,0.0,-1175493775#1,0,100.01,0.0,-1175493775#2,0,100.01,0.0,-1215966886,0,50.0,0.0,Tắc nghẽn,1.0
2026-04-01 09:50:35,1760,50,0.0,0.0,1614.06,1719.0,0,0,0,-1149832778#0,2,0.0,0.57,-1149832778#1,0,100.01,0.0,-1149832778#2,0,100.01,0.0,-1149832778#3,0,100.01,0.0,-1175493775#0,0,100.01,0.0,-1175493775#1,0,100.01,0.0,-1175493775#2,0,100.01,0.0,-1215966886,0,50.0,0.0,Tắc nghẽn,1.0
2026-04-01 09:50:35,1770,50,0.0,0.0,1624.06,1729.0,0,0,0,-1149832778#0,2,0.0,0.57,-1149832778#1,0,100.01,0.0,-1149832778#2,0,100.01,0.0,-1149832778#3,0,100.01,0.0,-1175493775#0,0,100.01,0.0,-1175493775#1,0,100.01,0.0,-1175493775#2,0,100.01,0.0,-1215966886,0,50.0,0.0,Tắc nghẽn,1.0
2026-04-01 09:50:35,1780,50,0.0,0.0,1634.06,1739.0,0,0,0,-1149832778#0,2,0.0,0.57,-1149832778#1,0,100.01,0.0,-1149832778#2,0,100.01,0.0,-1149832778#3,0,100.01,0.0,-1175493775#0,0,100.01,0.0,-1175493775#1,0,100.01,0.0,-1175493775#2,0,100.01,0.0,-1215966886,0,50.0,0.0,Tắc nghẽn,1.0
2026-04-01 09:50:35,1790,50,0.0,0.0,1644.06,1749.0,0,0,0,-1149832778#0,2,0.0,0.57,-1149832778#1,0,100.01,0.0,-1149832778#2,0,100.01,0.0,-1149832778#3,0,100.01,0.0,-1175493775#0,0,100.01,0.0,-1175493775#1,0,100.01,0.0,-1175493775#2,0,100.01,0.0,-1215966886,0,50.0,0.0,Tắc nghẽn,1.0
2026-04-01 09:50:36,1800,50,0.0,0.0,1654.06,1759.0,0,0,0,-1149832778#0,2,0.0,0.57,-1149832778#1,0,100.01,0.0,-1149832778#2,0,100.01,0.0,-1149832778#3,0,100.01,0.0,-1175493775#0,0,100.01,0.0,-1175493775#1,0,100.01,0.0,-1175493775#2,0,100.01,0.0,-1215966886,0,50.0,0.0,Tắc nghẽn,1.0
2026-04-01 09:50:36,1810,50,0.0,0.0,1664.06,1769.0,0,0,0,-1149832778#0,2,0.0,0.57,-1149832778#1,0,100.01,0.0,-1149832778#2,0,100.01,0.0,-1149832778#3,0,100.01,0.0,-1175493775#0,0,100.01,0.0,-1175493775#1,0,100.01,0.0,-1175493775#2,0,100.01,0.0,-1215966886,0,50.0,0.0,Tắc nghẽn,1.0
2026-04-01 09:50:36,1820,50,0.0,0.0,1674.06,1779.0,0,0,0,-1149832778#0,2,0.0,0.57,-1149832778#1,0,100.01,0.0,-1149832778#2,0,100.01,0.0,-1149832778#3,0,100.01,0.0,-1175493775#0,0,100.01,0.0,-1175493775#1,0,100.01,0.0,-1175493775#2,0,100.01,0.0,-1215966886,0,50.0,0.0,Tắc nghẽn,1.0
2026-04-01 09:50:36,1830,50,0.0,0.0,1684.06,1789.0,0,0,0,-1149832778#0,2,0.0,0.57,-1149832778#1,0,100.01,0.0,-1149832778#2,0,100.01,0.0,-1149832778#3,0,100.01,0.0,-1175493775#0,0,100.01,0.0,-1175493775#1,0,100.01,0.0,-1175493775#2,0,100.01,0.0,-1215966886,0,50.0,0.0,Tắc nghẽn,1.0
2026-04-01 09:50:36,1840,50,0.0,0.0,1694.06,1799.0,0,0,0,-1149832778#0,2,0.0,0.57,-1149832778#1,0,100.01,0.0,-1149832778#2,0,100.01,0.0,-1149832778#3,0,100.01,0.0,-1175493775#0,0,100.01,0.0,-1175493775#1,0,100.01,0.0,-1175493775#2,0,100.01,0.0,-1215966886,0,50.0,0.0,Tắc nghẽn,1.0
2026-04-01 09:50:36,1850,50,0.0,0.0,1704.06,1809.0,0,0,0,-1149832778#0,2,0.0,0.57,-1149832778#1,0,100.01,0.0,-1149832778#2,0,100.01,0.0,-1149832778#3,0,100.01,0.0,-1175493775#0,0,100.01,0.0,-1175493775#1,0,100.01,0.0,-1175493775#2,0,100.01,0.0,-1215966886,0,50.0,0.0,Tắc nghẽn,1.0
2026-04-01 09:50:37,1860,50,0.0,0.0,1714.06,1819.0,0,0,0,-1149832778#0,2,0.0,0.57,-1149832778#1,0,100.01,0.0,-1149832778#2,0,100.01,0.0,-1149832778#3,0,100.01,0.0,-1175493775#0,0,100.01,0.0,-1175493775#1,0,100.01,0.0,-1175493775#2,0,100.01,0.0,-1215966886,0,50.0,0.0,Tắc nghẽn,1.0
2026-04-01 09:50:37,1870,50,0.0,0.0,1724.06,1829.0,0,0,0,-1149832778#0,2,0.0,0.57,-1149832778#1,0,100.01,0.0,-1149832778#2,0,100.01,0.0,-1149832778#3,0,100.01,0.0,-1175493775#0,0,100.01,0.0,-1175493775#1,0,100.01,0.0,-1175493775#2,0,100.01,0.0,-1215966886,0,50.0,0.0,Tắc nghẽn,1.0
2026-04-01 09:50:37,1880,50,0.0,0.0,1734.06,1839.0,0,0,0,-1149832778#0,2,0.0,0.57,-1149832778#1,0,100.01,0.0,-1149832778#2,0,100.01,0.0,-1149832778#3,0,100.01,0.0,-1175493775#0,0,100.01,0.0,-1175493775#1,0,100.01,0.0,-1175493775#2,0,100.01,0.0,-1215966886,0,50.0,0.0,Tắc nghẽn,1.0
2026-04-01 09:50:37,1890,50,0.0,0.0,1744.06,1849.0,0,0,0,-1149832778#0,2,0.0,0.57,-1149832778#1,0,100.01,0.0,-1149832778#2,0,100.01,0.0,-1149832778#3,0,100.01,0.0,-1175493775#0,0,100.01,0.0,-1175493775#1,0,100.01,0.0,-1175493775#2,0,100.01,0.0,-1215966886,0,50.0,0.0,Tắc nghẽn,1.0
2026-04-01 09:50:37,1900,50,0.0,0.0,1754.06,1859.0,0,0,0,-1149832778#0,2,0.0,0.57,-1149832778#1,0,100.01,0.0,-1149832778#2,0,100.01,0.0,-1149832778#3,0,100.01,0.0,-1175493775#0,0,100.01,0.0,-1175493775#1,0,100.01,0.0,-1175493775#2,0,100.01,0.0,-1215966886,0,50.0,0.0,Tắc nghẽn,1.0
2026-04-01 09:50:37,1910,50,0.0,0.0,1764.06,1869.0,0,0,0,-1149832778#0,2,0.0,0.57,-1149832778#1,0,100.01,0.0,-1149832778#2,0,100.01,0.0,-1149832778#3,0,100.01,0.0,-1175493775#0,0,100.01,0.0,-1175493775#1,0,100.01,0.0,-1175493775#2,0,100.01,0.0,-1215966886,0,50.0,0.0,Tắc nghẽn,1.0
2026-04-01 09:50:38,1920,50,0.0,0.0,1774.06,1879.0,0,0,0,-1149832778#0,2,0.0,0.57,-1149832778#1,0,100.01,0.0,-1149832778#2,0,100.01,0.0,-1149832778#3,0,100.01,0.0,-1175493775#0,0,100.01,0.0,-1175493775#1,0,100.01,0.0,-1175493775#2,0,100.01,0.0,-1215966886,0,50.0,0.0,Tắc nghẽn,1.0
2026-04-01 09:50:38,1930,50,0.0,0.0,1784.06,1889.0,0,0,0,-1149832778#0,2,0.0,0.57,-1149832778#1,0,100.01,0.0,-1149832778#2,0,100.01,0.0,-1149832778#3,0,100.01,0.0,-1175493775#0,0,100.01,0.0,-1175493775#1,0,100.01,0.0,-1175493775#2,0,100.01,0.0,-1215966886,0,50.0,0.0,Tắc nghẽn,1.0
2026-04-01 09:50:38,1940,50,0.0,0.0,1794.06,1899.0,0,0,0,-1149832778#0,2,0.0,0.57,-1149832778#1,0,100.01,0.0,-1149832778#2,0,100.01,0.0,-1149832778#3,0,100.01,0.0,-1175493775#0,0,100.01,0.0,-1175493775#1,0,100.01,0.0,-1175493775#2,0,100.01,0.0,-1215966886,0,50.0,0.0,Tắc nghẽn,1.0
2026-04-01 09:50:38,1950,50,0.0,0.0,1804.06,1909.0,0,0,0,-1149832778#0,2,0.0,0.57,-1149832778#1,0,100.01,0.0,-1149832778#2,0,100.01,0.0,-1149832778#3,0,100.01,0.0,-1175493775#0,0,100.01,0.0,-1175493775#1,0,100.01,0.0,-1175493775#2,0,100.01,0.0,-1215966886,0,50.0,0.0,Tắc nghẽn,1.0
2026-04-01 09:50:38,1960,50,0.0,0.0,1814.06,1919.0,0,0,0,-1149832778#0,2,0.0,0.57,-1149832778#1,0,100.01,0.0,-1149832778#2,0,100.01,0.0,-1149832778#3,0,100.01,0.0,-1175493775#0,0,100.01,0.0,-1175493775#1,0,100.01,0.0,-1175493775#2,0,100.01,0.0,-1215966886,0,50.0,0.0,Tắc nghẽn,1.0
2026-04-01 09:50:38,1970,50,0.0,0.0,1824.06,1929.0,0,0,0,-1149832778#0,2,0.0,0.57,-1149832778#1,0,100.01,0.0,-1149832778#2,0,100.01,0.0,-1149832778#3,0,100.01,0.0,-1175493775#0,0,100.01,0.0,-1175493775#1,0,100.01,0.0,-1175493775#2,0,100.01,0.0,-1215966886,0,50.0,0.0,Tắc nghẽn,1.0
2026-04-01 09:50:38,1980,50,0.0,0.0,1834.06,1939.0,0,0,0,-1149832778#0,2,0.0,0.57,-1149832778#1,0,100.01,0.0,-1149832778#2,0,100.01,0.0,-1149832778#3,0,100.01,0.0,-1175493775#0,0,100.01,0.0,-1175493775#1,0,100.01,0.0,-1175493775#2,0,100.01,0.0,-1215966886,0,50.0,0.0,Tắc nghẽn,1.0
2026-04-01 09:50:39,1990,50,0.0,0.0,1844.06,1949.0,0,0,0,-1149832778#0,2,0.0,0.57,-1149832778#1,0,100.01,0.0,-1149832778#2,0,100.01,0.0,-1149832778#3,0,100.01,0.0,-1175493775#0,0,100.01,0.0,-1175493775#1,0,100.01,0.0,-1175493775#2,0,100.01,0.0,-1215966886,0,50.0,0.0,Tắc nghẽn,1.0
2026-04-01 09:50:39,2000,50,0.0,0.0,1854.06,1959.0,0,0,0,-1149832778#0,2,0.0,0.57,-1149832778#1,0,100.01,0.0,-1149832778#2,0,100.01,0.0,-1149832778#3,0,100.01,0.0,-1175493775#0,0,100.01,0.0,-1175493775#1,0,100.01,0.0,-1175493775#2,0,100.01,0.0,-1215966886,0,50.0,0.0,Tắc nghẽn,1.0
2026-04-01 09:50:39,2010,50,0.0,0.0,1864.06,1969.0,0,0,0,-1149832778#0,2,0.0,0.57,-1149832778#1,0,100.01,0.0,-1149832778#2,0,100.01,0.0,-1149832778#3,0,100.01,0.0,-1175493775#0,0,100.01,0.0,-1175493775#1,0,100.01,0.0,-1175493775#2,0,100.01,0.0,-1215966886,0,50.0,0.0,Tắc nghẽn,1.0
2026-04-01 09:50:39,2020,50,0.0,0.0,1874.06,1979.0,0,0,0,-1149832778#0,2,0.0,0.57,-1149832778#1,0,100.01,0.0,-1149832778#2,0,100.01,0.0,-1149832778#3,0,100.01,0.0,-1175493775#0,0,100.01,0.0,-1175493775#1,0,100.01,0.0,-1175493775#2,0,100.01,0.0,-1215966886,0,50.0,0.0,Tắc nghẽn,1.0
2026-04-01 09:50:39,2030,50,0.0,0.0,1884.06,1989.0,0,0,0,-1149832778#0,2,0.0,0.57,-1149832778#1,0,100.01,0.0,-1149832778#2,0,100.01,0.0,-1149832778#3,0,100.01,0.0,-1175493775#0,0,100.01,0.0,-1175493775#1,0,100.01,0.0,-1175493775#2,0,100.01,0.0,-1215966886,0,50.0,0.0,Tắc nghẽn,1.0
2026-04-01 09:50:39,2040,50,0.0,0.0,1894.06,1999.0,0,0,0,-1149832778#0,2,0.0,0.57,-1149832778#1,0,100.01,0.0,-1149832778#2,0,100.01,0.0,-1149832778#3,0,100.01,0.0,-1175493775#0,0,100.01,0.0,-1175493775#1,0,100.01,0.0,-1175493775#2,0,100.01,0.0,-1215966886,0,50.0,0.0,Tắc nghẽn,1.0
2026-04-01 09:50:40,2050,50,0.0,0.0,1904.06,2009.0,0,0,0,-1149832778#0,2,0.0,0.57,-1149832778#1,0,100.01,0.0,-1149832778#2,0,100.01,0.0,-1149832778#3,0,100.01,0.0,-1175493775#0,0,100.01,0.0,-1175493775#1,0,100.01,0.0,-1175493775#2,0,100.01,0.0,-1215966886,0,50.0,0.0,Tắc nghẽn,1.0
2026-04-01 09:50:40,2060,50,0.0,0.0,1914.06,2019.0,0,0,0,-1149832778#0,2,0.0,0.57,-1149832778#1,0,100.01,0.0,-1149832778#2,0,100.01,0.0,-1149832778#3,0,100.01,0.0,-1175493775#0,0,100.01,0.0,-1175493775#1,0,100.01,0.0,-1175493775#2,0,100.01,0.0,-1215966886,0,50.0,0.0,Tắc nghẽn,1.0
2026-04-01 09:50:40,2070,50,0.0,0.0,1924.06,2029.0,0,0,0,-1149832778#0,2,0.0,0.57,-1149832778#1,0,100.01,0.0,-1149832778#2,0,100.01,0.0,-1149832778#3,0,100.01,0.0,-1175493775#0,0,100.01,0.0,-1175493775#1,0,100.01,0.0,-1175493775#2,0,100.01,0.0,-1215966886,0,50.0,0.0,Tắc nghẽn,1.0
2026-04-01 09:50:40,2080,50,0.0,0.0,1934.06,2039.0,0,0,0,-1149832778#0,2,0.0,0.57,-1149832778#1,0,100.01,0.0,-1149832778#2,0,100.01,0.0,-1149832778#3,0,100.01,0.0,-1175493775#0,0,100.01,0.0,-1175493775#1,0,100.01,0.0,-1175493775#2,0,100.01,0.0,-1215966886,0,50.0,0.0,Tắc nghẽn,1.0
2026-04-01 09:50:40,2090,50,0.0,0.0,1944.06,2049.0,0,0,0,-1149832778#0,2,0.0,0.57,-1149832778#1,0,100.01,0.0,-1149832778#2,0,100.01,0.0,-1149832778#3,0,100.01,0.0,-1175493775#0,0,100.01,0.0,-1175493775#1,0,100.01,0.0,-1175493775#2,0,100.01,0.0,-1215966886,0,50.0,0.0,Tắc nghẽn,1.0
2026-04-01 09:50:40,2100,50,0.0,0.0,1954.06,2059.0,0,0,0,-1149832778#0,2,0.0,0.57,-1149832778#1,0,100.01,0.0,-1149832778#2,0,100.01,0.0,-1149832778#3,0,100.01,0.0,-1175493775#0,0,100.01,0.0,-1175493775#1,0,100.01,0.0,-1175493775#2,0,100.01,0.0,-1215966886,0,50.0,0.0,Tắc nghẽn,1.0
2026-04-01 09:50:40,2110,50,0.0,0.0,1964.06,2069.0,0,0,0,-1149832778#0,2,0.0,0.57,-1149832778#1,0,100.01,0.0,-1149832778#2,0,100.01,0.0,-1149832778#3,0,100.01,0.0,-1175493775#0,0,100.01,0.0,-1175493775#1,0,100.01,0.0,-1175493775#2,0,100.01,0.0,-1215966886,0,50.0,0.0,Tắc nghẽn,1.0
2026-04-01 09:50:41,2120,50,0.0,0.0,1974.06,2079.0,0,0,0,-1149832778#0,2,0.0,0.57,-1149832778#1,0,100.01,0.0,-1149832778#2,0,100.01,0.0,-1149832778#3,0,100.01,0.0,-1175493775#0,0,100.01,0.0,-1175493775#1,0,100.01,0.0,-1175493775#2,0,100.01,0.0,-1215966886,0,50.0,0.0,Tắc nghẽn,1.0
2026-04-01 09:50:41,2130,50,0.0,0.0,1984.06,2089.0,0,0,0,-1149832778#0,2,0.0,0.57,-1149832778#1,0,100.01,0.0,-1149832778#2,0,100.01,0.0,-1149832778#3,0,100.01,0.0,-1175493775#0,0,100.01,0.0,-1175493775#1,0,100.01,0.0,-1175493775#2,0,100.01,0.0,-1215966886,0,50.0,0.0,Tắc nghẽn,1.0
2026-04-01 09:50:41,2140,50,0.0,0.0,1994.06,2099.0,0,0,0,-1149832778#0,2,0.0,0.57,-1149832778#1,0,100.01,0.0,-1149832778#2,0,100.01,0.0,-1149832778#3,0,100.01,0.0,-1175493775#0,0,100.01,0.0,-1175493775#1,0,100.01,0.0,-1175493775#2,0,100.01,0.0,-1215966886,0,50.0,0.0,Tắc nghẽn,1.0
2026-04-01 09:50:41,2150,50,0.0,0.0,2004.06,2109.0,0,0,0,-1149832778#0,2,0.0,0.57,-1149832778#1,0,100.01,0.0,-1149832778#2,0,100.01,0.0,-1149832778#3,0,100.01,0.0,-1175493775#0,0,100.01,0.0,-1175493775#1,0,100.01,0.0,-1175493775#2,0,100.01,0.0,-1215966886,0,50.0,0.0,Tắc nghẽn,1.0
2026-04-01 09:50:41,2160,50,0.0,0.0,2014.06,2119.0,0,0,0,-1149832778#0,2,0.0,0.57,-1149832778#1,0,100.01,0.0,-1149832778#2,0,100.01,0.0,-1149832778#3,0,100.01,0.0,-1175493775#0,0,100.01,0.0,-1175493775#1,0,100.01,0.0,-1175493775#2,0,100.01,0.0,-1215966886,0,50.0,0.0,Tắc nghẽn,1.0
2026-04-01 09:50:41,2170,50,0.0,0.0,2024.06,2129.0,0,0,0,-1149832778#0,2,0.0,0.57,-1149832778#1,0,100.01,0.0,-1149832778#2,0,100.01,0.0,-1149832778#3,0,100.01,0.0,-1175493775#0,0,100.01,0.0,-1175493775#1,0,100.01,0.0,-1175493775#2,0,100.01,0.0,-1215966886,0,50.0,0.0,Tắc nghẽn,1.0
2026-04-01 09:50:42,2180,50,0.0,0.0,2034.06,2139.0,0,0,0,-1149832778#0,2,0.0,0.57,-1149832778#1,0,100.01,0.0,-1149832778#2,0,100.01,0.0,-1149832778#3,0,100.01,0.0,-1175493775#0,0,100.01,0.0,-1175493775#1,0,100.01,0.0,-1175493775#2,0,100.01,0.0,-1215966886,0,50.0,0.0,Tắc nghẽn,1.0
2026-04-01 09:50:42,2190,50,0.0,0.0,2044.06,2149.0,0,0,0,-1149832778#0,2,0.0,0.57,-1149832778#1,0,100.01,0.0,-1149832778#2,0,100.01,0.0,-1149832778#3,0,100.01,0.0,-1175493775#0,0,100.01,0.0,-1175493775#1,0,100.01,0.0,-1175493775#2,0,100.01,0.0,-1215966886,0,50.0,0.0,Tắc nghẽn,1.0
2026-04-01 09:50:42,2200,50,0.0,0.0,2054.06,2159.0,0,0,0,-1149832778#0,2,0.0,0.57,-1149832778#1,0,100.01,0.0,-1149832778#2,0,100.01,0.0,-1149832778#3,0,100.01,0.0,-1175493775#0,0,100.01,0.0,-1175493775#1,0,100.01,0.0,-1175493775#2,0,100.01,0.0,-1215966886,0,50.0,0.0,Tắc nghẽn,1.0
2026-04-01 09:50:42,2210,50,0.0,0.0,2064.06,2169.0,0,0,0,-1149832778#0,2,0.0,0.57,-1149832778#1,0,100.01,0.0,-1149832778#2,0,100.01,0.0,-1149832778#3,0,100.01,0.0,-1175493775#0,0,100.01,0.0,-1175493775#1,0,100.01,0.0,-1175493775#2,0,100.01,0.0,-1215966886,0,50.0,0.0,Tắc nghẽn,1.0
2026-04-01 09:50:42,2220,50,0.0,0.0,2074.06,2179.0,0,0,0,-1149832778#0,2,0.0,0.57,-1149832778#1,0,100.01,0.0,-1149832778#2,0,100.01,0.0,-1149832778#3,0,100.01,0.0,-1175493775#0,0,100.01,0.0,-1175493775#1,0,100.01,0.0,-1175493775#2,0,100.01,0.0,-1215966886,0,50.0,0.0,Tắc nghẽn,1.0
2026-04-01 09:50:42,2230,50,0.0,0.0,2084.06,2189.0,0,0,0,-1149832778#0,2,0.0,0.57,-1149832778#1,0,100.01,0.0,-1149832778#2,0,100.01,0.0,-1149832778#3,0,100.01,0.0,-1175493775#0,0,100.01,0.0,-1175493775#1,0,100.01,0.0,-1175493775#2,0,100.01,0.0,-1215966886,0,50.0,0.0,Tắc nghẽn,1.0
2026-04-01 09:50:43,2240,50,0.0,0.0,2094.06,2199.0,0,0,0,-1149832778#0,2,0.0,0.57,-1149832778#1,0,100.01,0.0,-1149832778#2,0,100.01,0.0,-1149832778#3,0,100.01,0.0,-1175493775#0,0,100.01,0.0,-1175493775#1,0,100.01,0.0,-1175493775#2,0,100.01,0.0,-1215966886,0,50.0,0.0,Tắc nghẽn,1.0
2026-04-01 09:50:43,2250,50,0.0,0.0,2104.06,2209.0,0,0,0,-1149832778#0,2,0.0,0.57,-1149832778#1,0,100.01,0.0,-1149832778#2,0,100.01,0.0,-1149832778#3,0,100.01,0.0,-1175493775#0,0,100.01,0.0,-1175493775#1,0,100.01,0.0,-1175493775#2,0,100.01,0.0,-1215966886,0,50.0,0.0,Tắc nghẽn,1.0
2026-04-01 09:50:43,2260,50,0.0,0.0,2114.06,2219.0,0,0,0,-1149832778#0,2,0.0,0.57,-1149832778#1,0,100.01,0.0,-1149832778#2,0,100.01,0.0,-1149832778#3,0,100.01,0.0,-1175493775#0,0,100.01,0.0,-1175493775#1,0,100.01,0.0,-1175493775#2,0,100.01,0.0,-1215966886,0,50.0,0.0,Tắc nghẽn,1.0
2026-04-01 09:50:43,2270,50,0.0,0.0,2124.06,2229.0,0,0,0,-1149832778#0,2,0.0,0.57,-1149832778#1,0,100.01,0.0,-1149832778#2,0,100.01,0.0,-1149832778#3,0,100.01,0.0,-1175493775#0,0,100.01,0.0,-1175493775#1,0,100.01,0.0,-1175493775#2,0,100.01,0.0,-1215966886,0,50.0,0.0,Tắc nghẽn,1.0
2026-04-01 09:50:43,2280,50,0.0,0.0,2134.06,2239.0,0,0,0,-1149832778#0,2,0.0,0.57,-1149832778#1,0,100.01,0.0,-1149832778#2,0,100.01,0.0,-1149832778#3,0,100.01,0.0,-1175493775#0,0,100.01,0.0,-1175493775#1,0,100.01,0.0,-1175493775#2,0,100.01,0.0,-1215966886,0,50.0,0.0,Tắc nghẽn,1.0
2026-04-01 09:50:43,2290,50,0.0,0.0,2144.06,2249.0,0,0,0,-1149832778#0,2,0.0,0.57,-1149832778#1,0,100.01,0.0,-1149832778#2,0,100.01,0.0,-1149832778#3,0,100.01,0.0,-1175493775#0,0,100.01,0.0,-1175493775#1,0,100.01,0.0,-1175493775#2,0,100.01,0.0,-1215966886,0,50.0,0.0,Tắc nghẽn,1.0
2026-04-01 09:50:43,2300,50,0.0,0.0,2154.06,2259.0,0,0,0,-1149832778#0,2,0.0,0.57,-1149832778#1,0,100.01,0.0,-1149832778#2,0,100.01,0.0,-1149832778#3,0,100.01,0.0,-1175493775#0,0,100.01,0.0,-1175493775#1,0,100.01,0.0,-1175493775#2,0,100.01,0.0,-1215966886,0,50.0,0.0,Tắc nghẽn,1.0
2026-04-01 09:50:44,2310,50,0.0,0.0,2164.06,2269.0,0,0,0,-1149832778#0,2,0.0,0.57,-1149832778#1,0,100.01,0.0,-1149832778#2,0,100.01,0.0,-1149832778#3,0,100.01,0.0,-1175493775#0,0,100.01,0.0,-1175493775#1,0,100.01,0.0,-1175493775#2,0,100.01,0.0,-1215966886,0,50.0,0.0,Tắc nghẽn,1.0
2026-04-01 09:50:44,2320,50,0.0,0.0,2174.06,2279.0,0,0,0,-1149832778#0,2,0.0,0.57,-1149832778#1,0,100.01,0.0,-1149832778#2,0,100.01,0.0,-1149832778#3,0,100.01,0.0,-1175493775#0,0,100.01,0.0,-1175493775#1,0,100.01,0.0,-1175493775#2,0,100.01,0.0,-1215966886,0,50.0,0.0,Tắc nghẽn,1.0
2026-04-01 09:50:44,2330,50,0.0,0.0,2184.06,2289.0,0,0,0,-1149832778#0,2,0.0,0.57,-1149832778#1,0,100.01,0.0,-1149832778#2,0,100.01,0.0,-1149832778#3,0,100.01,0.0,-1175493775#0,0,100.01,0.0,-1175493775#1,0,100.01,0.0,-1175493775#2,0,100.01,0.0,-1215966886,0,50.0,0.0,Tắc nghẽn,1.0
2026-04-01 09:50:44,2340,50,0.0,0.0,2194.06,2299.0,0,0,0,-1149832778#0,2,0.0,0.57,-1149832778#1,0,100.01,0.0,-1149832778#2,0,100.01,0.0,-1149832778#3,0,100.01,0.0,-1175493775#0,0,100.01,0.0,-1175493775#1,0,100.01,0.0,-1175493775#2,0,100.01,0.0,-1215966886,0,50.0,0.0,Tắc nghẽn,1.0
2026-04-01 09:50:44,2350,50,0.0,0.0,2204.06,2309.0,0,0,0,-1149832778#0,2,0.0,0.57,-1149832778#1,0,100.01,0.0,-1149832778#2,0,100.01,0.0,-1149832778#3,0,100.01,0.0,-1175493775#0,0,100.01,0.0,-1175493775#1,0,100.01,0.0,-1175493775#2,0,100.01,0.0,-1215966886,0,50.0,0.0,Tắc nghẽn,1.0
2026-04-01 09:50:44,2360,50,0.0,0.0,2214.06,2319.0,0,0,0,-1149832778#0,2,0.0,0.57,-1149832778#1,0,100.01,0.0,-1149832778#2,0,100.01,0.0,-1149832778#3,0,100.01,0.0,-1175493775#0,0,100.01,0.0,-1175493775#1,0,100.01,0.0,-1175493775#2,0,100.01,0.0,-1215966886,0,50.0,0.0,Tắc nghẽn,1.0
2026-04-01 09:50:45,2370,50,0.0,0.0,2224.06,2329.0,0,0,0,-1149832778#0,2,0.0,0.57,-1149832778#1,0,100.01,0.0,-1149832778#2,0,100.01,0.0,-1149832778#3,0,100.01,0.0,-1175493775#0,0,100.01,0.0,-1175493775#1,0,100.01,0.0,-1175493775#2,0,100.01,0.0,-1215966886,0,50.0,0.0,Tắc nghẽn,1.0
2026-04-01 09:50:45,2380,50,0.0,0.0,2234.06,2339.0,0,0,0,-1149832778#0,2,0.0,0.57,-1149832778#1,0,100.01,0.0,-1149832778#2,0,100.01,0.0,-1149832778#3,0,100.01,0.0,-1175493775#0,0,100.01,0.0,-1175493775#1,0,100.01,0.0,-1175493775#2,0,100.01,0.0,-1215966886,0,50.0,0.0,Tắc nghẽn,1.0
2026-04-01 09:50:45,2390,50,0.0,0.0,2244.06,2349.0,0,0,0,-1149832778#0,2,0.0,0.57,-1149832778#1,0,100.01,0.0,-1149832778#2,0,100.01,0.0,-1149832778#3,0,100.01,0.0,-1175493775#0,0,100.01,0.0,-1175493775#1,0,100.01,0.0,-1175493775#2,0,100.01,0.0,-1215966886,0,50.0,0.0,Tắc nghẽn,1.0
2026-04-01 09:50:45,2400,50,0.0,0.0,2254.06,2359.0,0,0,0,-1149832778#0,2,0.0,0.57,-1149832778#1,0,100.01,0.0,-1149832778#2,0,100.01,0.0,-1149832778#3,0,100.01,0.0,-1175493775#0,0,100.01,0.0,-1175493775#1,0,100.01,0.0,-1175493775#2,0,100.01,0.0,-1215966886,0,50.0,0.0,Tắc nghẽn,1.0
2026-04-01 09:50:45,2410,50,0.0,0.0,2264.06,2369.0,0,0,0,-1149832778#0,2,0.0,0.57,-1149832778#1,0,100.01,0.0,-1149832778#2,0,100.01,0.0,-1149832778#3,0,100.01,0.0,-1175493775#0,0,100.01,0.0,-1175493775#1,0,100.01,0.0,-1175493775#2,0,100.01,0.0,-1215966886,0,50.0,0.0,Tắc nghẽn,1.0
2026-04-01 09:50:45,2420,50,0.0,0.0,2274.06,2379.0,0,0,0,-1149832778#0,2,0.0,0.57,-1149832778#1,0,100.01,0.0,-1149832778#2,0,100.01,0.0,-1149832778#3,0,100.01,0.0,-1175493775#0,0,100.01,0.0,-1175493775#1,0,100.01,0.0,-1175493775#2,0,100.01,0.0,-1215966886,0,50.0,0.0,Tắc nghẽn,1.0
2026-04-01 09:50:46,2430,50,0.0,0.0,2284.06,2389.0,0,0,0,-1149832778#0,2,0.0,0.57,-1149832778#1,0,100.01,0.0,-1149832778#2,0,100.01,0.0,-1149832778#3,0,100.01,0.0,-1175493775#0,0,100.01,0.0,-1175493775#1,0,100.01,0.0,-1175493775#2,0,100.01,0.0,-1215966886,0,50.0,0.0,Tắc nghẽn,1.0
2026-04-01 09:50:46,2440,50,0.0,0.0,2294.06,2399.0,0,0,0,-1149832778#0,2,0.0,0.57,-1149832778#1,0,100.01,0.0,-1149832778#2,0,100.01,0.0,-1149832778#3,0,100.01,0.0,-1175493775#0,0,100.01,0.0,-1175493775#1,0,100.01,0.0,-1175493775#2,0,100.01,0.0,-1215966886,0,50.0,0.0,Tắc nghẽn,1.0
2026-04-01 09:50:46,2450,50,0.0,0.0,2304.06,2409.0,0,0,0,-1149832778#0,2,0.0,0.57,-1149832778#1,0,100.01,0.0,-1149832778#2,0,100.01,0.0,-1149832778#3,0,100.01,0.0,-1175493775#0,0,100.01,0.0,-1175493775#1,0,100.01,0.0,-1175493775#2,0,100.01,0.0,-1215966886,0,50.0,0.0,Tắc nghẽn,1.0
2026-04-01 09:50:46,2460,50,0.0,0.0,2314.06,2419.0,0,0,0,-1149832778#0,2,0.0,0.57,-1149832778#1,0,100.01,0.0,-1149832778#2,0,100.01,0.0,-1149832778#3,0,100.01,0.0,-1175493775#0,0,100.01,0.0,-1175493775#1,0,100.01,0.0,-1175493775#2,0,100.01,0.0,-1215966886,0,50.0,0.0,Tắc nghẽn,1.0
2026-04-01 09:50:46,2470,50,0.0,0.0,2324.06,2429.0,0,0,0,-1149832778#0,2,0.0,0.57,-1149832778#1,0,100.01,0.0,-1149832778#2,0,100.01,0.0,-1149832778#3,0,100.01,0.0,-1175493775#0,0,100.01,0.0,-1175493775#1,0,100.01,0.0,-1175493775#2,0,100.01,0.0,-1215966886,0,50.0,0.0,Tắc nghẽn,1.0
2026-04-01 09:50:46,2480,50,0.0,0.0,2334.06,2439.0,0,0,0,-1149832778#0,2,0.0,0.57,-1149832778#1,0,100.01,0.0,-1149832778#2,0,100.01,0.0,-1149832778#3,0,100.01,0.0,-1175493775#0,0,100.01,0.0,-1175493775#1,0,100.01,0.0,-1175493775#2,0,100.01,0.0,-1215966886,0,50.0,0.0,Tắc nghẽn,1.0
2026-04-01 09:50:46,2490,50,0.0,0.0,2344.06,2449.0,0,0,0,-1149832778#0,2,0.0,0.57,-1149832778#1,0,100.01,0.0,-1149832778#2,0,100.01,0.0,-1149832778#3,0,100.01,0.0,-1175493775#0,0,100.01,0.0,-1175493775#1,0,100.01,0.0,-1175493775#2,0,100.01,0.0,-1215966886,0,50.0,0.0,Tắc nghẽn,1.0
2026-04-01 09:50:47,2500,50,0.0,0.0,2354.06,2459.0,0,0,0,-1149832778#0,2,0.0,0.57,-1149832778#1,0,100.01,0.0,-1149832778#2,0,100.01,0.0,-1149832778#3,0,100.01,0.0,-1175493775#0,0,100.01,0.0,-1175493775#1,0,100.01,0.0,-1175493775#2,0,100.01,0.0,-1215966886,0,50.0,0.0,Tắc nghẽn,1.0
2026-04-01 09:50:47,2510,50,0.0,0.0,2364.06,2469.0,0,0,0,-1149832778#0,2,0.0,0.57,-1149832778#1,0,100.01,0.0,-1149832778#2,0,100.01,0.0,-1149832778#3,0,100.01,0.0,-1175493775#0,0,100.01,0.0,-1175493775#1,0,100.01,0.0,-1175493775#2,0,100.01,0.0,-1215966886,0,50.0,0.0,Tắc nghẽn,1.0
2026-04-01 09:50:47,2520,50,0.0,0.0,2374.06,2479.0,0,0,0,-1149832778#0,2,0.0,0.57,-1149832778#1,0,100.01,0.0,-1149832778#2,0,100.01,0.0,-1149832778#3,0,100.01,0.0,-1175493775#0,0,100.01,0.0,-1175493775#1,0,100.01,0.0,-1175493775#2,0,100.01,0.0,-1215966886,0,50.0,0.0,Tắc nghẽn,1.0
2026-04-01 09:50:47,2530,50,0.0,0.0,2384.06,2489.0,0,0,0,-1149832778#0,2,0.0,0.57,-1149832778#1,0,100.01,0.0,-1149832778#2,0,100.01,0.0,-1149832778#3,0,100.01,0.0,-1175493775#0,0,100.01,0.0,-1175493775#1,0,100.01,0.0,-1175493775#2,0,100.01,0.0,-1215966886,0,50.0,0.0,Tắc nghẽn,1.0
2026-04-01 09:50:47,2540,50,0.0,0.0,2394.06,2499.0,0,0,0,-1149832778#0,2,0.0,0.57,-1149832778#1,0,100.01,0.0,-1149832778#2,0,100.01,0.0,-1149832778#3,0,100.01,0.0,-1175493775#0,0,100.01,0.0,-1175493775#1,0,100.01,0.0,-1175493775#2,0,100.01,0.0,-1215966886,0,50.0,0.0,Tắc nghẽn,1.0
2026-04-01 09:50:47,2550,50,0.0,0.0,2404.06,2509.0,0,0,0,-1149832778#0,2,0.0,0.57,-1149832778#1,0,100.01,0.0,-1149832778#2,0,100.01,0.0,-1149832778#3,0,100.01,0.0,-1175493775#0,0,100.01,0.0,-1175493775#1,0,100.01,0.0,-1175493775#2,0,100.01,0.0,-1215966886,0,50.0,0.0,Tắc nghẽn,1.0
2026-04-01 09:50:48,2560,50,0.0,0.0,2414.06,2519.0,0,0,0,-1149832778#0,2,0.0,0.57,-1149832778#1,0,100.01,0.0,-1149832778#2,0,100.01,0.0,-1149832778#3,0,100.01,0.0,-1175493775#0,0,100.01,0.0,-1175493775#1,0,100.01,0.0,-1175493775#2,0,100.01,0.0,-1215966886,0,50.0,0.0,Tắc nghẽn,1.0
2026-04-01 09:50:48,2570,50,0.0,0.0,2424.06,2529.0,0,0,0,-1149832778#0,2,0.0,0.57,-1149832778#1,0,100.01,0.0,-1149832778#2,0,100.01,0.0,-1149832778#3,0,100.01,0.0,-1175493775#0,0,100.01,0.0,-1175493775#1,0,100.01,0.0,-1175493775#2,0,100.01,0.0,-1215966886,0,50.0,0.0,Tắc nghẽn,1.0
2026-04-01 09:50:48,2580,50,0.0,0.0,2434.06,2539.0,0,0,0,-1149832778#0,2,0.0,0.57,-1149832778#1,0,100.01,0.0,-1149832778#2,0,100.01,0.0,-1149832778#3,0,100.01,0.0,-1175493775#0,0,100.01,0.0,-1175493775#1,0,100.01,0.0,-1175493775#2,0,100.01,0.0,-1215966886,0,50.0,0.0,Tắc nghẽn,1.0
2026-04-01 09:50:48,2590,50,0.0,0.0,2444.06,2549.0,0,0,0,-1149832778#0,2,0.0,0.57,-1149832778#1,0,100.01,0.0,-1149832778#2,0,100.01,0.0,-1149832778#3,0,100.01,0.0,-1175493775#0,0,100.01,0.0,-1175493775#1,0,100.01,0.0,-1175493775#2,0,100.01,0.0,-1215966886,0,50.0,0.0,Tắc nghẽn,1.0
2026-04-01 09:50:48,2600,50,0.0,0.0,2454.06,2559.0,0,0,0,-1149832778#0,2,0.0,0.57,-1149832778#1,0,100.01,0.0,-1149832778#2,0,100.01,0.0,-1149832778#3,0,100.01,0.0,-1175493775#0,0,100.01,0.0,-1175493775#1,0,100.01,0.0,-1175493775#2,0,100.01,0.0,-1215966886,0,50.0,0.0,Tắc nghẽn,1.0
2026-04-01 09:50:48,2610,50,0.0,0.0,2464.06,2569.0,0,0,0,-1149832778#0,2,0.0,0.57,-1149832778#1,0,100.01,0.0,-1149832778#2,0,100.01,0.0,-1149832778#3,0,100.01,0.0,-1175493775#0,0,100.01,0.0,-1175493775#1,0,100.01,0.0,-1175493775#2,0,100.01,0.0,-1215966886,0,50.0,0.0,Tắc nghẽn,1.0
2026-04-01 09:50:49,2620,50,0.0,0.0,2474.06,2579.0,0,0,0,-1149832778#0,2,0.0,0.57,-1149832778#1,0,100.01,0.0,-1149832778#2,0,100.01,0.0,-1149832778#3,0,100.01,0.0,-1175493775#0,0,100.01,0.0,-1175493775#1,0,100.01,0.0,-1175493775#2,0,100.01,0.0,-1215966886,0,50.0,0.0,Tắc nghẽn,1.0
2026-04-01 09:50:49,2630,50,0.0,0.0,2484.06,2589.0,0,0,0,-1149832778#0,2,0.0,0.57,-1149832778#1,0,100.01,0.0,-1149832778#2,0,100.01,0.0,-1149832778#3,0,100.01,0.0,-1175493775#0,0,100.01,0.0,-1175493775#1,0,100.01,0.0,-1175493775#2,0,100.01,0.0,-1215966886,0,50.0,0.0,Tắc nghẽn,1.0
2026-04-01 09:50:49,2640,50,0.0,0.0,2494.06,2599.0,0,0,0,-1149832778#0,2,0.0,0.57,-1149832778#1,0,100.01,0.0,-1149832778#2,0,100.01,0.0,-1149832778#3,0,100.01,0.0,-1175493775#0,0,100.01,0.0,-1175493775#1,0,100.01,0.0,-1175493775#2,0,100.01,0.0,-1215966886,0,50.0,0.0,Tắc nghẽn,1.0
2026-04-01 09:50:49,2650,50,0.0,0.0,2504.06,2609.0,0,0,0,-1149832778#0,2,0.0,0.57,-1149832778#1,0,100.01,0.0,-1149832778#2,0,100.01,0.0,-1149832778#3,0,100.01,0.0,-1175493775#0,0,100.01,0.0,-1175493775#1,0,100.01,0.0,-1175493775#2,0,100.01,0.0,-1215966886,0,50.0,0.0,Tắc nghẽn,1.0
2026-04-01 09:50:49,2660,50,0.0,0.0,2514.06,2619.0,0,0,0,-1149832778#0,2,0.0,0.57,-1149832778#1,0,100.01,0.0,-1149832778#2,0,100.01,0.0,-1149832778#3,0,100.01,0.0,-1175493775#0,0,100.01,0.0,-1175493775#1,0,100.01,0.0,-1175493775#2,0,100.01,0.0,-1215966886,0,50.0,0.0,Tắc nghẽn,1.0
2026-04-01 09:50:49,2670,50,0.0,0.0,2524.06,2629.0,0,0,0,-1149832778#0,2,0.0,0.57,-1149832778#1,0,100.01,0.0,-1149832778#2,0,100.01,0.0,-1149832778#3,0,100.01,0.0,-1175493775#0,0,100.01,0.0,-1175493775#1,0,100.01,0.0,-1175493775#2,0,100.01,0.0,-1215966886,0,50.0,0.0,Tắc nghẽn,1.0
2026-04-01 09:50:49,2680,50,0.0,0.0,2534.06,2639.0,0,0,0,-1149832778#0,2,0.0,0.57,-1149832778#1,0,100.01,0.0,-1149832778#2,0,100.01,0.0,-1149832778#3,0,100.01,0.0,-1175493775#0,0,100.01,0.0,-1175493775#1,0,100.01,0.0,-1175493775#2,0,100.01,0.0,-1215966886,0,50.0,0.0,Tắc nghẽn,1.0
2026-04-01 09:50:50,2690,50,0.0,0.0,2544.06,2649.0,0,0,0,-1149832778#0,2,0.0,0.57,-1149832778#1,0,100.01,0.0,-1149832778#2,0,100.01,0.0,-1149832778#3,0,100.01,0.0,-1175493775#0,0,100.01,0.0,-1175493775#1,0,100.01,0.0,-1175493775#2,0,100.01,0.0,-1215966886,0,50.0,0.0,Tắc nghẽn,1.0
2026-04-01 09:50:50,2700,50,0.0,0.0,2554.06,2659.0,0,0,0,-1149832778#0,2,0.0,0.57,-1149832778#1,0,100.01,0.0,-1149832778#2,0,100.01,0.0,-1149832778#3,0,100.01,0.0,-1175493775#0,0,100.01,0.0,-1175493775#1,0,100.01,0.0,-1175493775#2,0,100.01,0.0,-1215966886,0,50.0,0.0,Tắc nghẽn,1.0
2026-04-01 09:50:50,2710,50,0.0,0.0,2564.06,2669.0,0,0,0,-1149832778#0,2,0.0,0.57,-1149832778#1,0,100.01,0.0,-1149832778#2,0,100.01,0.0,-1149832778#3,0,100.01,0.0,-1175493775#0,0,100.01,0.0,-1175493775#1,0,100.01,0.0,-1175493775#2,0,100.01,0.0,-1215966886,0,50.0,0.0,Tắc nghẽn,1.0
2026-04-01 09:50:50,2720,50,0.0,0.0,2574.06,2679.0,0,0,0,-1149832778#0,2,0.0,0.57,-1149832778#1,0,100.01,0.0,-1149832778#2,0,100.01,0.0,-1149832778#3,0,100.01,0.0,-1175493775#0,0,100.01,0.0,-1175493775#1,0,100.01,0.0,-1175493775#2,0,100.01,0.0,-1215966886,0,50.0,0.0,Tắc nghẽn,1.0
2026-04-01 09:50:50,2730,50,0.0,0.0,2584.06,2689.0,0,0,0,-1149832778#0,2,0.0,0.57,-1149832778#1,0,100.01,0.0,-1149832778#2,0,100.01,0.0,-1149832778#3,0,100.01,0.0,-1175493775#0,0,100.01,0.0,-1175493775#1,0,100.01,0.0,-1175493775#2,0,100.01,0.0,-1215966886,0,50.0,0.0,Tắc nghẽn,1.0
2026-04-01 09:50:50,2740,50,0.0,0.0,2594.06,2699.0,0,0,0,-1149832778#0,2,0.0,0.57,-1149832778#1,0,100.01,0.0,-1149832778#2,0,100.01,0.0,-1149832778#3,0,100.01,0.0,-1175493775#0,0,100.01,0.0,-1175493775#1,0,100.01,0.0,-1175493775#2,0,100.01,0.0,-1215966886,0,50.0,0.0,Tắc nghẽn,1.0
2026-04-01 09:50:51,2750,50,0.0,0.0,2604.06,2709.0,0,0,0,-1149832778#0,2,0.0,0.57,-1149832778#1,0,100.01,0.0,-1149832778#2,0,100.01,0.0,-1149832778#3,0,100.01,0.0,-1175493775#0,0,100.01,0.0,-1175493775#1,0,100.01,0.0,-1175493775#2,0,100.01,0.0,-1215966886,0,50.0,0.0,Tắc nghẽn,1.0
2026-04-01 09:50:51,2760,50,0.0,0.0,2614.06,2719.0,0,0,0,-1149832778#0,2,0.0,0.57,-1149832778#1,0,100.01,0.0,-1149832778#2,0,100.01,0.0,-1149832778#3,0,100.01,0.0,-1175493775#0,0,100.01,0.0,-1175493775#1,0,100.01,0.0,-1175493775#2,0,100.01,0.0,-1215966886,0,50.0,0.0,Tắc nghẽn,1.0
2026-04-01 09:50:51,2770,50,0.0,0.0,2624.06,2729.0,0,0,0,-1149832778#0,2,0.0,0.57,-1149832778#1,0,100.01,0.0,-1149832778#2,0,100.01,0.0,-1149832778#3,0,100.01,0.0,-1175493775#0,0,100.01,0.0,-1175493775#1,0,100.01,0.0,-1175493775#2,0,100.01,0.0,-1215966886,0,50.0,0.0,Tắc nghẽn,1.0
2026-04-01 09:50:51,2780,50,0.0,0.0,2634.06,2739.0,0,0,0,-1149832778#0,2,0.0,0.57,-1149832778#1,0,100.01,0.0,-1149832778#2,0,100.01,0.0,-1149832778#3,0,100.01,0.0,-1175493775#0,0,100.01,0.0,-1175493775#1,0,100.01,0.0,-1175493775#2,0,100.01,0.0,-1215966886,0,50.0,0.0,Tắc nghẽn,1.0
2026-04-01 09:50:51,2790,50,0.0,0.0,2644.06,2749.0,0,0,0,-1149832778#0,2,0.0,0.57,-1149832778#1,0,100.01,0.0,-1149832778#2,0,100.01,0.0,-1149832778#3,0,100.01,0.0,-1175493775#0,0,100.01,0.0,-1175493775#1,0,100.01,0.0,-1175493775#2,0,100.01,0.0,-1215966886,0,50.0,0.0,Tắc nghẽn,1.0
2026-04-01 09:50:51,2800,50,0.0,0.0,2654.06,2759.0,0,0,0,-1149832778#0,2,0.0,0.57,-1149832778#1,0,100.01,0.0,-1149832778#2,0,100.01,0.0,-1149832778#3,0,100.01,0.0,-1175493775#0,0,100.01,0.0,-1175493775#1,0,100.01,0.0,-1175493775#2,0,100.01,0.0,-1215966886,0,50.0,0.0,Tắc nghẽn,1.0
2026-04-01 09:50:51,2810,50,0.0,0.0,2664.06,2769.0,0,0,0,-1149832778#0,2,0.0,0.57,-1149832778#1,0,100.01,0.0,-1149832778#2,0,100.01,0.0,-1149832778#3,0,100.01,0.0,-1175493775#0,0,100.01,0.0,-1175493775#1,0,100.01,0.0,-1175493775#2,0,100.01,0.0,-1215966886,0,50.0,0.0,Tắc nghẽn,1.0
2026-04-01 09:50:52,2820,50,0.0,0.0,2674.06,2779.0,0,0,0,-1149832778#0,2,0.0,0.57,-1149832778#1,0,100.01,0.0,-1149832778#2,0,100.01,0.0,-1149832778#3,0,100.01,0.0,-1175493775#0,0,100.01,0.0,-1175493775#1,0,100.01,0.0,-1175493775#2,0,100.01,0.0,-1215966886,0,50.0,0.0,Tắc nghẽn,1.0
2026-04-01 09:50:52,2830,50,0.0,0.0,2684.06,2789.0,0,0,0,-1149832778#0,2,0.0,0.57,-1149832778#1,0,100.01,0.0,-1149832778#2,0,100.01,0.0,-1149832778#3,0,100.01,0.0,-1175493775#0,0,100.01,0.0,-1175493775#1,0,100.01,0.0,-1175493775#2,0,100.01,0.0,-1215966886,0,50.0,0.0,Tắc nghẽn,1.0
2026-04-01 09:50:52,2840,50,0.0,0.0,2694.06,2799.0,0,0,0,-1149832778#0,2,0.0,0.57,-1149832778#1,0,100.01,0.0,-1149832778#2,0,100.01,0.0,-1149832778#3,0,100.01,0.0,-1175493775#0,0,100.01,0.0,-1175493775#1,0,100.01,0.0,-1175493775#2,0,100.01,0.0,-1215966886,0,50.0,0.0,Tắc nghẽn,1.0
2026-04-01 09:50:52,2850,50,0.0,0.0,2704.06,2809.0,0,0,0,-1149832778#0,2,0.0,0.57,-1149832778#1,0,100.01,0.0,-1149832778#2,0,100.01,0.0,-1149832778#3,0,100.01,0.0,-1175493775#0,0,100.01,0.0,-1175493775#1,0,100.01,0.0,-1175493775#2,0,100.01,0.0,-1215966886,0,50.0,0.0,Tắc nghẽn,1.0
2026-04-01 09:50:52,2860,50,0.0,0.0,2714.06,2819.0,0,0,0,-1149832778#0,2,0.0,0.57,-1149832778#1,0,100.01,0.0,-1149832778#2,0,100.01,0.0,-1149832778#3,0,100.01,0.0,-1175493775#0,0,100.01,0.0,-1175493775#1,0,100.01,0.0,-1175493775#2,0,100.01,0.0,-1215966886,0,50.0,0.0,Tắc nghẽn,1.0
2026-04-01 09:50:52,2870,50,0.0,0.0,2724.06,2829.0,0,0,0,-1149832778#0,2,0.0,0.57,-1149832778#1,0,100.01,0.0,-1149832778#2,0,100.01,0.0,-1149832778#3,0,100.01,0.0,-1175493775#0,0,100.01,0.0,-1175493775#1,0,100.01,0.0,-1175493775#2,0,100.01,0.0,-1215966886,0,50.0,0.0,Tắc nghẽn,1.0
2026-04-01 09:50:53,2880,50,0.0,0.0,2734.06,2839.0,0,0,0,-1149832778#0,2,0.0,0.57,-1149832778#1,0,100.01,0.0,-1149832778#2,0,100.01,0.0,-1149832778#3,0,100.01,0.0,-1175493775#0,0,100.01,0.0,-1175493775#1,0,100.01,0.0,-1175493775#2,0,100.01,0.0,-1215966886,0,50.0,0.0,Tắc nghẽn,1.0
2026-04-01 09:50:53,2890,50,0.0,0.0,2744.06,2849.0,0,0,0,-1149832778#0,2,0.0,0.57,-1149832778#1,0,100.01,0.0,-1149832778#2,0,100.01,0.0,-1149832778#3,0,100.01,0.0,-1175493775#0,0,100.01,0.0,-1175493775#1,0,100.01,0.0,-1175493775#2,0,100.01,0.0,-1215966886,0,50.0,0.0,Tắc nghẽn,1.0
2026-04-01 09:50:53,2900,50,0.0,0.0,2754.06,2859.0,0,0,0,-1149832778#0,2,0.0,0.57,-1149832778#1,0,100.01,0.0,-1149832778#2,0,100.01,0.0,-1149832778#3,0,100.01,0.0,-1175493775#0,0,100.01,0.0,-1175493775#1,0,100.01,0.0,-1175493775#2,0,100.01,0.0,-1215966886,0,50.0,0.0,Tắc nghẽn,1.0
2026-04-01 09:50:53,2910,50,0.0,0.0,2764.06,2869.0,0,0,0,-1149832778#0,2,0.0,0.57,-1149832778#1,0,100.01,0.0,-1149832778#2,0,100.01,0.0,-1149832778#3,0,100.01,0.0,-1175493775#0,0,100.01,0.0,-1175493775#1,0,100.01,0.0,-1175493775#2,0,100.01,0.0,-1215966886,0,50.0,0.0,Tắc nghẽn,1.0
2026-04-01 09:50:53,2920,50,0.0,0.0,2774.06,2879.0,0,0,0,-1149832778#0,2,0.0,0.57,-1149832778#1,0,100.01,0.0,-1149832778#2,0,100.01,0.0,-1149832778#3,0,100.01,0.0,-1175493775#0,0,100.01,0.0,-1175493775#1,0,100.01,0.0,-1175493775#2,0,100.01,0.0,-1215966886,0,50.0,0.0,Tắc nghẽn,1.0
2026-04-01 09:50:53,2930,50,0.0,0.0,2784.06,2889.0,0,0,0,-1149832778#0,2,0.0,0.57,-1149832778#1,0,100.01,0.0,-1149832778#2,0,100.01,0.0,-1149832778#3,0,100.01,0.0,-1175493775#0,0,100.01,0.0,-1175493775#1,0,100.01,0.0,-1175493775#2,0,100.01,0.0,-1215966886,0,50.0,0.0,Tắc nghẽn,1.0
2026-04-01 09:50:54,2940,50,0.0,0.0,2794.06,2899.0,0,0,0,-1149832778#0,2,0.0,0.57,-1149832778#1,0,100.01,0.0,-1149832778#2,0,100.01,0.0,-1149832778#3,0,100.01,0.0,-1175493775#0,0,100.01,0.0,-1175493775#1,0,100.01,0.0,-1175493775#2,0,100.01,0.0,-1215966886,0,50.0,0.0,Tắc nghẽn,1.0
2026-04-01 09:50:54,2950,50,0.0,0.0,2804.06,2909.0,0,0,0,-1149832778#0,2,0.0,0.57,-1149832778#1,0,100.01,0.0,-1149832778#2,0,100.01,0.0,-1149832778#3,0,100.01,0.0,-1175493775#0,0,100.01,0.0,-1175493775#1,0,100.01,0.0,-1175493775#2,0,100.01,0.0,-1215966886,0,50.0,0.0,Tắc nghẽn,1.0
2026-04-01 09:50:54,2960,50,0.0,0.0,2814.06,2919.0,0,0,0,-1149832778#0,2,0.0,0.57,-1149832778#1,0,100.01,0.0,-1149832778#2,0,100.01,0.0,-1149832778#3,0,100.01,0.0,-1175493775#0,0,100.01,0.0,-1175493775#1,0,100.01,0.0,-1175493775#2,0,100.01,0.0,-1215966886,0,50.0,0.0,Tắc nghẽn,1.0
2026-04-01 09:50:54,2970,50,0.0,0.0,2824.06,2929.0,0,0,0,-1149832778#0,2,0.0,0.57,-1149832778#1,0,100.01,0.0,-1149832778#2,0,100.01,0.0,-1149832778#3,0,100.01,0.0,-1175493775#0,0,100.01,0.0,-1175493775#1,0,100.01,0.0,-1175493775#2,0,100.01,0.0,-1215966886,0,50.0,0.0,Tắc nghẽn,1.0
2026-04-01 09:50:54,2980,50,0.0,0.0,2834.06,2939.0,0,0,0,-1149832778#0,2,0.0,0.57,-1149832778#1,0,100.01,0.0,-1149832778#2,0,100.01,0.0,-1149832778#3,0,100.01,0.0,-1175493775#0,0,100.01,0.0,-1175493775#1,0,100.01,0.0,-1175493775#2,0,100.01,0.0,-1215966886,0,50.0,0.0,Tắc nghẽn,1.0
2026-04-01 09:50:54,2990,50,0.0,0.0,2844.06,2949.0,0,0,0,-1149832778#0,2,0.0,0.57,-1149832778#1,0,100.01,0.0,-1149832778#2,0,100.01,0.0,-1149832778#3,0,100.01,0.0,-1175493775#0,0,100.01,0.0,-1175493775#1,0,100.01,0.0,-1175493775#2,0,100.01,0.0,-1215966886,0,50.0,0.0,Tắc nghẽn,1.0
2026-04-01 09:50:54,3000,50,0.0,0.0,2854.06,2959.0,0,0,0,-1149832778#0,2,0.0,0.57,-1149832778#1,0,100.01,0.0,-1149832778#2,0,100.01,0.0,-1149832778#3,0,100.01,0.0,-1175493775#0,0,100.01,0.0,-1175493775#1,0,100.01,0.0,-1175493775#2,0,100.01,0.0,-1215966886,0,50.0,0.0,Tắc nghẽn,1.0
2026-04-01 09:50:55,3010,50,0.0,0.0,2864.06,2969.0,0,0,0,-1149832778#0,2,0.0,0.57,-1149832778#1,0,100.01,0.0,-1149832778#2,0,100.01,0.0,-1149832778#3,0,100.01,0.0,-1175493775#0,0,100.01,0.0,-1175493775#1,0,100.01,0.0,-1175493775#2,0,100.01,0.0,-1215966886,0,50.0,0.0,Tắc nghẽn,1.0
2026-04-01 09:50:55,3020,50,0.0,0.0,2874.06,2979.0,0,0,0,-1149832778#0,2,0.0,0.57,-1149832778#1,0,100.01,0.0,-1149832778#2,0,100.01,0.0,-1149832778#3,0,100.01,0.0,-1175493775#0,0,100.01,0.0,-1175493775#1,0,100.01,0.0,-1175493775#2,0,100.01,0.0,-1215966886,0,50.0,0.0,Tắc nghẽn,1.0
2026-04-01 09:50:55,3030,50,0.0,0.0,2884.06,2989.0,0,0,0,-1149832778#0,2,0.0,0.57,-1149832778#1,0,100.01,0.0,-1149832778#2,0,100.01,0.0,-1149832778#3,0,100.01,0.0,-1175493775#0,0,100.01,0.0,-1175493775#1,0,100.01,0.0,-1175493775#2,0,100.01,0.0,-1215966886,0,50.0,0.0,Tắc nghẽn,1.0
2026-04-01 09:50:55,3040,50,0.0,0.0,2894.06,2999.0,0,0,0,-1149832778#0,2,0.0,0.57,-1149832778#1,0,100.01,0.0,-1149832778#2,0,100.01,0.0,-1149832778#3,0,100.01,0.0,-1175493775#0,0,100.01,0.0,-1175493775#1,0,100.01,0.0,-1175493775#2,0,100.01,0.0,-1215966886,0,50.0,0.0,Tắc nghẽn,1.0
2026-04-01 09:50:55,3050,50,0.0,0.0,2904.06,3009.0,0,0,0,-1149832778#0,2,0.0,0.57,-1149832778#1,0,100.01,0.0,-1149832778#2,0,100.01,0.0,-1149832778#3,0,100.01,0.0,-1175493775#0,0,100.01,0.0,-1175493775#1,0,100.01,0.0,-1175493775#2,0,100.01,0.0,-1215966886,0,50.0,0.0,Tắc nghẽn,1.0
2026-04-01 09:50:55,3060,50,0.0,0.0,2914.06,3019.0,0,0,0,-1149832778#0,2,0.0,0.57,-1149832778#1,0,100.01,0.0,-1149832778#2,0,100.01,0.0,-1149832778#3,0,100.01,0.0,-1175493775#0,0,100.01,0.0,-1175493775#1,0,100.01,0.0,-1175493775#2,0,100.01,0.0,-1215966886,0,50.0,0.0,Tắc nghẽn,1.0
2026-04-01 09:50:56,3070,50,0.0,0.0,2924.06,3029.0,0,0,0,-1149832778#0,2,0.0,0.57,-1149832778#1,0,100.01,0.0,-1149832778#2,0,100.01,0.0,-1149832778#3,0,100.01,0.0,-1175493775#0,0,100.01,0.0,-1175493775#1,0,100.01,0.0,-1175493775#2,0,100.01,0.0,-1215966886,0,50.0,0.0,Tắc nghẽn,1.0
2026-04-01 09:50:56,3080,50,0.0,0.0,2934.06,3039.0,0,0,0,-1149832778#0,2,0.0,0.57,-1149832778#1,0,100.01,0.0,-1149832778#2,0,100.01,0.0,-1149832778#3,0,100.01,0.0,-1175493775#0,0,100.01,0.0,-1175493775#1,0,100.01,0.0,-1175493775#2,0,100.01,0.0,-1215966886,0,50.0,0.0,Tắc nghẽn,1.0
2026-04-01 09:50:56,3090,50,0.0,0.0,2944.06,3049.0,0,0,0,-1149832778#0,2,0.0,0.57,-1149832778#1,0,100.01,0.0,-1149832778#2,0,100.01,0.0,-1149832778#3,0,100.01,0.0,-1175493775#0,0,100.01,0.0,-1175493775#1,0,100.01,0.0,-1175493775#2,0,100.01,0.0,-1215966886,0,50.0,0.0,Tắc nghẽn,1.0
2026-04-01 09:50:56,3100,50,0.0,0.0,2954.06,3059.0,0,0,0,-1149832778#0,2,0.0,0.57,-1149832778#1,0,100.01,0.0,-1149832778#2,0,100.01,0.0,-1149832778#3,0,100.01,0.0,-1175493775#0,0,100.01,0.0,-1175493775#1,0,100.01,0.0,-1175493775#2,0,100.01,0.0,-1215966886,0,50.0,0.0,Tắc nghẽn,1.0
2026-04-01 09:50:56,3110,50,0.0,0.0,2964.06,3069.0,0,0,0,-1149832778#0,2,0.0,0.57,-1149832778#1,0,100.01,0.0,-1149832778#2,0,100.01,0.0,-1149832778#3,0,100.01,0.0,-1175493775#0,0,100.01,0.0,-1175493775#1,0,100.01,0.0,-1175493775#2,0,100.01,0.0,-1215966886,0,50.0,0.0,Tắc nghẽn,1.0
2026-04-01 09:50:56,3120,50,0.0,0.0,2974.06,3079.0,0,0,0,-1149832778#0,2,0.0,0.57,-1149832778#1,0,100.01,0.0,-1149832778#2,0,100.01,0.0,-1149832778#3,0,100.01,0.0,-1175493775#0,0,100.01,0.0,-1175493775#1,0,100.01,0.0,-1175493775#2,0,100.01,0.0,-1215966886,0,50.0,0.0,Tắc nghẽn,1.0
2026-04-01 09:50:57,3130,50,0.0,0.0,2984.06,3089.0,0,0,0,-1149832778#0,2,0.0,0.57,-1149832778#1,0,100.01,0.0,-1149832778#2,0,100.01,0.0,-1149832778#3,0,100.01,0.0,-1175493775#0,0,100.01,0.0,-1175493775#1,0,100.01,0.0,-1175493775#2,0,100.01,0.0,-1215966886,0,50.0,0.0,Tắc nghẽn,1.0
2026-04-01 09:50:57,3140,50,0.0,0.0,2994.06,3099.0,0,0,0,-1149832778#0,2,0.0,0.57,-1149832778#1,0,100.01,0.0,-1149832778#2,0,100.01,0.0,-1149832778#3,0,100.01,0.0,-1175493775#0,0,100.01,0.0,-1175493775#1,0,100.01,0.0,-1175493775#2,0,100.01,0.0,-1215966886,0,50.0,0.0,Tắc nghẽn,1.0
2026-04-01 09:50:57,3150,50,0.0,0.0,3004.06,3109.0,0,0,0,-1149832778#0,2,0.0,0.57,-1149832778#1,0,100.01,0.0,-1149832778#2,0,100.01,0.0,-1149832778#3,0,100.01,0.0,-1175493775#0,0,100.01,0.0,-1175493775#1,0,100.01,0.0,-1175493775#2,0,100.01,0.0,-1215966886,0,50.0,0.0,Tắc nghẽn,1.0
2026-04-01 09:50:57,3160,50,0.0,0.0,3014.06,3119.0,0,0,0,-1149832778#0,2,0.0,0.57,-1149832778#1,0,100.01,0.0,-1149832778#2,0,100.01,0.0,-1149832778#3,0,100.01,0.0,-1175493775#0,0,100.01,0.0,-1175493775#1,0,100.01,0.0,-1175493775#2,0,100.01,0.0,-1215966886,0,50.0,0.0,Tắc nghẽn,1.0
2026-04-01 09:50:57,3170,50,0.0,0.0,3024.06,3129.0,0,0,0,-1149832778#0,2,0.0,0.57,-1149832778#1,0,100.01,0.0,-1149832778#2,0,100.01,0.0,-1149832778#3,0,100.01,0.0,-1175493775#0,0,100.01,0.0,-1175493775#1,0,100.01,0.0,-1175493775#2,0,100.01,0.0,-1215966886,0,50.0,0.0,Tắc nghẽn,1.0
2026-04-01 09:50:57,3180,50,0.0,0.0,3034.06,3139.0,0,0,0,-1149832778#0,2,0.0,0.57,-1149832778#1,0,100.01,0.0,-1149832778#2,0,100.01,0.0,-1149832778#3,0,100.01,0.0,-1175493775#0,0,100.01,0.0,-1175493775#1,0,100.01,0.0,-1175493775#2,0,100.01,0.0,-1215966886,0,50.0,0.0,Tắc nghẽn,1.0
2026-04-01 09:50:58,3190,50,0.0,0.0,3044.06,3149.0,0,0,0,-1149832778#0,2,0.0,0.57,-1149832778#1,0,100.01,0.0,-1149832778#2,0,100.01,0.0,-1149832778#3,0,100.01,0.0,-1175493775#0,0,100.01,0.0,-1175493775#1,0,100.01,0.0,-1175493775#2,0,100.01,0.0,-1215966886,0,50.0,0.0,Tắc nghẽn,1.0
2026-04-01 09:50:58,3200,50,0.0,0.0,3054.06,3159.0,0,0,0,-1149832778#0,2,0.0,0.57,-1149832778#1,0,100.01,0.0,-1149832778#2,0,100.01,0.0,-1149832778#3,0,100.01,0.0,-1175493775#0,0,100.01,0.0,-1175493775#1,0,100.01,0.0,-1175493775#2,0,100.01,0.0,-1215966886,0,50.0,0.0,Tắc nghẽn,1.0
2026-04-01 09:50:58,3210,50,0.0,0.0,3064.06,3169.0,0,0,0,-1149832778#0,2,0.0,0.57,-1149832778#1,0,100.01,0.0,-1149832778#2,0,100.01,0.0,-1149832778#3,0,100.01,0.0,-1175493775#0,0,100.01,0.0,-1175493775#1,0,100.01,0.0,-1175493775#2,0,100.01,0.0,-1215966886,0,50.0,0.0,Tắc nghẽn,1.0
2026-04-01 09:50:58,3220,50,0.0,0.0,3074.06,3179.0,0,0,0,-1149832778#0,2,0.0,0.57,-1149832778#1,0,100.01,0.0,-1149832778#2,0,100.01,0.0,-1149832778#3,0,100.01,0.0,-1175493775#0,0,100.01,0.0,-1175493775#1,0,100.01,0.0,-1175493775#2,0,100.01,0.0,-1215966886,0,50.0,0.0,Tắc nghẽn,1.0
2026-04-01 09:50:58,3230,50,0.0,0.0,3084.06,3189.0,0,0,0,-1149832778#0,2,0.0,0.57,-1149832778#1,0,100.01,0.0,-1149832778#2,0,100.01,0.0,-1149832778#3,0,100.01,0.0,-1175493775#0,0,100.01,0.0,-1175493775#1,0,100.01,0.0,-1175493775#2,0,100.01,0.0,-1215966886,0,50.0,0.0,Tắc nghẽn,1.0
2026-04-01 09:50:58,3240,50,0.0,0.0,3094.06,3199.0,0,0,0,-1149832778#0,2,0.0,0.57,-1149832778#1,0,100.01,0.0,-1149832778#2,0,100.01,0.0,-1149832778#3,0,100.01,0.0,-1175493775#0,0,100.01,0.0,-1175493775#1,0,100.01,0.0,-1175493775#2,0,100.01,0.0,-1215966886,0,50.0,0.0,Tắc nghẽn,1.0
2026-04-01 09:50:58,3250,50,0.0,0.0,3104.06,3209.0,0,0,0,-1149832778#0,2,0.0,0.57,-1149832778#1,0,100.01,0.0,-1149832778#2,0,100.01,0.0,-1149832778#3,0,100.01,0.0,-1175493775#0,0,100.01,0.0,-1175493775#1,0,100.01,0.0,-1175493775#2,0,100.01,0.0,-1215966886,0,50.0,0.0,Tắc nghẽn,1.0
2026-04-01 09:50:59,3260,50,0.0,0.0,3114.06,3219.0,0,0,0,-1149832778#0,2,0.0,0.57,-1149832778#1,0,100.01,0.0,-1149832778#2,0,100.01,0.0,-1149832778#3,0,100.01,0.0,-1175493775#0,0,100.01,0.0,-1175493775#1,0,100.01,0.0,-1175493775#2,0,100.01,0.0,-1215966886,0,50.0,0.0,Tắc nghẽn,1.0
2026-04-01 09:50:59,3270,50,0.0,0.0,3124.06,3229.0,0,0,0,-1149832778#0,2,0.0,0.57,-1149832778#1,0,100.01,0.0,-1149832778#2,0,100.01,0.0,-1149832778#3,0,100.01,0.0,-1175493775#0,0,100.01,0.0,-1175493775#1,0,100.01,0.0,-1175493775#2,0,100.01,0.0,-1215966886,0,50.0,0.0,Tắc nghẽn,1.0
2026-04-01 09:50:59,3280,50,0.0,0.0,3134.06,3239.0,0,0,0,-1149832778#0,2,0.0,0.57,-1149832778#1,0,100.01,0.0,-1149832778#2,0,100.01,0.0,-1149832778#3,0,100.01,0.0,-1175493775#0,0,100.01,0.0,-1175493775#1,0,100.01,0.0,-1175493775#2,0,100.01,0.0,-1215966886,0,50.0,0.0,Tắc nghẽn,1.0
2026-04-01 09:50:59,3290,50,0.0,0.0,3144.06,3249.0,0,0,0,-1149832778#0,2,0.0,0.57,-1149832778#1,0,100.01,0.0,-1149832778#2,0,100.01,0.0,-1149832778#3,0,100.01,0.0,-1175493775#0,0,100.01,0.0,-1175493775#1,0,100.01,0.0,-1175493775#2,0,100.01,0.0,-1215966886,0,50.0,0.0,Tắc nghẽn,1.0
2026-04-01 09:50:59,3300,50,0.0,0.0,3154.06,3259.0,0,0,0,-1149832778#0,2,0.0,0.57,-1149832778#1,0,100.01,0.0,-1149832778#2,0,100.01,0.0,-1149832778#3,0,100.01,0.0,-1175493775#0,0,100.01,0.0,-1175493775#1,0,100.01,0.0,-1175493775#2,0,100.01,0.0,-1215966886,0,50.0,0.0,Tắc nghẽn,1.0
2026-04-01 09:50:59,3310,50,0.0,0.0,3164.06,3269.0,0,0,0,-1149832778#0,2,0.0,0.57,-1149832778#1,0,100.01,0.0,-1149832778#2,0,100.01,0.0,-1149832778#3,0,100.01,0.0,-1175493775#0,0,100.01,0.0,-1175493775#1,0,100.01,0.0,-1175493775#2,0,100.01,0.0,-1215966886,0,50.0,0.0,Tắc nghẽn,1.0
2026-04-01 09:51:00,3320,50,0.0,0.0,3174.06,3279.0,0,0,0,-1149832778#0,2,0.0,0.57,-1149832778#1,0,100.01,0.0,-1149832778#2,0,100.01,0.0,-1149832778#3,0,100.01,0.0,-1175493775#0,0,100.01,0.0,-1175493775#1,0,100.01,0.0,-1175493775#2,0,100.01,0.0,-1215966886,0,50.0,0.0,Tắc nghẽn,1.0
2026-04-01 09:51:00,3330,50,0.0,0.0,3184.06,3289.0,0,0,0,-1149832778#0,2,0.0,0.57,-1149832778#1,0,100.01,0.0,-1149832778#2,0,100.01,0.0,-1149832778#3,0,100.01,0.0,-1175493775#0,0,100.01,0.0,-1175493775#1,0,100.01,0.0,-1175493775#2,0,100.01,0.0,-1215966886,0,50.0,0.0,Tắc nghẽn,1.0
2026-04-01 09:51:00,3340,50,0.0,0.0,3194.06,3299.0,0,0,0,-1149832778#0,2,0.0,0.57,-1149832778#1,0,100.01,0.0,-1149832778#2,0,100.01,0.0,-1149832778#3,0,100.01,0.0,-1175493775#0,0,100.01,0.0,-1175493775#1,0,100.01,0.0,-1175493775#2,0,100.01,0.0,-1215966886,0,50.0,0.0,Tắc nghẽn,1.0
2026-04-01 09:51:00,3350,50,0.0,0.0,3204.06,3309.0,0,0,0,-1149832778#0,2,0.0,0.57,-1149832778#1,0,100.01,0.0,-1149832778#2,0,100.01,0.0,-1149832778#3,0,100.01,0.0,-1175493775#0,0,100.01,0.0,-1175493775#1,0,100.01,0.0,-1175493775#2,0,100.01,0.0,-1215966886,0,50.0,0.0,Tắc nghẽn,1.0
2026-04-01 09:51:00,3360,50,0.0,0.0,3214.06,3319.0,0,0,0,-1149832778#0,2,0.0,0.57,-1149832778#1,0,100.01,0.0,-1149832778#2,0,100.01,0.0,-1149832778#3,0,100.01,0.0,-1175493775#0,0,100.01,0.0,-1175493775#1,0,100.01,0.0,-1175493775#2,0,100.01,0.0,-1215966886,0,50.0,0.0,Tắc nghẽn,1.0
2026-04-01 09:51:00,3370,50,0.0,0.0,3224.06,3329.0,0,0,0,-1149832778#0,2,0.0,0.57,-1149832778#1,0,100.01,0.0,-1149832778#2,0,100.01,0.0,-1149832778#3,0,100.01,0.0,-1175493775#0,0,100.01,0.0,-1175493775#1,0,100.01,0.0,-1175493775#2,0,100.01,0.0,-1215966886,0,50.0,0.0,Tắc nghẽn,1.0
2026-04-01 09:51:01,3380,50,0.0,0.0,3234.06,3339.0,0,0,0,-1149832778#0,2,0.0,0.57,-1149832778#1,0,100.01,0.0,-1149832778#2,0,100.01,0.0,-1149832778#3,0,100.01,0.0,-1175493775#0,0,100.01,0.0,-1175493775#1,0,100.01,0.0,-1175493775#2,0,100.01,0.0,-1215966886,0,50.0,0.0,Tắc nghẽn,1.0
2026-04-01 09:51:01,3390,50,0.0,0.0,3244.06,3349.0,0,0,0,-1149832778#0,2,0.0,0.57,-1149832778#1,0,100.01,0.0,-1149832778#2,0,100.01,0.0,-1149832778#3,0,100.01,0.0,-1175493775#0,0,100.01,0.0,-1175493775#1,0,100.01,0.0,-1175493775#2,0,100.01,0.0,-1215966886,0,50.0,0.0,Tắc nghẽn,1.0
2026-04-01 09:51:01,3400,50,0.0,0.0,3254.06,3359.0,0,0,0,-1149832778#0,2,0.0,0.57,-1149832778#1,0,100.01,0.0,-1149832778#2,0,100.01,0.0,-1149832778#3,0,100.01,0.0,-1175493775#0,0,100.01,0.0,-1175493775#1,0,100.01,0.0,-1175493775#2,0,100.01,0.0,-1215966886,0,50.0,0.0,Tắc nghẽn,1.0
2026-04-01 09:51:01,3410,50,0.0,0.0,3264.06,3369.0,0,0,0,-1149832778#0,2,0.0,0.57,-1149832778#1,0,100.01,0.0,-1149832778#2,0,100.01,0.0,-1149832778#3,0,100.01,0.0,-1175493775#0,0,100.01,0.0,-1175493775#1,0,100.01,0.0,-1175493775#2,0,100.01,0.0,-1215966886,0,50.0,0.0,Tắc nghẽn,1.0
2026-04-01 09:51:01,3420,50,0.0,0.0,3274.06,3379.0,0,0,0,-1149832778#0,2,0.0,0.57,-1149832778#1,0,100.01,0.0,-1149832778#2,0,100.01,0.0,-1149832778#3,0,100.01,0.0,-1175493775#0,0,100.01,0.0,-1175493775#1,0,100.01,0.0,-1175493775#2,0,100.01,0.0,-1215966886,0,50.0,0.0,Tắc nghẽn,1.0
2026-04-01 09:51:01,3430,50,0.0,0.0,3284.06,3389.0,0,0,0,-1149832778#0,2,0.0,0.57,-1149832778#1,0,100.01,0.0,-1149832778#2,0,100.01,0.0,-1149832778#3,0,100.01,0.0,-1175493775#0,0,100.01,0.0,-1175493775#1,0,100.01,0.0,-1175493775#2,0,100.01,0.0,-1215966886,0,50.0,0.0,Tắc nghẽn,1.0
2026-04-01 09:51:01,3440,50,0.0,0.0,3294.06,3399.0,0,0,0,-1149832778#0,2,0.0,0.57,-1149832778#1,0,100.01,0.0,-1149832778#2,0,100.01,0.0,-1149832778#3,0,100.01,0.0,-1175493775#0,0,100.01,0.0,-1175493775#1,0,100.01,0.0,-1175493775#2,0,100.01,0.0,-1215966886,0,50.0,0.0,Tắc nghẽn,1.0
2026-04-01 09:51:02,3450,50,0.0,0.0,3304.06,3409.0,0,0,0,-1149832778#0,2,0.0,0.57,-1149832778#1,0,100.01,0.0,-1149832778#2,0,100.01,0.0,-1149832778#3,0,100.01,0.0,-1175493775#0,0,100.01,0.0,-1175493775#1,0,100.01,0.0,-1175493775#2,0,100.01,0.0,-1215966886,0,50.0,0.0,Tắc nghẽn,1.0
2026-04-01 09:51:02,3460,50,0.0,0.0,3314.06,3419.0,0,0,0,-1149832778#0,2,0.0,0.57,-1149832778#1,0,100.01,0.0,-1149832778#2,0,100.01,0.0,-1149832778#3,0,100.01,0.0,-1175493775#0,0,100.01,0.0,-1175493775#1,0,100.01,0.0,-1175493775#2,0,100.01,0.0,-1215966886,0,50.0,0.0,Tắc nghẽn,1.0
2026-04-01 09:51:02,3470,50,0.0,0.0,3324.06,3429.0,0,0,0,-1149832778#0,2,0.0,0.57,-1149832778#1,0,100.01,0.0,-1149832778#2,0,100.01,0.0,-1149832778#3,0,100.01,0.0,-1175493775#0,0,100.01,0.0,-1175493775#1,0,100.01,0.0,-1175493775#2,0,100.01,0.0,-1215966886,0,50.0,0.0,Tắc nghẽn,1.0
2026-04-01 09:51:02,3480,50,0.0,0.0,3334.06,3439.0,0,0,0,-1149832778#0,2,0.0,0.57,-1149832778#1,0,100.01,0.0,-1149832778#2,0,100.01,0.0,-1149832778#3,0,100.01,0.0,-1175493775#0,0,100.01,0.0,-1175493775#1,0,100.01,0.0,-1175493775#2,0,100.01,0.0,-1215966886,0,50.0,0.0,Tắc nghẽn,1.0
2026-04-01 09:51:02,3490,50,0.0,0.0,3344.06,3449.0,0,0,0,-1149832778#0,2,0.0,0.57,-1149832778#1,0,100.01,0.0,-1149832778#2,0,100.01,0.0,-1149832778#3,0,100.01,0.0,-1175493775#0,0,100.01,0.0,-1175493775#1,0,100.01,0.0,-1175493775#2,0,100.01,0.0,-1215966886,0,50.0,0.0,Tắc nghẽn,1.0
2026-04-01 09:51:02,3500,50,0.0,0.0,3354.06,3459.0,0,0,0,-1149832778#0,2,0.0,0.57,-1149832778#1,0,100.01,0.0,-1149832778#2,0,100.01,0.0,-1149832778#3,0,100.01,0.0,-1175493775#0,0,100.01,0.0,-1175493775#1,0,100.01,0.0,-1175493775#2,0,100.01,0.0,-1215966886,0,50.0,0.0,Tắc nghẽn,1.0
2026-04-01 09:51:03,3510,50,0.0,0.0,3364.06,3469.0,0,0,0,-1149832778#0,2,0.0,0.57,-1149832778#1,0,100.01,0.0,-1149832778#2,0,100.01,0.0,-1149832778#3,0,100.01,0.0,-1175493775#0,0,100.01,0.0,-1175493775#1,0,100.01,0.0,-1175493775#2,0,100.01,0.0,-1215966886,0,50.0,0.0,Tắc nghẽn,1.0
2026-04-01 09:51:03,3520,50,0.0,0.0,3374.06,3479.0,0,0,0,-1149832778#0,2,0.0,0.57,-1149832778#1,0,100.01,0.0,-1149832778#2,0,100.01,0.0,-1149832778#3,0,100.01,0.0,-1175493775#0,0,100.01,0.0,-1175493775#1,0,100.01,0.0,-1175493775#2,0,100.01,0.0,-1215966886,0,50.0,0.0,Tắc nghẽn,1.0
2026-04-01 09:51:03,3530,50,0.0,0.0,3384.06,3489.0,0,0,0,-1149832778#0,2,0.0,0.57,-1149832778#1,0,100.01,0.0,-1149832778#2,0,100.01,0.0,-1149832778#3,0,100.01,0.0,-1175493775#0,0,100.01,0.0,-1175493775#1,0,100.01,0.0,-1175493775#2,0,100.01,0.0,-1215966886,0,50.0,0.0,Tắc nghẽn,1.0
2026-04-01 09:51:03,3540,50,0.0,0.0,3394.06,3499.0,0,0,0,-1149832778#0,2,0.0,0.57,-1149832778#1,0,100.01,0.0,-1149832778#2,0,100.01,0.0,-1149832778#3,0,100.01,0.0,-1175493775#0,0,100.01,0.0,-1175493775#1,0,100.01,0.0,-1175493775#2,0,100.01,0.0,-1215966886,0,50.0,0.0,Tắc nghẽn,1.0
2026-04-01 09:51:03,3550,50,0.0,0.0,3404.06,3509.0,0,0,0,-1149832778#0,2,0.0,0.57,-1149832778#1,0,100.01,0.0,-1149832778#2,0,100.01,0.0,-1149832778#3,0,100.01,0.0,-1175493775#0,0,100.01,0.0,-1175493775#1,0,100.01,0.0,-1175493775#2,0,100.01,0.0,-1215966886,0,50.0,0.0,Tắc nghẽn,1.0
2026-04-01 09:51:03,3560,50,0.0,0.0,3414.06,3519.0,0,0,0,-1149832778#0,2,0.0,0.57,-1149832778#1,0,100.01,0.0,-1149832778#2,0,100.01,0.0,-1149832778#3,0,100.01,0.0,-1175493775#0,0,100.01,0.0,-1175493775#1,0,100.01,0.0,-1175493775#2,0,100.01,0.0,-1215966886,0,50.0,0.0,Tắc nghẽn,1.0
2026-04-01 09:51:04,3570,50,0.0,0.0,3424.06,3529.0,0,0,0,-1149832778#0,2,0.0,0.57,-1149832778#1,0,100.01,0.0,-1149832778#2,0,100.01,0.0,-1149832778#3,0,100.01,0.0,-1175493775#0,0,100.01,0.0,-1175493775#1,0,100.01,0.0,-1175493775#2,0,100.01,0.0,-1215966886,0,50.0,0.0,Tắc nghẽn,1.0
2026-04-01 09:51:04,3580,50,0.0,0.0,3434.06,3539.0,0,0,0,-1149832778#0,2,0.0,0.57,-1149832778#1,0,100.01,0.0,-1149832778#2,0,100.01,0.0,-1149832778#3,0,100.01,0.0,-1175493775#0,0,100.01,0.0,-1175493775#1,0,100.01,0.0,-1175493775#2,0,100.01,0.0,-1215966886,0,50.0,0.0,Tắc nghẽn,1.0
2026-04-01 09:51:04,3590,50,0.0,0.0,3444.06,3549.0,0,0,0,-1149832778#0,2,0.0,0.57,-1149832778#1,0,100.01,0.0,-1149832778#2,0,100.01,0.0,-1149832778#3,0,100.01,0.0,-1175493775#0,0,100.01,0.0,-1175493775#1,0,100.01,0.0,-1175493775#2,0,100.01,0.0,-1215966886,0,50.0,0.0,Tắc nghẽn,1.0
