<?xml version="1.0" encoding="UTF-8"?>
<osm version="0.6" generator="openstreetmap-cgimap 2.1.0 (1238760 spike-07.openstreetmap.org)" copyright="OpenStreetMap and contributors" attribution="http://www.openstreetmap.org/copyright" license="http://opendatacommons.org/licenses/odbl/1-0/">
 <bounds minlat="10.8482320" minlon="106.7735240" maxlat="10.8496990" maxlon="106.7751120"/>
 <node id="366438163" visible="true" version="12" changeset="174896884" timestamp="2025-11-20T09:12:36Z" user="Trần Thanh Tuấn" uid="16014056" lat="10.8481598" lon="106.7751742"/>
 <node id="676035152" visible="true" version="7" changeset="73857871" timestamp="2019-08-28T21:12:53Z" user="Whimsical Otter" uid="7466823" lat="10.8461046" lon="106.7720987"/>
 <node id="676035155" visible="true" version="3" changeset="37915827" timestamp="2016-03-18T10:26:01Z" user="totim" uid="562188" lat="10.8485663" lon="106.7735913"/>
 <node id="676035158" visible="true" version="3" changeset="37915827" timestamp="2016-03-18T10:26:01Z" user="totim" uid="562188" lat="10.8487887" lon="106.7737700"/>
 <node id="729602748" visible="true" version="5" changeset="165543903" timestamp="2025-04-28T11:07:36Z" user="crgbsly" uid="9093997" lat="10.8483849" lon="106.7746746">
  <tag k="alt_name" v="Gà Rán Kentucky"/>
  <tag k="alt_name:en" v="Kentucky Fried Chicken"/>
  <tag k="alt_name:vi" v="Gà Rán Kentucky"/>
  <tag k="amenity" v="fast_food"/>
  <tag k="brand" v="KFC"/>
  <tag k="brand:en" v="KFC"/>
  <tag k="brand:wikidata" v="Q524757"/>
  <tag k="brand:wikipedia" v="en:KFC"/>
  <tag k="cuisine" v="fried_chicken"/>
  <tag k="name" v="KFC"/>
  <tag k="takeaway" v="yes"/>
 </node>
 <node id="1497312933" visible="true" version="3" changeset="75291545" timestamp="2019-10-04T14:57:19Z" user="KBao" uid="10087122" lat="10.7982983" lon="106.7213463"/>
 <node id="2024972708" visible="true" version="10" changeset="174896884" timestamp="2025-11-20T09:12:36Z" user="Trần Thanh Tuấn" uid="16014056" lat="10.8496627" lon="106.7734150"/>
 <node id="2024972787" visible="true" version="16" changeset="179993773" timestamp="2026-03-17T09:28:27Z" user="edumiz624" uid="20881381" lat="10.8495414" lon="106.7733404"/>
 <node id="2024972804" visible="true" version="2" changeset="37915827" timestamp="2016-03-18T10:26:01Z" user="totim" uid="562188" lat="10.8486783" lon="106.7736822"/>
 <node id="2024972835" visible="true" version="2" changeset="37762582" timestamp="2016-03-11T15:23:43Z" user="528491" uid="1377843" lat="10.8483216" lon="106.7740629">
  <tag k="amenity" v="atm"/>
  <tag k="brand" v="VIB"/>
  <tag k="operator" v="VIB"/>
 </node>
 <node id="2024972846" visible="true" version="7" changeset="174896884" timestamp="2025-11-20T09:12:36Z" user="Trần Thanh Tuấn" uid="16014056" lat="10.8494148" lon="106.7735626"/>
 <node id="2024972854" visible="true" version="1" changeset="13960720" timestamp="2012-11-21T16:22:45Z" user="TuanIfan" uid="625303" lat="10.8480743" lon="106.7739315"/>
 <node id="2024972857" visible="true" version="1" changeset="13960720" timestamp="2012-11-21T16:22:45Z" user="TuanIfan" uid="625303" lat="10.8482850" lon="106.7746879"/>
 <node id="2024972860" visible="true" version="1" changeset="13960720" timestamp="2012-11-21T16:22:45Z" user="TuanIfan" uid="625303" lat="10.8478846" lon="106.7735936"/>
 <node id="2024972996" visible="true" version="7" changeset="174896884" timestamp="2025-11-20T09:12:36Z" user="Trần Thanh Tuấn" uid="16014056" lat="10.8494809" lon="106.7734631"/>
 <node id="2024973002" visible="true" version="10" changeset="174896884" timestamp="2025-11-20T09:12:36Z" user="Trần Thanh Tuấn" uid="16014056" lat="10.8491802" lon="106.7738493"/>
 <node id="2024973084" visible="true" version="6" changeset="174896884" timestamp="2025-11-20T09:12:36Z" user="Trần Thanh Tuấn" uid="16014056" lat="10.8486663" lon="106.7744207"/>
 <node id="2024973089" visible="true" version="10" changeset="174896884" timestamp="2025-11-20T09:12:36Z" user="Trần Thanh Tuấn" uid="16014056" lat="10.8489087" lon="106.7743858">
  <tag k="crossing" v="traffic_signals"/>
  <tag k="highway" v="traffic_signals"/>
  <tag k="traffic_signals" v="signal"/>
 </node>
 <node id="2024973144" visible="true" version="1" changeset="13960720" timestamp="2012-11-21T16:22:49Z" user="TuanIfan" uid="625303" lat="10.8481636" lon="106.7737625"/>
 <node id="2024973162" visible="true" version="4" changeset="73855315" timestamp="2019-08-28T19:34:45Z" user="Whimsical Otter" uid="7466823" lat="10.8502834" lon="106.7754917"/>
 <node id="2024973187" visible="true" version="1" changeset="13960720" timestamp="2012-11-21T16:22:49Z" user="TuanIfan" uid="625303" lat="10.8475611" lon="106.7743336"/>
 <node id="2024973259" visible="true" version="1" changeset="13960720" timestamp="2012-11-21T16:22:50Z" user="TuanIfan" uid="625303" lat="10.8483799" lon="106.7744680"/>
 <node id="2024973276" visible="true" version="7" changeset="174896884" timestamp="2025-11-20T09:12:36Z" user="Trần Thanh Tuấn" uid="16014056" lat="10.8495217" lon="106.7733784"/>
 <node id="2024973291" visible="true" version="4" changeset="60974347" timestamp="2018-07-23T07:28:44Z" user="mutpuri" uid="7795551" lat="10.8493390" lon="106.7744626"/>
 <node id="2024973301" visible="true" version="2" changeset="37915991" timestamp="2016-03-18T10:34:18Z" user="totim" uid="562188" lat="10.8482470" lon="106.7733501"/>
 <node id="2024973316" visible="true" version="13" changeset="174896884" timestamp="2025-11-20T09:12:36Z" user="Trần Thanh Tuấn" uid="16014056" lat="10.8493081" lon="106.7739660"/>
 <node id="2036083033" visible="true" version="1" changeset="14056747" timestamp="2012-11-27T10:03:46Z" user="TuanIfan" uid="625303" lat="10.7981214" lon="106.7197805"/>
 <node id="2036083398" visible="true" version="3" changeset="14071101" timestamp="2012-11-28T10:24:25Z" user="TuanIfan" uid="625303" lat="10.7979246" lon="106.7183460"/>
 <node id="2037755791" visible="true" version="4" changeset="75291545" timestamp="2019-10-04T14:57:19Z" user="KBao" uid="10087122" lat="10.8033323" lon="106.7483300"/>
 <node id="2037755908" visible="true" version="4" changeset="75291545" timestamp="2019-10-04T14:57:19Z" user="KBao" uid="10087122" lat="10.8047148" lon="106.7516462"/>
 <node id="2037755927" visible="true" version="5" changeset="75291545" timestamp="2019-10-04T14:57:19Z" user="KBao" uid="10087122" lat="10.7998613" lon="106.7302263"/>
 <node id="2037755933" visible="true" version="2" changeset="75291545" timestamp="2019-10-04T14:57:19Z" user="KBao" uid="10087122" lat="10.7982471" lon="106.7207154"/>
 <node id="2037756027" visible="true" version="4" changeset="75291545" timestamp="2019-10-04T14:57:19Z" user="KBao" uid="10087122" lat="10.8040811" lon="106.7504084"/>
 <node id="2037756029" visible="true" version="5" changeset="75291545" timestamp="2019-10-04T14:57:19Z" user="KBao" uid="10087122" lat="10.8024575" lon="106.7436313"/>
 <node id="2037756037" visible="true" version="4" changeset="75291545" timestamp="2019-10-04T14:57:19Z" user="KBao" uid="10087122" lat="10.8011719" lon="106.7371744"/>
 <node id="2037756053" visible="true" version="3" changeset="75291545" timestamp="2019-10-04T14:57:19Z" user="KBao" uid="10087122" lat="10.7983005" lon="106.7211139"/>
 <node id="2037756108" visible="true" version="9" changeset="82795844" timestamp="2020-03-30T00:26:09Z" user="ser" uid="83903" lat="10.7869303" lon="106.7126956"/>
 <node id="2038003809" visible="true" version="7" changeset="94541672" timestamp="2020-11-21T12:02:20Z" user="ff5722" uid="3450290" lat="10.7957098" lon="106.7150275"/>
 <node id="2038003843" visible="true" version="6" changeset="75291545" timestamp="2019-10-04T14:57:19Z" user="KBao" uid="10087122" lat="10.7954005" lon="106.7146351"/>
 <node id="2038003875" visible="true" version="7" changeset="94541672" timestamp="2020-11-21T12:02:20Z" user="ff5722" uid="3450290" lat="10.7964496" lon="106.7159541"/>
 <node id="2217824797" visible="true" version="2" changeset="37915827" timestamp="2016-03-18T10:26:01Z" user="totim" uid="562188" lat="10.8485482" lon="106.7734819"/>
 <node id="2217824798" visible="true" version="7" changeset="74059456" timestamp="2019-09-03T22:10:39Z" user="Whimsical Otter" uid="7466823" lat="10.8506014" lon="106.7756419"/>
 <node id="2217824799" visible="true" version="3" changeset="74059456" timestamp="2019-09-03T22:10:39Z" user="Whimsical Otter" uid="7466823" lat="10.8498900" lon="106.7747870"/>
 <node id="2217824800" visible="true" version="6" changeset="74059456" timestamp="2019-09-03T22:10:39Z" user="Whimsical Otter" uid="7466823" lat="10.8461402" lon="106.7720264"/>
 <node id="2217824802" visible="true" version="4" changeset="37915827" timestamp="2016-03-18T10:26:01Z" user="totim" uid="562188" lat="10.8491866" lon="106.7740381"/>
 <node id="2217869569" visible="true" version="3" changeset="60974347" timestamp="2018-07-23T07:28:44Z" user="mutpuri" uid="7795551" lat="10.8497679" lon="106.7747422"/>
 <node id="2217869570" visible="true" version="13" changeset="174896884" timestamp="2025-11-20T09:12:36Z" user="Trần Thanh Tuấn" uid="16014056" lat="10.8489642" lon="106.7740931">
  <tag k="highway" v="traffic_signals"/>
 </node>
 <node id="2217869577" visible="true" version="12" changeset="174896884" timestamp="2025-11-20T09:12:36Z" user="Trần Thanh Tuấn" uid="16014056" lat="10.8490852" lon="106.7742035">
  <tag k="highway" v="traffic_signals"/>
 </node>
 <node id="2333144875" visible="true" version="2" changeset="37915827" timestamp="2016-03-18T10:26:02Z" user="totim" uid="562188" lat="10.8496103" lon="106.7737346"/>
 <node id="2333144876" visible="true" version="2" changeset="37915827" timestamp="2016-03-18T10:26:02Z" user="totim" uid="562188" lat="10.8494121" lon="106.7739333"/>
 <node id="2333144878" visible="true" version="2" changeset="37915827" timestamp="2016-03-18T10:26:01Z" user="totim" uid="562188" lat="10.8493563" lon="106.7735309"/>
 <node id="2333144882" visible="true" version="2" changeset="37915827" timestamp="2016-03-18T10:26:02Z" user="totim" uid="562188" lat="10.8496674" lon="106.7741087"/>
 <node id="2333144883" visible="true" version="2" changeset="37915827" timestamp="2016-03-18T10:26:01Z" user="totim" uid="562188" lat="10.8489174" lon="106.7734762"/>
 <node id="2333144887" visible="true" version="2" changeset="37915827" timestamp="2016-03-18T10:26:01Z" user="totim" uid="562188" lat="10.8490991" lon="106.7734600"/>
 <node id="2333144890" visible="true" version="2" changeset="37915827" timestamp="2016-03-18T10:26:02Z" user="totim" uid="562188" lat="10.8496133" lon="106.7736067"/>
 <node id="2333144892" visible="true" version="2" changeset="37915827" timestamp="2016-03-18T10:26:01Z" user="totim" uid="562188" lat="10.8494054" lon="106.7733095"/>
 <node id="2333144898" visible="true" version="2" changeset="37915827" timestamp="2016-03-18T10:26:02Z" user="totim" uid="562188" lat="10.8497214" lon="106.7742428"/>
 <node id="2333144900" visible="true" version="2" changeset="37915827" timestamp="2016-03-18T10:26:01Z" user="totim" uid="562188" lat="10.8493669" lon="106.7733245"/>
 <node id="2333144902" visible="true" version="2" changeset="37915827" timestamp="2016-03-18T10:26:01Z" user="totim" uid="562188" lat="10.8494423" lon="106.7733309"/>
 <node id="2333144903" visible="true" version="2" changeset="37915827" timestamp="2016-03-18T10:26:01Z" user="totim" uid="562188" lat="10.8494561" lon="106.7733584"/>
 <node id="2333144905" visible="true" version="2" changeset="37915827" timestamp="2016-03-18T10:26:02Z" user="totim" uid="562188" lat="10.8495604" lon="106.7737022"/>
 <node id="2333144907" visible="true" version="2" changeset="37915827" timestamp="2016-03-18T10:26:01Z" user="totim" uid="562188" lat="10.8491883" lon="106.7737096"/>
 <node id="2333144909" visible="true" version="2" changeset="37915827" timestamp="2016-03-18T10:26:02Z" user="totim" uid="562188" lat="10.8496254" lon="106.7739056"/>
 <node id="2333152560" visible="true" version="8" changeset="74396907" timestamp="2019-09-12T14:39:04Z" user="AnonJason" uid="9151615" lat="10.8455799" lon="106.7738615"/>
 <node id="2890902225" visible="true" version="2" changeset="75291545" timestamp="2019-10-04T14:57:19Z" user="KBao" uid="10087122" lat="10.7978680" lon="106.7181323"/>
 <node id="2890938905" visible="true" version="5" changeset="75291545" timestamp="2019-10-04T14:57:19Z" user="KBao" uid="10087122" lat="10.7978058" lon="106.7179364"/>
 <node id="2890938911" visible="true" version="6" changeset="75291545" timestamp="2019-10-04T14:57:19Z" user="KBao" uid="10087122" lat="10.7998192" lon="106.7302264"/>
 <node id="2890938923" visible="true" version="3" changeset="75291545" timestamp="2019-10-04T14:57:19Z" user="KBao" uid="10087122" lat="10.7981654" lon="106.7203850"/>
 <node id="2890938938" visible="true" version="4" changeset="75291545" timestamp="2019-10-04T14:57:19Z" user="KBao" uid="10087122" lat="10.7978934" lon="106.7183512"/>
 <node id="2890938939" visible="true" version="4" changeset="75291545" timestamp="2019-10-04T14:57:19Z" user="KBao" uid="10087122" lat="10.8048303" lon="106.7518692"/>
 <node id="2890938941" visible="true" version="6" changeset="75308504" timestamp="2019-10-05T04:40:01Z" user="KBao" uid="10087122" lat="10.7976282" lon="106.7175445"/>
 <node id="2890938944" visible="true" version="5" changeset="75291545" timestamp="2019-10-04T14:57:19Z" user="KBao" uid="10087122" lat="10.7943149" lon="106.7138300"/>
 <node id="2890938949" visible="true" version="3" changeset="75291545" timestamp="2019-10-04T14:57:19Z" user="KBao" uid="10087122" lat="10.7982471" lon="106.7209760"/>
 <node id="2890938951" visible="true" version="4" changeset="75291545" timestamp="2019-10-04T14:57:19Z" user="KBao" uid="10087122" lat="10.7978381" lon="106.7181353"/>
 <node id="2890938957" visible="true" version="4" changeset="75291545" timestamp="2019-10-04T14:57:19Z" user="KBao" uid="10087122" lat="10.8036933" lon="106.7495809"/>
 <node id="2890938963" visible="true" version="4" changeset="75291545" timestamp="2019-10-04T14:57:19Z" user="KBao" uid="10087122" lat="10.8032972" lon="106.7483297"/>
 <node id="2890938964" visible="true" version="4" changeset="75291545" timestamp="2019-10-04T14:57:19Z" user="KBao" uid="10087122" lat="10.8011389" lon="106.7371941"/>
 <node id="2890938967" visible="true" version="5" changeset="94541672" timestamp="2020-11-21T12:02:20Z" user="ff5722" uid="3450290" lat="10.7984060" lon="106.7220106"/>
 <node id="2890938973" visible="true" version="3" changeset="75291545" timestamp="2019-10-04T14:57:19Z" user="KBao" uid="10087122" lat="10.7980929" lon="106.7197848"/>
 <node id="2890938979" visible="true" version="4" changeset="72479698" timestamp="2019-07-21T11:00:09Z" user="Cxioktsly0USVBswU8" uid="9422956" lat="10.8023569" lon="106.7436741"/>
 <node id="2890940318" visible="true" version="17" changeset="175791212" timestamp="2025-12-11T08:30:55Z" user="Kri_ttt" uid="13669494" lat="10.7960829" lon="106.7154943">
  <tag k="name" v="Công viên Văn Thánh"/>
  <tag k="name:de" v="Park Văn Thánh"/>
  <tag k="name:en" v="Van Thanh Park"/>
  <tag k="name:fr" v="Parc Văn Thánh"/>
  <tag k="name:nl" v="Văn Thánhpark"/>
  <tag k="name:th" v="สวนสาธารณะวันทั้ญ"/>
  <tag k="network" v="Ho Chi Minh City Metro"/>
  <tag k="operator" v="Ban Quản lý Đường sắt đô thị Thành phố Hồ Chí Minh"/>
  <tag k="public_transport" v="stop_position"/>
  <tag k="railway" v="stop"/>
  <tag k="ref" v="L104"/>
  <tag k="subway" v="yes"/>
 </node>
 <node id="2891272396" visible="true" version="3" changeset="75291545" timestamp="2019-10-04T14:57:19Z" user="KBao" uid="10087122" lat="10.8039278" lon="106.7501441"/>
 <node id="2891272397" visible="true" version="3" changeset="75291545" timestamp="2019-10-04T14:57:19Z" user="KBao" uid="10087122" lat="10.8040545" lon="106.7504290"/>
 <node id="2891272398" visible="true" version="4" changeset="75291545" timestamp="2019-10-04T14:57:19Z" user="KBao" uid="10087122" lat="10.8042783" lon="106.7509344"/>
 <node id="2891272399" visible="true" version="4" changeset="75291545" timestamp="2019-10-04T14:57:19Z" user="KBao" uid="10087122" lat="10.8043060" lon="106.7509149"/>
 <node id="2891272400" visible="true" version="3" changeset="75291545" timestamp="2019-10-04T14:57:19Z" user="KBao" uid="10087122" lat="10.8039528" lon="106.7501187"/>
 <node id="2940183148" visible="true" version="3" changeset="74059456" timestamp="2019-09-03T22:10:39Z" user="Whimsical Otter" uid="7466823" lat="10.8495750" lon="106.7744133"/>
 <node id="2949132064" visible="true" version="1" changeset="23965508" timestamp="2014-07-05T11:37:33Z" user="TuanIfan" uid="625303" lat="10.8491602" lon="106.7747259"/>
 <node id="2949132065" visible="true" version="1" changeset="23965508" timestamp="2014-07-05T11:37:34Z" user="TuanIfan" uid="625303" lat="10.8489847" lon="106.7748861"/>
 <node id="2949132066" visible="true" version="1" changeset="23965508" timestamp="2014-07-05T11:37:34Z" user="TuanIfan" uid="625303" lat="10.8488031" lon="106.7747197"/>
 <node id="2949132067" visible="true" version="1" changeset="23965508" timestamp="2014-07-05T11:37:34Z" user="TuanIfan" uid="625303" lat="10.8488455" lon="106.7746720"/>
 <node id="2949132068" visible="true" version="1" changeset="23965508" timestamp="2014-07-05T11:37:34Z" user="TuanIfan" uid="625303" lat="10.8489105" lon="106.7746057"/>
 <node id="2949132069" visible="true" version="1" changeset="23965508" timestamp="2014-07-05T11:37:34Z" user="TuanIfan" uid="625303" lat="10.8489347" lon="106.7745795"/>
 <node id="2949132070" visible="true" version="1" changeset="23965508" timestamp="2014-07-05T11:37:34Z" user="TuanIfan" uid="625303" lat="10.8489529" lon="106.7745626"/>
 <node id="2949132071" visible="true" version="1" changeset="23965508" timestamp="2014-07-05T11:37:34Z" user="TuanIfan" uid="625303" lat="10.8489741" lon="106.7745611"/>
 <node id="2949132072" visible="true" version="1" changeset="23965508" timestamp="2014-07-05T11:37:34Z" user="TuanIfan" uid="625303" lat="10.8489983" lon="106.7745703"/>
 <node id="2949132073" visible="true" version="1" changeset="23965508" timestamp="2014-07-05T11:37:34Z" user="TuanIfan" uid="625303" lat="10.8488994" lon="106.7749641"/>
 <node id="2949132074" visible="true" version="1" changeset="23965508" timestamp="2014-07-05T11:37:34Z" user="TuanIfan" uid="625303" lat="10.8487243" lon="106.7747992"/>
 <node id="2949132075" visible="true" version="1" changeset="23965508" timestamp="2014-07-05T11:37:34Z" user="TuanIfan" uid="625303" lat="10.8488755" lon="106.7749391"/>
 <node id="2949132076" visible="true" version="1" changeset="23965508" timestamp="2014-07-05T11:37:34Z" user="TuanIfan" uid="625303" lat="10.8487938" lon="106.7750328"/>
 <node id="2949132077" visible="true" version="1" changeset="23965508" timestamp="2014-07-05T11:37:34Z" user="TuanIfan" uid="625303" lat="10.8487538" lon="106.7749903"/>
 <node id="2949132078" visible="true" version="1" changeset="23965508" timestamp="2014-07-05T11:37:34Z" user="TuanIfan" uid="625303" lat="10.8487834" lon="106.7749585"/>
 <node id="2949132079" visible="true" version="1" changeset="23965508" timestamp="2014-07-05T11:37:34Z" user="TuanIfan" uid="625303" lat="10.8486739" lon="106.7748576"/>
 <node id="2949132080" visible="true" version="1" changeset="23965508" timestamp="2014-07-05T11:37:34Z" user="TuanIfan" uid="625303" lat="10.8486408" lon="106.7748890"/>
 <node id="2949132081" visible="true" version="1" changeset="23965508" timestamp="2014-07-05T11:37:34Z" user="TuanIfan" uid="625303" lat="10.8487703" lon="106.7750079"/>
 <node id="2949132082" visible="true" version="3" changeset="59631625" timestamp="2018-06-07T10:08:39Z" user="woodpeck_repair" uid="145231" lat="10.8487251" lon="106.7750566"/>
 <node id="2949132083" visible="true" version="3" changeset="59631625" timestamp="2018-06-07T10:08:39Z" user="woodpeck_repair" uid="145231" lat="10.8485960" lon="106.7749359"/>
 <node id="2949132099" visible="true" version="7" changeset="74396907" timestamp="2019-09-12T14:39:04Z" user="AnonJason" uid="9151615" lat="10.8466173" lon="106.7742127"/>
 <node id="2949132101" visible="true" version="8" changeset="74396907" timestamp="2019-09-12T14:39:04Z" user="AnonJason" uid="9151615" lat="10.8463568" lon="106.7741245"/>
 <node id="2949132103" visible="true" version="9" changeset="74396907" timestamp="2019-09-12T14:39:04Z" user="AnonJason" uid="9151615" lat="10.8461054" lon="106.7740394"/>
 <node id="2949132105" visible="true" version="7" changeset="74396907" timestamp="2019-09-12T14:39:04Z" user="AnonJason" uid="9151615" lat="10.8458390" lon="106.7739492"/>
 <node id="2949132107" visible="true" version="9" changeset="74396907" timestamp="2019-09-12T14:39:04Z" user="AnonJason" uid="9151615" lat="10.8479229" lon="106.7746548"/>
 <node id="2949132109" visible="true" version="7" changeset="74396907" timestamp="2019-09-12T14:39:04Z" user="AnonJason" uid="9151615" lat="10.8476570" lon="106.7745648"/>
 <node id="2949132111" visible="true" version="9" changeset="74396907" timestamp="2019-09-12T14:39:04Z" user="AnonJason" uid="9151615" lat="10.8468694" lon="106.7742981"/>
 <node id="2949132113" visible="true" version="9" changeset="74396907" timestamp="2019-09-12T14:39:04Z" user="AnonJason" uid="9151615" lat="10.8471337" lon="106.7743876"/>
 <node id="2949132115" visible="true" version="8" changeset="74396907" timestamp="2019-09-12T14:39:05Z" user="AnonJason" uid="9151615" lat="10.8473917" lon="106.7744749"/>
 <node id="2949132120" visible="true" version="7" changeset="74396907" timestamp="2019-09-12T14:39:05Z" user="AnonJason" uid="9151615" lat="10.8453131" lon="106.7737711"/>
 <node id="2949132122" visible="true" version="7" changeset="74396907" timestamp="2019-09-12T14:39:05Z" user="AnonJason" uid="9151615" lat="10.8450473" lon="106.7736811"/>
 <node id="2954781347" visible="true" version="2" changeset="161466245" timestamp="2025-01-17T18:24:17Z" user="Trần Thanh Tuấn" uid="16014056" lat="10.8514394" lon="106.7767676"/>
 <node id="2954781348" visible="true" version="4" changeset="174666339" timestamp="2025-11-14T21:33:47Z" user="Tommybara" uid="12198525" lat="10.8495072" lon="106.7735296"/>
 <node id="2954781349" visible="true" version="4" changeset="174666339" timestamp="2025-11-14T21:33:47Z" user="Tommybara" uid="12198525" lat="10.8500886" lon="106.7749265"/>
 <node id="2967612863" visible="true" version="4" changeset="75291545" timestamp="2019-10-04T14:57:19Z" user="KBao" uid="10087122" lat="10.8003307" lon="106.7326965"/>
 <node id="2967612864" visible="true" version="4" changeset="75291545" timestamp="2019-10-04T14:57:19Z" user="KBao" uid="10087122" lat="10.8002876" lon="106.7327012"/>
 <node id="3055742221" visible="true" version="2" changeset="37915172" timestamp="2016-03-18T09:50:50Z" user="totim" uid="562188" lat="10.8483651" lon="106.7739332"/>
 <node id="3055742222" visible="true" version="2" changeset="37915172" timestamp="2016-03-18T09:50:50Z" user="totim" uid="562188" lat="10.8485622" lon="106.7740855"/>
 <node id="3055742223" visible="true" version="2" changeset="37915172" timestamp="2016-03-18T09:50:50Z" user="totim" uid="562188" lat="10.8485865" lon="106.7742641"/>
 <node id="3055742224" visible="true" version="2" changeset="37915172" timestamp="2016-03-18T09:50:50Z" user="totim" uid="562188" lat="10.8484647" lon="106.7744085"/>
 <node id="3055774378" visible="true" version="2" changeset="119374417" timestamp="2022-04-06T08:17:32Z" user="Senior_Intern" uid="13899044" lat="10.8483297" lon="106.7746046">
  <tag k="amenity" v="atm"/>
  <tag k="name" v="Vietcombank ATM"/>
  <tag k="not:brand:wikidata" v="Q6122995"/>
  <tag k="operator" v="Vietcombank"/>
 </node>
 <node id="3385455008" visible="true" version="4" changeset="161466245" timestamp="2025-01-17T18:24:17Z" user="Trần Thanh Tuấn" uid="16014056" lat="10.8490941" lon="106.7740779">
  <tag k="junction" v="yes"/>
  <tag k="name" v="Ngã tư Thủ Đức"/>
  <tag k="name:en" v="Thu Duc intersection"/>
 </node>
 <node id="3385455009" visible="true" version="3" changeset="60974347" timestamp="2018-07-23T07:28:45Z" user="mutpuri" uid="7795551" lat="10.8494499" lon="106.7745653"/>
 <node id="4066414552" visible="true" version="2" changeset="37915827" timestamp="2016-03-18T10:26:02Z" user="totim" uid="562188" lat="10.8481654" lon="106.7734527"/>
 <node id="4066414555" visible="true" version="2" changeset="37915991" timestamp="2016-03-18T10:34:18Z" user="totim" uid="562188" lat="10.8486670" lon="106.7739172"/>
 <node id="4066458568" visible="true" version="2" changeset="56894034" timestamp="2018-03-05T08:17:58Z" user="8221" uid="7649715" lat="10.8488741" lon="106.7735975"/>
 <node id="4066458571" visible="true" version="1" changeset="37915827" timestamp="2016-03-18T10:26:00Z" user="totim" uid="562188" lat="10.8492882" lon="106.7736202"/>
 <node id="4066458572" visible="true" version="1" changeset="37915827" timestamp="2016-03-18T10:26:00Z" user="totim" uid="562188" lat="10.8491883" lon="106.7734261"/>
 <node id="4066458573" visible="true" version="1" changeset="37915827" timestamp="2016-03-18T10:26:00Z" user="totim" uid="562188" lat="10.8489932" lon="106.7734739"/>
 <node id="4066458575" visible="true" version="1" changeset="37915827" timestamp="2016-03-18T10:26:00Z" user="totim" uid="562188" lat="10.8478386" lon="106.7730798"/>
 <node id="4066458576" visible="true" version="1" changeset="37915827" timestamp="2016-03-18T10:26:00Z" user="totim" uid="562188" lat="10.8478794" lon="106.7730167"/>
 <node id="4066458577" visible="true" version="1" changeset="37915827" timestamp="2016-03-18T10:26:00Z" user="totim" uid="562188" lat="10.8496421" lon="106.7739934"/>
 <node id="4066458578" visible="true" version="4" changeset="60974347" timestamp="2018-07-23T07:28:45Z" user="mutpuri" uid="7795551" lat="10.8482335" lon="106.7734683"/>
 <node id="4066458579" visible="true" version="2" changeset="60974347" timestamp="2018-07-23T07:28:45Z" user="mutpuri" uid="7795551" lat="10.8486209" lon="106.7737753"/>
 <node id="4066458581" visible="true" version="5" changeset="174896884" timestamp="2025-11-20T09:12:36Z" user="Trần Thanh Tuấn" uid="16014056" lat="10.8494699" lon="106.7737466"/>
 <node id="4066458585" visible="true" version="1" changeset="37915827" timestamp="2016-03-18T10:26:00Z" user="totim" uid="562188" lat="10.8495111" lon="106.7744410"/>
 <node id="4066458587" visible="true" version="2" changeset="74059456" timestamp="2019-09-03T22:10:39Z" user="Whimsical Otter" uid="7466823" lat="10.8504395" lon="106.7754308"/>
 <node id="4066459095" visible="true" version="3" changeset="73855315" timestamp="2019-08-28T19:34:45Z" user="Whimsical Otter" uid="7466823" lat="10.8505519" lon="106.7756977"/>
 <node id="4066459096" visible="true" version="3" changeset="73855315" timestamp="2019-08-28T19:34:45Z" user="Whimsical Otter" uid="7466823" lat="10.8503650" lon="106.7754697"/>
 <node id="4066470690" visible="true" version="1" changeset="37915991" timestamp="2016-03-18T10:34:17Z" user="totim" uid="562188" lat="10.8487720" lon="106.7740079"/>
 <node id="4066470691" visible="true" version="4" changeset="177829724" timestamp="2026-01-29T04:19:40Z" user="FishyCatFisher" uid="23730900" lat="10.8488658" lon="106.7740710">
  <tag k="button_operated" v="no"/>
  <tag k="crossing" v="traffic_signals"/>
  <tag k="highway" v="traffic_signals"/>
  <tag k="traffic_signals:sound" v="no"/>
 </node>
 <node id="4066470692" visible="true" version="5" changeset="177829724" timestamp="2026-01-29T04:19:41Z" user="FishyCatFisher" uid="23730900" lat="10.8489098" lon="106.7740111">
  <tag k="button_operated" v="no"/>
  <tag k="crossing" v="traffic_signals"/>
  <tag k="highway" v="traffic_signals"/>
  <tag k="traffic_signals:sound" v="no"/>
 </node>
 <node id="4066470693" visible="true" version="1" changeset="37915991" timestamp="2016-03-18T10:34:17Z" user="totim" uid="562188" lat="10.8498478" lon="106.7749723"/>
 <node id="4066470698" visible="true" version="1" changeset="37915991" timestamp="2016-03-18T10:34:17Z" user="totim" uid="562188" lat="10.8482531" lon="106.7732654"/>
 <node id="4066480996" visible="true" version="2" changeset="60641055" timestamp="2018-07-12T08:29:03Z" user="mutpuri" uid="7795551" lat="10.8483047" lon="106.7731396"/>
 <node id="4636963251" visible="true" version="3" changeset="75291545" timestamp="2019-10-04T14:57:19Z" user="KBao" uid="10087122" lat="10.7953748" lon="106.7146583"/>
 <node id="4675153901" visible="true" version="5" changeset="130093065" timestamp="2022-12-15T00:16:07Z" user="Tommybara" uid="12198525" lat="10.7906721" lon="106.7134364"/>
 <node id="4778058482" visible="true" version="3" changeset="174666339" timestamp="2025-11-14T21:33:47Z" user="Tommybara" uid="12198525" lat="10.8493336" lon="106.7738153"/>
 <node id="4778103374" visible="true" version="8" changeset="174666339" timestamp="2025-11-14T21:33:47Z" user="Tommybara" uid="12198525" lat="10.8494291" lon="106.7736800"/>
 <node id="4851795654" visible="true" version="4" changeset="94541243" timestamp="2020-11-21T11:50:13Z" user="ff5722" uid="3450290" lat="10.7860093" lon="106.7121323"/>
 <node id="4851795655" visible="true" version="5" changeset="114422995" timestamp="2021-12-01T00:22:45Z" user="TuanIfan" uid="625303" lat="10.7854683" lon="106.7116613"/>
 <node id="4934947358" visible="true" version="2" changeset="94541243" timestamp="2020-11-21T11:50:13Z" user="ff5722" uid="3450290" lat="10.8790977" lon="106.8137008"/>
 <node id="4934947359" visible="true" version="2" changeset="94541243" timestamp="2020-11-21T11:50:13Z" user="ff5722" uid="3450290" lat="10.8787843" lon="106.8135211"/>
 <node id="4934947701" visible="true" version="2" changeset="94541243" timestamp="2020-11-21T11:50:13Z" user="ff5722" uid="3450290" lat="10.8790253" lon="106.8137652"/>
 <node id="4934947702" visible="true" version="2" changeset="94541243" timestamp="2020-11-21T11:50:13Z" user="ff5722" uid="3450290" lat="10.8787382" lon="106.8135801"/>
 <node id="4934947940" visible="true" version="3" changeset="75291545" timestamp="2019-10-04T14:57:19Z" user="KBao" uid="10087122" lat="10.8048588" lon="106.7518495"/>
 <node id="4934947941" visible="true" version="3" changeset="75291545" timestamp="2019-10-04T14:57:19Z" user="KBao" uid="10087122" lat="10.8046900" lon="106.7516692"/>
 <node id="4934947942" visible="true" version="3" changeset="75291545" timestamp="2019-10-04T14:57:19Z" user="KBao" uid="10087122" lat="10.8045197" lon="106.7513997"/>
 <node id="4934947943" visible="true" version="3" changeset="75291545" timestamp="2019-10-04T14:57:19Z" user="KBao" uid="10087122" lat="10.8045426" lon="106.7513752"/>
 <node id="4934947944" visible="true" version="3" changeset="75291545" timestamp="2019-10-04T14:57:19Z" user="KBao" uid="10087122" lat="10.8044141" lon="106.7512175"/>
 <node id="4934947945" visible="true" version="3" changeset="75291545" timestamp="2019-10-04T14:57:19Z" user="KBao" uid="10087122" lat="10.8044301" lon="106.7511774"/>
 <node id="4934947946" visible="true" version="2" changeset="75291545" timestamp="2019-10-04T14:57:19Z" user="KBao" uid="10087122" lat="10.8037191" lon="106.7495600"/>
 <node id="4934947947" visible="true" version="2" changeset="75291545" timestamp="2019-10-04T14:57:19Z" user="KBao" uid="10087122" lat="10.8035468" lon="106.7492110"/>
 <node id="4934947948" visible="true" version="2" changeset="75291545" timestamp="2019-10-04T14:57:19Z" user="KBao" uid="10087122" lat="10.8035749" lon="106.7492012"/>
 <node id="4934947949" visible="true" version="2" changeset="75291545" timestamp="2019-10-04T14:57:19Z" user="KBao" uid="10087122" lat="10.8034004" lon="106.7487458"/>
 <node id="4934947950" visible="true" version="2" changeset="75291545" timestamp="2019-10-04T14:57:19Z" user="KBao" uid="10087122" lat="10.8034278" lon="106.7487174"/>
 <node id="4934947951" visible="true" version="3" changeset="75291545" timestamp="2019-10-04T14:57:19Z" user="KBao" uid="10087122" lat="10.8026036" lon="106.7450316"/>
 <node id="4934947953" visible="true" version="2" changeset="75291545" timestamp="2019-10-04T14:57:19Z" user="KBao" uid="10087122" lat="10.8031081" lon="106.7473166"/>
 <node id="4934947954" visible="true" version="2" changeset="75291545" timestamp="2019-10-04T14:57:19Z" user="KBao" uid="10087122" lat="10.8031427" lon="106.7472978"/>
 <node id="4934947955" visible="true" version="3" changeset="160422276" timestamp="2024-12-20T08:06:10Z" user="Trần Thanh Tuấn" uid="16014056" lat="10.8028686" lon="106.7461590"/>
 <node id="4934947956" visible="true" version="3" changeset="75291545" timestamp="2019-10-04T14:57:19Z" user="KBao" uid="10087122" lat="10.8028319" lon="106.7457001"/>
 <node id="4934947993" visible="true" version="3" changeset="74186203" timestamp="2019-09-06T17:02:11Z" user="UncoolGuyJake" uid="7674729" lat="10.8501680" lon="106.7755839"/>
 <node id="4934947995" visible="true" version="4" changeset="131983676" timestamp="2023-02-02T01:41:06Z" user="Trần Thanh Tuấn" uid="16014056" lat="10.8494668" lon="106.7747783"/>
 <node id="4934947996" visible="true" version="7" changeset="174896884" timestamp="2025-11-20T09:12:36Z" user="Trần Thanh Tuấn" uid="16014056" lat="10.8489487" lon="106.7743382">
  <tag k="highway" v="traffic_signals"/>
 </node>
 <node id="4934947997" visible="true" version="8" changeset="174896884" timestamp="2025-11-20T09:12:36Z" user="Trần Thanh Tuấn" uid="16014056" lat="10.8488257" lon="106.7742333">
  <tag k="highway" v="traffic_signals"/>
 </node>
 <node id="4934947998" visible="true" version="3" changeset="60974347" timestamp="2018-07-23T07:28:45Z" user="mutpuri" uid="7795551" lat="10.8481951" lon="106.7735251"/>
 <node id="4934947999" visible="true" version="3" changeset="74330370" timestamp="2019-09-10T22:03:14Z" user="AnonJason" uid="9151615" lat="10.8485153" lon="106.7739464"/>
 <node id="4934948000" visible="true" version="2" changeset="73857871" timestamp="2019-08-28T21:12:53Z" user="Whimsical Otter" uid="7466823" lat="10.8479885" lon="106.7735120"/>
 <node id="4999403223" visible="true" version="2" changeset="54051410" timestamp="2017-11-24T14:15:20Z" user="raito" uid="2390670" lat="10.8492691" lon="106.7747362"/>
 <node id="4999403224" visible="true" version="2" changeset="54051410" timestamp="2017-11-24T14:15:20Z" user="raito" uid="2390670" lat="10.8493941" lon="106.7748709"/>
 <node id="4999403225" visible="true" version="2" changeset="54051410" timestamp="2017-11-24T14:15:20Z" user="raito" uid="2390670" lat="10.8493129" lon="106.7749490"/>
 <node id="4999403226" visible="true" version="2" changeset="54051410" timestamp="2017-11-24T14:15:20Z" user="raito" uid="2390670" lat="10.8491879" lon="106.7748143"/>
 <node id="5455969238" visible="true" version="4" changeset="124074602" timestamp="2022-07-26T03:39:43Z" user="GrabVN_QThoai" uid="15740602" lat="10.8499195" lon="106.7746025"/>
 <node id="5456033301" visible="true" version="2" changeset="60524350" timestamp="2018-07-09T05:43:49Z" user="mutpuri" uid="7795551" lat="10.8487272" lon="106.7734674"/>
 <node id="5748445140" visible="true" version="1" changeset="60524350" timestamp="2018-07-09T05:43:44Z" user="mutpuri" uid="7795551" lat="10.8480913" lon="106.7729900"/>
 <node id="5765438177" visible="true" version="5" changeset="174896884" timestamp="2025-11-20T09:12:36Z" user="Trần Thanh Tuấn" uid="16014056" lat="10.8485401" lon="106.7748124">
  <tag k="crossing" v="uncontrolled"/>
  <tag k="highway" v="crossing"/>
 </node>
 <node id="5765438179" visible="true" version="5" changeset="174896884" timestamp="2025-11-20T09:12:36Z" user="Trần Thanh Tuấn" uid="16014056" lat="10.8484311" lon="106.7747151">
  <tag k="crossing" v="uncontrolled"/>
  <tag k="highway" v="crossing"/>
 </node>
 <node id="5765438188" visible="true" version="4" changeset="74396907" timestamp="2019-09-12T14:39:05Z" user="AnonJason" uid="9151615" lat="10.8473258" lon="106.7744526"/>
 <node id="5778615985" visible="true" version="1" changeset="60974347" timestamp="2018-07-23T07:28:39Z" user="mutpuri" uid="7795551" lat="10.8495308" lon="106.7741870"/>
 <node id="5778615986" visible="true" version="1" changeset="60974347" timestamp="2018-07-23T07:28:39Z" user="mutpuri" uid="7795551" lat="10.8494334" lon="106.7741963"/>
 <node id="5778615987" visible="true" version="1" changeset="60974347" timestamp="2018-07-23T07:28:39Z" user="mutpuri" uid="7795551" lat="10.8493574" lon="106.7742632"/>
 <node id="5778615988" visible="true" version="1" changeset="60974347" timestamp="2018-07-23T07:28:39Z" user="mutpuri" uid="7795551" lat="10.8493245" lon="106.7743741"/>
 <node id="5778616002" visible="true" version="1" changeset="60974347" timestamp="2018-07-23T07:28:39Z" user="mutpuri" uid="7795551" lat="10.8489328" lon="106.7740681"/>
 <node id="5778630695" visible="true" version="2" changeset="73938708" timestamp="2019-08-30T21:59:56Z" user="Whimsical Otter" uid="7466823" lat="10.8500151" lon="106.7754125"/>
 <node id="5778630710" visible="true" version="1" changeset="60974347" timestamp="2018-07-23T07:28:41Z" user="mutpuri" uid="7795551" lat="10.8486713" lon="106.7753510"/>
 <node id="5778630711" visible="true" version="1" changeset="60974347" timestamp="2018-07-23T07:28:41Z" user="mutpuri" uid="7795551" lat="10.8487134" lon="106.7752688"/>
 <node id="5778630712" visible="true" version="1" changeset="60974347" timestamp="2018-07-23T07:28:41Z" user="mutpuri" uid="7795551" lat="10.8488748" lon="106.7751402"/>
 <node id="5778630713" visible="true" version="1" changeset="60974347" timestamp="2018-07-23T07:28:41Z" user="mutpuri" uid="7795551" lat="10.8489380" lon="106.7750938"/>
 <node id="5778630714" visible="true" version="1" changeset="60974347" timestamp="2018-07-23T07:28:41Z" user="mutpuri" uid="7795551" lat="10.8490292" lon="106.7750581"/>
 <node id="5778630715" visible="true" version="1" changeset="60974347" timestamp="2018-07-23T07:28:41Z" user="mutpuri" uid="7795551" lat="10.8492081" lon="106.7751117"/>
 <node id="5778630716" visible="true" version="1" changeset="60974347" timestamp="2018-07-23T07:28:41Z" user="mutpuri" uid="7795551" lat="10.8492958" lon="106.7751224"/>
 <node id="5778630717" visible="true" version="1" changeset="60974347" timestamp="2018-07-23T07:28:41Z" user="mutpuri" uid="7795551" lat="10.8493730" lon="106.7751117"/>
 <node id="5778630718" visible="true" version="3" changeset="131983676" timestamp="2023-02-02T01:41:06Z" user="Trần Thanh Tuấn" uid="16014056" lat="10.8495781" lon="106.7749053"/>
 <node id="6576350769" visible="true" version="3" changeset="72739281" timestamp="2019-07-28T14:16:32Z" user="Cxioktsly0USVBswU8" uid="9422956" lat="10.8387168" lon="106.8207740"/>
 <node id="6576350770" visible="true" version="2" changeset="72739281" timestamp="2019-07-28T14:16:32Z" user="Cxioktsly0USVBswU8" uid="9422956" lat="10.8382588" lon="106.8259150"/>
 <node id="6576350771" visible="true" version="3" changeset="72739281" timestamp="2019-07-28T14:16:32Z" user="Cxioktsly0USVBswU8" uid="9422956" lat="10.8446052" lon="106.8624915"/>
 <node id="6576350772" visible="true" version="3" changeset="72739281" timestamp="2019-07-28T14:16:32Z" user="Cxioktsly0USVBswU8" uid="9422956" lat="10.8792385" lon="107.0463296"/>
 <node id="6576350773" visible="true" version="3" changeset="72739281" timestamp="2019-07-28T14:16:32Z" user="Cxioktsly0USVBswU8" uid="9422956" lat="10.8801790" lon="107.0536418"/>
 <node id="6576350774" visible="true" version="3" changeset="72739281" timestamp="2019-07-28T14:16:32Z" user="Cxioktsly0USVBswU8" uid="9422956" lat="10.8784434" lon="107.1305549"/>
 <node id="6576385429" visible="true" version="3" changeset="72739281" timestamp="2019-07-28T14:16:32Z" user="Cxioktsly0USVBswU8" uid="9422956" lat="10.8387623" lon="106.8207897"/>
 <node id="6576385430" visible="true" version="2" changeset="72739281" timestamp="2019-07-28T14:16:32Z" user="Cxioktsly0USVBswU8" uid="9422956" lat="10.8383034" lon="106.8259323"/>
 <node id="6576385431" visible="true" version="3" changeset="72739281" timestamp="2019-07-28T14:16:32Z" user="Cxioktsly0USVBswU8" uid="9422956" lat="10.8446539" lon="106.8624905"/>
 <node id="6576385432" visible="true" version="3" changeset="72739281" timestamp="2019-07-28T14:16:32Z" user="Cxioktsly0USVBswU8" uid="9422956" lat="10.8792844" lon="107.0463181"/>
 <node id="6576385433" visible="true" version="3" changeset="72739281" timestamp="2019-07-28T14:16:32Z" user="Cxioktsly0USVBswU8" uid="9422956" lat="10.8802263" lon="107.0536365"/>
 <node id="6576385434" visible="true" version="3" changeset="72739281" timestamp="2019-07-28T14:16:32Z" user="Cxioktsly0USVBswU8" uid="9422956" lat="10.8784906" lon="107.1305553"/>
 <node id="6620449400" visible="true" version="3" changeset="74396907" timestamp="2019-09-12T14:39:05Z" user="AnonJason" uid="9151615" lat="10.8482400" lon="106.7747622">
  <tag k="crossing" v="uncontrolled"/>
  <tag k="highway" v="crossing"/>
 </node>
 <node id="6633732146" visible="true" version="2" changeset="72739281" timestamp="2019-07-28T14:16:32Z" user="Cxioktsly0USVBswU8" uid="9422956" lat="10.8803468" lon="107.0612493"/>
 <node id="6633732147" visible="true" version="2" changeset="72739281" timestamp="2019-07-28T14:16:32Z" user="Cxioktsly0USVBswU8" uid="9422956" lat="10.8802997" lon="107.0612465"/>
 <node id="6633732148" visible="true" version="2" changeset="72739281" timestamp="2019-07-28T14:16:32Z" user="Cxioktsly0USVBswU8" uid="9422956" lat="10.8736739" lon="107.0285583"/>
 <node id="6633732149" visible="true" version="2" changeset="72739281" timestamp="2019-07-28T14:16:32Z" user="Cxioktsly0USVBswU8" uid="9422956" lat="10.8736273" lon="107.0285672"/>
 <node id="6633732150" visible="true" version="2" changeset="72739281" timestamp="2019-07-28T14:16:32Z" user="Cxioktsly0USVBswU8" uid="9422956" lat="10.8385736" lon="106.8328738"/>
 <node id="6633732151" visible="true" version="2" changeset="72739281" timestamp="2019-07-28T14:16:32Z" user="Cxioktsly0USVBswU8" uid="9422956" lat="10.8385267" lon="106.8328696"/>
 <node id="6633732152" visible="true" version="2" changeset="72739281" timestamp="2019-07-28T14:16:32Z" user="Cxioktsly0USVBswU8" uid="9422956" lat="10.8420540" lon="106.8484032"/>
 <node id="6633732153" visible="true" version="2" changeset="72739281" timestamp="2019-07-28T14:16:32Z" user="Cxioktsly0USVBswU8" uid="9422956" lat="10.8420062" lon="106.8484040"/>
 <node id="6633732154" visible="true" version="2" changeset="72739281" timestamp="2019-07-28T14:16:32Z" user="Cxioktsly0USVBswU8" uid="9422956" lat="10.8506778" lon="106.7992444"/>
 <node id="6633732155" visible="true" version="2" changeset="72739281" timestamp="2019-07-28T14:16:32Z" user="Cxioktsly0USVBswU8" uid="9422956" lat="10.8506307" lon="106.7992381"/>
 <node id="6633732156" visible="true" version="3" changeset="75291545" timestamp="2019-10-04T14:57:19Z" user="KBao" uid="10087122" lat="10.7935741" lon="106.7135896"/>
 <node id="6634827013" visible="true" version="3" changeset="75291545" timestamp="2019-10-04T14:57:19Z" user="KBao" uid="10087122" lat="10.7916241" lon="106.7134745"/>
 <node id="6635002168" visible="true" version="2" changeset="75291545" timestamp="2019-10-04T14:57:19Z" user="KBao" uid="10087122" lat="10.7916329" lon="106.7134348"/>
 <node id="6635002169" visible="true" version="2" changeset="75291545" timestamp="2019-10-04T14:57:19Z" user="KBao" uid="10087122" lat="10.7935913" lon="106.7135520"/>
 <node id="6635002170" visible="true" version="2" changeset="75291545" timestamp="2019-10-04T14:57:19Z" user="KBao" uid="10087122" lat="10.7943193" lon="106.7137950"/>
 <node id="6635002171" visible="true" version="2" changeset="75291545" timestamp="2019-10-04T14:57:19Z" user="KBao" uid="10087122" lat="10.7946582" lon="106.7139904"/>
 <node id="6635002172" visible="true" version="2" changeset="75291545" timestamp="2019-10-04T14:57:19Z" user="KBao" uid="10087122" lat="10.7949954" lon="106.7142291"/>
 <node id="6635002173" visible="true" version="3" changeset="75291545" timestamp="2019-10-04T14:57:19Z" user="KBao" uid="10087122" lat="10.7949787" lon="106.7142626"/>
 <node id="6635002174" visible="true" version="3" changeset="94541672" timestamp="2020-11-21T12:02:20Z" user="ff5722" uid="3450290" lat="10.7956763" lon="106.7150528"/>
 <node id="6635002175" visible="true" version="3" changeset="94541672" timestamp="2020-11-21T12:02:20Z" user="ff5722" uid="3450290" lat="10.7964116" lon="106.7159864"/>
 <node id="6635002176" visible="true" version="2" changeset="75291545" timestamp="2019-10-04T14:57:19Z" user="KBao" uid="10087122" lat="10.7970938" lon="106.7168783"/>
 <node id="6635002177" visible="true" version="2" changeset="75291545" timestamp="2019-10-04T14:57:19Z" user="KBao" uid="10087122" lat="10.7976038" lon="106.7175750"/>
 <node id="6635002178" visible="true" version="2" changeset="75291545" timestamp="2019-10-04T14:57:19Z" user="KBao" uid="10087122" lat="10.7977768" lon="106.7179471"/>
 <node id="6642837268" visible="true" version="2" changeset="80979991" timestamp="2020-02-14T01:08:08Z" user="pride_dara" uid="9035998" lat="10.8490464" lon="106.7740016"/>
 <node id="6655081307" visible="true" version="4" changeset="130093065" timestamp="2022-12-15T00:16:07Z" user="Tommybara" uid="12198525" lat="10.7876725" lon="106.7129019"/>
 <node id="6655081316" visible="true" version="1" changeset="72739281" timestamp="2019-07-28T14:16:32Z" user="Cxioktsly0USVBswU8" uid="9422956" lat="10.8546252" lon="106.7824087"/>
 <node id="6655081317" visible="true" version="1" changeset="72739281" timestamp="2019-07-28T14:16:32Z" user="Cxioktsly0USVBswU8" uid="9422956" lat="10.8546620" lon="106.7823918"/>
 <node id="6655081318" visible="true" version="1" changeset="72739281" timestamp="2019-07-28T14:16:32Z" user="Cxioktsly0USVBswU8" uid="9422956" lat="10.8552312" lon="106.7836653"/>
 <node id="6655081319" visible="true" version="1" changeset="72739281" timestamp="2019-07-28T14:16:32Z" user="Cxioktsly0USVBswU8" uid="9422956" lat="10.8551936" lon="106.7836808"/>
 <node id="6655081320" visible="true" version="2" changeset="86681603" timestamp="2020-06-15T17:34:48Z" user="Cxioktsly0USVBswU8" uid="9422956" lat="10.8059339" lon="106.7561436">
  <tag k="continue" v="reserved"/>
  <tag k="note" v="extension reserved"/>
 </node>
 <node id="6655081321" visible="true" version="2" changeset="86681603" timestamp="2020-06-15T17:34:48Z" user="Cxioktsly0USVBswU8" uid="9422956" lat="10.8247042" lon="106.7601229"/>
 <node id="6655081322" visible="true" version="2" changeset="86681603" timestamp="2020-06-15T17:34:48Z" user="Cxioktsly0USVBswU8" uid="9422956" lat="10.8442697" lon="106.7708338"/>
 <node id="6655081323" visible="true" version="1" changeset="72739281" timestamp="2019-07-28T14:16:32Z" user="Cxioktsly0USVBswU8" uid="9422956" lat="10.8457777" lon="106.7717249"/>
 <node id="6655081324" visible="true" version="1" changeset="72739281" timestamp="2019-07-28T14:16:32Z" user="Cxioktsly0USVBswU8" uid="9422956" lat="10.8479438" lon="106.7731210"/>
 <node id="6655081325" visible="true" version="1" changeset="72739281" timestamp="2019-07-28T14:16:32Z" user="Cxioktsly0USVBswU8" uid="9422956" lat="10.8490482" lon="106.7740260"/>
 <node id="6655081326" visible="true" version="1" changeset="72739281" timestamp="2019-07-28T14:16:32Z" user="Cxioktsly0USVBswU8" uid="9422956" lat="10.8498846" lon="106.7748291"/>
 <node id="6655081327" visible="true" version="1" changeset="72739281" timestamp="2019-07-28T14:16:32Z" user="Cxioktsly0USVBswU8" uid="9422956" lat="10.8513158" lon="106.7766466"/>
 <node id="6655081328" visible="true" version="1" changeset="72739281" timestamp="2019-07-28T14:16:32Z" user="Cxioktsly0USVBswU8" uid="9422956" lat="10.8556098" lon="106.7851888"/>
 <node id="6655081329" visible="true" version="1" changeset="72739281" timestamp="2019-07-28T14:16:32Z" user="Cxioktsly0USVBswU8" uid="9422956" lat="10.8557420" lon="106.7866174"/>
 <node id="6655081330" visible="true" version="1" changeset="72739281" timestamp="2019-07-28T14:16:32Z" user="Cxioktsly0USVBswU8" uid="9422956" lat="10.8556828" lon="106.7876828"/>
 <node id="6655081331" visible="true" version="1" changeset="72739281" timestamp="2019-07-28T14:16:32Z" user="Cxioktsly0USVBswU8" uid="9422956" lat="10.8555789" lon="106.7884170"/>
 <node id="6655081332" visible="true" version="2" changeset="86811250" timestamp="2020-06-18T08:10:24Z" user="Cxioktsly0USVBswU8" uid="9422956" lat="10.8550963" lon="106.7902803"/>
 <node id="6655081333" visible="true" version="2" changeset="86811250" timestamp="2020-06-18T08:10:24Z" user="Cxioktsly0USVBswU8" uid="9422956" lat="10.8535972" lon="106.7953271"/>
 <node id="6655081334" visible="true" version="2" changeset="86811250" timestamp="2020-06-18T08:10:24Z" user="Cxioktsly0USVBswU8" uid="9422956" lat="10.8531338" lon="106.7962666"/>
 <node id="6655081335" visible="true" version="2" changeset="86811250" timestamp="2020-06-18T08:10:24Z" user="Cxioktsly0USVBswU8" uid="9422956" lat="10.8526713" lon="106.7968676"/>
 <node id="6655081336" visible="true" version="1" changeset="72739281" timestamp="2019-07-28T14:16:32Z" user="Cxioktsly0USVBswU8" uid="9422956" lat="10.8799514" lon="107.0760135"/>
 <node id="6655081337" visible="true" version="2" changeset="86681603" timestamp="2020-06-15T17:34:48Z" user="Cxioktsly0USVBswU8" uid="9422956" lat="10.8059242" lon="106.7561894">
  <tag k="continue" v="reserved"/>
  <tag k="note" v="extension reserved"/>
 </node>
 <node id="6655081338" visible="true" version="2" changeset="86681603" timestamp="2020-06-15T17:34:48Z" user="Cxioktsly0USVBswU8" uid="9422956" lat="10.8246907" lon="106.7601620"/>
 <node id="6655081339" visible="true" version="2" changeset="86681603" timestamp="2020-06-15T17:34:48Z" user="Cxioktsly0USVBswU8" uid="9422956" lat="10.8442510" lon="106.7708703"/>
 <node id="6655081340" visible="true" version="1" changeset="72739281" timestamp="2019-07-28T14:16:32Z" user="Cxioktsly0USVBswU8" uid="9422956" lat="10.8457573" lon="106.7717604"/>
 <node id="6655081341" visible="true" version="1" changeset="72739281" timestamp="2019-07-28T14:16:32Z" user="Cxioktsly0USVBswU8" uid="9422956" lat="10.8479213" lon="106.7731552"/>
 <node id="6655081342" visible="true" version="1" changeset="72739281" timestamp="2019-07-28T14:16:32Z" user="Cxioktsly0USVBswU8" uid="9422956" lat="10.8490224" lon="106.7740577"/>
 <node id="6655081343" visible="true" version="1" changeset="72739281" timestamp="2019-07-28T14:16:32Z" user="Cxioktsly0USVBswU8" uid="9422956" lat="10.8498549" lon="106.7748570"/>
 <node id="6655081344" visible="true" version="1" changeset="72739281" timestamp="2019-07-28T14:16:32Z" user="Cxioktsly0USVBswU8" uid="9422956" lat="10.8512826" lon="106.7766702"/>
 <node id="6655081345" visible="true" version="1" changeset="72739281" timestamp="2019-07-28T14:16:32Z" user="Cxioktsly0USVBswU8" uid="9422956" lat="10.8555738" lon="106.7852077"/>
 <node id="6655081346" visible="true" version="1" changeset="72739281" timestamp="2019-07-28T14:16:32Z" user="Cxioktsly0USVBswU8" uid="9422956" lat="10.8557017" lon="106.7866262"/>
 <node id="6655081347" visible="true" version="1" changeset="72739281" timestamp="2019-07-28T14:16:32Z" user="Cxioktsly0USVBswU8" uid="9422956" lat="10.8556424" lon="106.7876794"/>
 <node id="6655081348" visible="true" version="1" changeset="72739281" timestamp="2019-07-28T14:16:32Z" user="Cxioktsly0USVBswU8" uid="9422956" lat="10.8555396" lon="106.7884076"/>
 <node id="6655081349" visible="true" version="2" changeset="86811250" timestamp="2020-06-18T08:10:25Z" user="Cxioktsly0USVBswU8" uid="9422956" lat="10.8550575" lon="106.7902690"/>
 <node id="6655081350" visible="true" version="2" changeset="86811250" timestamp="2020-06-18T08:10:25Z" user="Cxioktsly0USVBswU8" uid="9422956" lat="10.8535584" lon="106.7953157"/>
 <node id="6655081351" visible="true" version="2" changeset="86811250" timestamp="2020-06-18T08:10:25Z" user="Cxioktsly0USVBswU8" uid="9422956" lat="10.8530964" lon="106.7962504"/>
 <node id="6655081352" visible="true" version="2" changeset="86811250" timestamp="2020-06-18T08:10:25Z" user="Cxioktsly0USVBswU8" uid="9422956" lat="10.8526360" lon="106.7968474"/>
 <node id="6655081353" visible="true" version="1" changeset="72739281" timestamp="2019-07-28T14:16:32Z" user="Cxioktsly0USVBswU8" uid="9422956" lat="10.8445261" lon="106.8057656"/>
 <node id="6655081354" visible="true" version="1" changeset="72739281" timestamp="2019-07-28T14:16:32Z" user="Cxioktsly0USVBswU8" uid="9422956" lat="10.8444942" lon="106.8057383"/>
 <node id="6655081355" visible="true" version="1" changeset="72739281" timestamp="2019-07-28T14:16:32Z" user="Cxioktsly0USVBswU8" uid="9422956" lat="10.8425288" lon="106.8097824"/>
 <node id="6655081356" visible="true" version="1" changeset="72739281" timestamp="2019-07-28T14:16:32Z" user="Cxioktsly0USVBswU8" uid="9422956" lat="10.8424957" lon="106.8097550"/>
 <node id="6655081357" visible="true" version="1" changeset="72739281" timestamp="2019-07-28T14:16:32Z" user="Cxioktsly0USVBswU8" uid="9422956" lat="10.8413591" lon="106.8117713"/>
 <node id="6655081358" visible="true" version="1" changeset="72739281" timestamp="2019-07-28T14:16:32Z" user="Cxioktsly0USVBswU8" uid="9422956" lat="10.8413272" lon="106.8117417"/>
 <node id="6655081359" visible="true" version="1" changeset="72739281" timestamp="2019-07-28T14:16:32Z" user="Cxioktsly0USVBswU8" uid="9422956" lat="10.8404816" lon="106.8135979"/>
 <node id="6655081360" visible="true" version="1" changeset="72739281" timestamp="2019-07-28T14:16:32Z" user="Cxioktsly0USVBswU8" uid="9422956" lat="10.8404461" lon="106.8135713"/>
 <node id="6655081361" visible="true" version="1" changeset="72739281" timestamp="2019-07-28T14:16:32Z" user="Cxioktsly0USVBswU8" uid="9422956" lat="10.8669980" lon="107.0035715"/>
 <node id="6655081362" visible="true" version="1" changeset="72739281" timestamp="2019-07-28T14:16:32Z" user="Cxioktsly0USVBswU8" uid="9422956" lat="10.8669592" lon="107.0035947"/>
 <node id="6760602350" visible="true" version="1" changeset="73938708" timestamp="2019-08-30T21:59:56Z" user="Whimsical Otter" uid="7466823" lat="10.8490155" lon="106.7744041">
  <tag k="crossing" v="traffic_signals"/>
  <tag k="highway" v="crossing"/>
 </node>
 <node id="6760602351" visible="true" version="2" changeset="131983676" timestamp="2023-02-02T01:41:06Z" user="Trần Thanh Tuấn" uid="16014056" lat="10.8490585" lon="106.7743562">
  <tag k="crossing" v="traffic_signals"/>
  <tag k="highway" v="traffic_signals"/>
 </node>
 <node id="6760602352" visible="true" version="3" changeset="165543903" timestamp="2025-04-28T11:07:36Z" user="crgbsly" uid="9093997" lat="10.8491693" lon="106.7742886">
  <tag k="crossing" v="traffic_signals"/>
  <tag k="highway" v="crossing"/>
 </node>
 <node id="6760602353" visible="true" version="1" changeset="73938708" timestamp="2019-08-30T21:59:56Z" user="Whimsical Otter" uid="7466823" lat="10.8487744" lon="106.7741260">
  <tag k="crossing" v="traffic_signals"/>
  <tag k="highway" v="crossing"/>
 </node>
 <node id="6760602354" visible="true" version="2" changeset="177829626" timestamp="2026-01-29T04:19:16Z" user="FishyCatFisher" uid="23730900" lat="10.8487429" lon="106.7741643">
  <tag k="crossing" v="traffic_signals"/>
  <tag k="highway" v="traffic_signals"/>
  <tag k="traffic_signals:sound" v="no"/>
 </node>
 <node id="6760602355" visible="true" version="2" changeset="74330370" timestamp="2019-09-10T22:03:14Z" user="AnonJason" uid="9151615" lat="10.8485694" lon="106.7740269"/>
 <node id="6760602356" visible="true" version="2" changeset="74330370" timestamp="2019-09-10T22:03:14Z" user="AnonJason" uid="9151615" lat="10.8486168" lon="106.7739880"/>
 <node id="6760602357" visible="true" version="6" changeset="174896884" timestamp="2025-11-20T09:12:36Z" user="Trần Thanh Tuấn" uid="16014056" lat="10.8488612" lon="106.7741942">
  <tag k="highway" v="traffic_signals"/>
 </node>
 <node id="6760602358" visible="true" version="6" changeset="174896884" timestamp="2025-11-20T09:12:36Z" user="Trần Thanh Tuấn" uid="16014056" lat="10.8489901" lon="106.7742988">
  <tag k="highway" v="traffic_signals"/>
 </node>
 <node id="6760602360" visible="true" version="2" changeset="74330420" timestamp="2019-09-10T22:06:48Z" user="AnonJason" uid="9151615" lat="10.8491023" lon="106.7744880"/>
 <node id="6760639552" visible="true" version="3" changeset="131983676" timestamp="2023-02-02T01:41:06Z" user="Trần Thanh Tuấn" uid="16014056" lat="10.8496931" lon="106.7750301">
  <tag k="crossing" v="uncontrolled"/>
  <tag k="highway" v="crossing"/>
 </node>
 <node id="6770669620" visible="true" version="1" changeset="74059456" timestamp="2019-09-03T22:10:39Z" user="Whimsical Otter" uid="7466823" lat="10.8476434" lon="106.7730372"/>
 <node id="6770669621" visible="true" version="1" changeset="74059456" timestamp="2019-09-03T22:10:39Z" user="Whimsical Otter" uid="7466823" lat="10.8478937" lon="106.7731981"/>
 <node id="6770669622" visible="true" version="1" changeset="74059456" timestamp="2019-09-03T22:10:39Z" user="Whimsical Otter" uid="7466823" lat="10.8481821" lon="106.7734019"/>
 <node id="6770669623" visible="true" version="1" changeset="74059456" timestamp="2019-09-03T22:10:39Z" user="Whimsical Otter" uid="7466823" lat="10.8489302" lon="106.7739786"/>
 <node id="6770669624" visible="true" version="1" changeset="74059456" timestamp="2019-09-03T22:10:39Z" user="Whimsical Otter" uid="7466823" lat="10.8494439" lon="106.7744614"/>
 <node id="6770669625" visible="true" version="1" changeset="74059456" timestamp="2019-09-03T22:10:39Z" user="Whimsical Otter" uid="7466823" lat="10.8497429" lon="106.7747672"/>
 <node id="6770669626" visible="true" version="1" changeset="74059456" timestamp="2019-09-03T22:10:39Z" user="Whimsical Otter" uid="7466823" lat="10.8505223" lon="106.7757200"/>
 <node id="6770669627" visible="true" version="1" changeset="74059456" timestamp="2019-09-03T22:10:39Z" user="Whimsical Otter" uid="7466823" lat="10.8506247" lon="106.7756211"/>
 <node id="6770669628" visible="true" version="1" changeset="74059456" timestamp="2019-09-03T22:10:39Z" user="Whimsical Otter" uid="7466823" lat="10.8500215" lon="106.7748798"/>
 <node id="6770669629" visible="true" version="1" changeset="74059456" timestamp="2019-09-03T22:10:39Z" user="Whimsical Otter" uid="7466823" lat="10.8496527" lon="106.7744688"/>
 <node id="6770669630" visible="true" version="1" changeset="74059456" timestamp="2019-09-03T22:10:39Z" user="Whimsical Otter" uid="7466823" lat="10.8494630" lon="106.7742710"/>
 <node id="6770669631" visible="true" version="1" changeset="74059456" timestamp="2019-09-03T22:10:39Z" user="Whimsical Otter" uid="7466823" lat="10.8488657" lon="106.7737265"/>
 <node id="6770669632" visible="true" version="1" changeset="74059456" timestamp="2019-09-03T22:10:39Z" user="Whimsical Otter" uid="7466823" lat="10.8485628" lon="106.7734650"/>
 <node id="6770669633" visible="true" version="1" changeset="74059456" timestamp="2019-09-03T22:10:39Z" user="Whimsical Otter" uid="7466823" lat="10.8482967" lon="106.7732732"/>
 <node id="6770669634" visible="true" version="1" changeset="74059456" timestamp="2019-09-03T22:10:39Z" user="Whimsical Otter" uid="7466823" lat="10.8479345" lon="106.7730238"/>
 <node id="6770669635" visible="true" version="1" changeset="74059456" timestamp="2019-09-03T22:10:39Z" user="Whimsical Otter" uid="7466823" lat="10.8471640" lon="106.7725892"/>
 <node id="6770669636" visible="true" version="1" changeset="74059456" timestamp="2019-09-03T22:10:39Z" user="Whimsical Otter" uid="7466823" lat="10.8461570" lon="106.7719998"/>
 <node id="6770669637" visible="true" version="1" changeset="74059456" timestamp="2019-09-03T22:10:39Z" user="Whimsical Otter" uid="7466823" lat="10.8460918" lon="106.7721306"/>
 <node id="6775745940" visible="true" version="4" changeset="174896884" timestamp="2025-11-20T09:12:36Z" user="Trần Thanh Tuấn" uid="16014056" lat="10.8484672" lon="106.7748928"/>
 <node id="6775745941" visible="true" version="4" changeset="174896884" timestamp="2025-11-20T09:12:36Z" user="Trần Thanh Tuấn" uid="16014056" lat="10.8483678" lon="106.7750059"/>
 <node id="6775745942" visible="true" version="4" changeset="174896884" timestamp="2025-11-20T09:12:36Z" user="Trần Thanh Tuấn" uid="16014056" lat="10.8482809" lon="106.7749335"/>
 <node id="6775745943" visible="true" version="5" changeset="174896884" timestamp="2025-11-20T09:12:36Z" user="Trần Thanh Tuấn" uid="16014056" lat="10.8483686" lon="106.7748057"/>
 <node id="6775745944" visible="true" version="1" changeset="74152212" timestamp="2019-09-05T22:28:02Z" user="Whimsical Otter" uid="7466823" lat="10.8486800" lon="106.7743219"/>
 <node id="6775745945" visible="true" version="3" changeset="165543903" timestamp="2025-04-28T11:07:36Z" user="crgbsly" uid="9093997" lat="10.8486856" lon="106.7742306">
  <tag k="crossing" v="uncontrolled"/>
  <tag k="highway" v="crossing"/>
 </node>
 <node id="6775745946" visible="true" version="1" changeset="74152212" timestamp="2019-09-05T22:28:02Z" user="Whimsical Otter" uid="7466823" lat="10.8486866" lon="106.7742039"/>
 <node id="6775745947" visible="true" version="1" changeset="74152212" timestamp="2019-09-05T22:28:02Z" user="Whimsical Otter" uid="7466823" lat="10.8486760" lon="106.7741503"/>
 <node id="6775745948" visible="true" version="1" changeset="74152212" timestamp="2019-09-05T22:28:02Z" user="Whimsical Otter" uid="7466823" lat="10.8486498" lon="106.7740865"/>
 <node id="6775745949" visible="true" version="5" changeset="171304816" timestamp="2025-09-01T10:03:59Z" user="Peacock 7784" uid="23013662" lat="10.8473650" lon="106.7744659">
  <tag k="crossing" v="uncontrolled"/>
  <tag k="crossing:island" v="no"/>
  <tag k="highway" v="crossing"/>
 </node>
 <node id="6775745950" visible="true" version="5" changeset="171304816" timestamp="2025-09-01T10:04:18Z" user="Peacock 7784" uid="23013662" lat="10.8461515" lon="106.7740550">
  <tag k="crossing" v="uncontrolled"/>
  <tag k="crossing:island" v="no"/>
  <tag k="highway" v="crossing"/>
 </node>
 <node id="6775745951" visible="true" version="5" changeset="171304816" timestamp="2025-09-01T10:04:19Z" user="Peacock 7784" uid="23013662" lat="10.8459966" lon="106.7740026">
  <tag k="crossing" v="uncontrolled"/>
  <tag k="crossing:island" v="no"/>
  <tag k="highway" v="crossing"/>
 </node>
 <node id="6777736059" visible="true" version="2" changeset="74330370" timestamp="2019-09-10T22:03:14Z" user="AnonJason" uid="9151615" lat="10.8489585" lon="106.7744276"/>
 <node id="6777736061" visible="true" version="1" changeset="74185416" timestamp="2019-09-06T16:41:29Z" user="UncoolGuyJake" uid="7674729" lat="10.8490284" lon="106.7744721"/>
 <node id="6777736062" visible="true" version="1" changeset="74185416" timestamp="2019-09-06T16:41:29Z" user="UncoolGuyJake" uid="7674729" lat="10.8489612" lon="106.7744675">
  <tag k="crossing" v="uncontrolled"/>
  <tag k="highway" v="crossing"/>
 </node>
 <node id="6777736063" visible="true" version="1" changeset="74185416" timestamp="2019-09-06T16:41:29Z" user="UncoolGuyJake" uid="7674729" lat="10.8489019" lon="106.7744768"/>
 <node id="6777736064" visible="true" version="4" changeset="174896884" timestamp="2025-11-20T09:12:36Z" user="Trần Thanh Tuấn" uid="16014056" lat="10.8487944" lon="106.7745140"/>
 <node id="6777736065" visible="true" version="4" changeset="174896884" timestamp="2025-11-20T09:12:36Z" user="Trần Thanh Tuấn" uid="16014056" lat="10.8487801" lon="106.7742836">
  <tag k="crossing" v="traffic_signals"/>
  <tag k="highway" v="crossing"/>
 </node>
 <node id="6777795414" visible="true" version="3" changeset="143679865" timestamp="2023-11-06T07:44:01Z" user="user_5359" uid="5359" lat="10.8494821" lon="106.7750086">
  <tag k="access" v="no"/>
  <tag k="barrier" v="gate"/>
 </node>
 <node id="6783729505" visible="true" version="2" changeset="74396907" timestamp="2019-09-12T14:39:06Z" user="AnonJason" uid="9151615" lat="10.8481807" lon="106.7747421"/>
 <node id="6786693848" visible="true" version="1" changeset="74330440" timestamp="2019-09-10T22:08:20Z" user="AnonJason" uid="9151615" lat="10.8498568" lon="106.7752361">
  <tag k="traffic_calming" v="rumble_strip"/>
 </node>
 <node id="6786715344" visible="true" version="1" changeset="74330370" timestamp="2019-09-10T22:03:14Z" user="AnonJason" uid="9151615" lat="10.8487300" lon="106.7742307"/>
 <node id="6786715345" visible="true" version="1" changeset="74330370" timestamp="2019-09-10T22:03:14Z" user="AnonJason" uid="9151615" lat="10.8482664" lon="106.7737412"/>
 <node id="6786741683" visible="true" version="1" changeset="74330527" timestamp="2019-09-10T22:14:00Z" user="AnonJason" uid="9151615" lat="10.8502829" lon="106.7757261">
  <tag k="traffic_calming" v="rumble_strip"/>
 </node>
 <node id="6790582100" visible="true" version="2" changeset="74396907" timestamp="2019-09-12T14:39:06Z" user="AnonJason" uid="9151615" lat="10.8474551" lon="106.7744964">
  <tag k="traffic_calming" v="rumble_strip"/>
 </node>
 <node id="6790582101" visible="true" version="3" changeset="171304816" timestamp="2025-09-01T10:03:58Z" user="Peacock 7784" uid="23013662" lat="10.8470783" lon="106.7743688">
  <tag k="crossing" v="uncontrolled"/>
  <tag k="crossing:island" v="no"/>
  <tag k="highway" v="crossing"/>
 </node>
 <node id="6790582102" visible="true" version="2" changeset="74396907" timestamp="2019-09-12T14:39:06Z" user="AnonJason" uid="9151615" lat="10.8470239" lon="106.7743504">
  <tag k="traffic_calming" v="rumble_strip"/>
 </node>
 <node id="6851737207" visible="true" version="2" changeset="94541672" timestamp="2020-11-21T12:02:20Z" user="ff5722" uid="3450290" lat="10.7988996" lon="106.7253249"/>
 <node id="6851737209" visible="true" version="2" changeset="94541672" timestamp="2020-11-21T12:02:20Z" user="ff5722" uid="3450290" lat="10.7989442" lon="106.7253180"/>
 <node id="6851737210" visible="true" version="1" changeset="75291545" timestamp="2019-10-04T14:57:19Z" user="KBao" uid="10087122" lat="10.8006298" lon="106.7342689"/>
 <node id="6851737211" visible="true" version="1" changeset="75291545" timestamp="2019-10-04T14:57:19Z" user="KBao" uid="10087122" lat="10.8005902" lon="106.7342751"/>
 <node id="6851737212" visible="true" version="1" changeset="75291545" timestamp="2019-10-04T14:57:19Z" user="KBao" uid="10087122" lat="10.8018418" lon="106.7407098"/>
 <node id="6851737213" visible="true" version="1" changeset="75291545" timestamp="2019-10-04T14:57:19Z" user="KBao" uid="10087122" lat="10.8020864" lon="106.7416085"/>
 <node id="6851737214" visible="true" version="1" changeset="75291545" timestamp="2019-10-04T14:57:19Z" user="KBao" uid="10087122" lat="10.8023104" lon="106.7428418"/>
 <node id="6851737215" visible="true" version="1" changeset="75291545" timestamp="2019-10-04T14:57:19Z" user="KBao" uid="10087122" lat="10.8021992" lon="106.7428672"/>
 <node id="6851737216" visible="true" version="1" changeset="75291545" timestamp="2019-10-04T14:57:19Z" user="KBao" uid="10087122" lat="10.8023733" lon="106.7437532"/>
 <node id="6851737217" visible="true" version="1" changeset="75291545" timestamp="2019-10-04T14:57:19Z" user="KBao" uid="10087122" lat="10.8026941" lon="106.7454582"/>
 <node id="6851737218" visible="true" version="1" changeset="75291545" timestamp="2019-10-04T14:57:19Z" user="KBao" uid="10087122" lat="10.8027557" lon="106.7457288"/>
 <node id="6851737219" visible="true" version="1" changeset="75291545" timestamp="2019-10-04T14:57:19Z" user="KBao" uid="10087122" lat="10.8030320" lon="106.7467100"/>
 <node id="6851737220" visible="true" version="1" changeset="75291545" timestamp="2019-10-04T14:57:19Z" user="KBao" uid="10087122" lat="10.8029975" lon="106.7467274"/>
 <node id="6851737221" visible="true" version="3" changeset="94541672" timestamp="2020-11-21T12:02:20Z" user="ff5722" uid="3450290" lat="10.7986520" lon="106.7238552"/>
 <node id="6851737222" visible="true" version="3" changeset="94541672" timestamp="2020-11-21T12:02:20Z" user="ff5722" uid="3450290" lat="10.7984463" lon="106.7220214"/>
 <node id="6851737224" visible="true" version="3" changeset="94541672" timestamp="2020-11-21T12:02:20Z" user="ff5722" uid="3450290" lat="10.7986866" lon="106.7238469"/>
 <node id="6851737226" visible="true" version="3" changeset="94541672" timestamp="2020-11-21T12:02:20Z" user="ff5722" uid="3450290" lat="10.7988451" lon="106.7247763"/>
 <node id="6851737227" visible="true" version="1" changeset="75291545" timestamp="2019-10-04T14:57:19Z" user="KBao" uid="10087122" lat="10.7983480" lon="106.7214636"/>
 <node id="6851737228" visible="true" version="2" changeset="75308504" timestamp="2019-10-05T04:40:01Z" user="KBao" uid="10087122" lat="10.7966836" lon="106.7163395"/>
 <node id="6851737229" visible="true" version="2" changeset="75308504" timestamp="2019-10-05T04:40:01Z" user="KBao" uid="10087122" lat="10.7974339" lon="106.7172464"/>
 <node id="6851737230" visible="true" version="1" changeset="75291545" timestamp="2019-10-04T14:57:19Z" user="KBao" uid="10087122" lat="10.7974282" lon="106.7172983"/>
 <node id="6851737231" visible="true" version="1" changeset="75291545" timestamp="2019-10-04T14:57:19Z" user="KBao" uid="10087122" lat="10.7977262" lon="106.7177410"/>
 <node id="6851737232" visible="true" version="1" changeset="75291545" timestamp="2019-10-04T14:57:19Z" user="KBao" uid="10087122" lat="10.7976955" lon="106.7177557"/>
 <node id="6851737233" visible="true" version="1" changeset="75291545" timestamp="2019-10-04T14:57:19Z" user="KBao" uid="10087122" lat="10.7946537" lon="106.7140346"/>
 <node id="6851737234" visible="true" version="1" changeset="75291545" timestamp="2019-10-04T14:57:19Z" user="KBao" uid="10087122" lat="10.7939816" lon="106.7136666"/>
 <node id="6851737235" visible="true" version="1" changeset="75291545" timestamp="2019-10-04T14:57:19Z" user="KBao" uid="10087122" lat="10.7939537" lon="106.7137005"/>
 <node id="6851737236" visible="true" version="1" changeset="75291545" timestamp="2019-10-04T14:57:19Z" user="KBao" uid="10087122" lat="10.7927489" lon="106.7134680"/>
 <node id="6851737238" visible="true" version="1" changeset="75291545" timestamp="2019-10-04T14:57:19Z" user="KBao" uid="10087122" lat="10.7932080" lon="106.7134950"/>
 <node id="6851737239" visible="true" version="1" changeset="75291545" timestamp="2019-10-04T14:57:19Z" user="KBao" uid="10087122" lat="10.7931699" lon="106.7135364"/>
 <node id="6851737241" visible="true" version="2" changeset="82795844" timestamp="2020-03-30T00:26:09Z" user="ser" uid="83903" lat="10.7872947" lon="106.7128111"/>
 <node id="6851737242" visible="true" version="1" changeset="75291545" timestamp="2019-10-04T14:57:19Z" user="KBao" uid="10087122" lat="10.7865526" lon="106.7125127"/>
 <node id="6853033409" visible="true" version="1" changeset="75308504" timestamp="2019-10-05T04:40:01Z" user="KBao" uid="10087122" lat="10.7967476" lon="106.7163491"/>
 <node id="6853033411" visible="true" version="1" changeset="75308504" timestamp="2019-10-05T04:40:01Z" user="KBao" uid="10087122" lat="10.7971260" lon="106.7168451"/>
 <node id="7344835141" visible="true" version="2" changeset="130093065" timestamp="2022-12-15T00:16:07Z" user="Tommybara" uid="12198525" lat="10.7910003" lon="106.7134129"/>
 <node id="7344835142" visible="true" version="2" changeset="130093065" timestamp="2022-12-15T00:16:07Z" user="Tommybara" uid="12198525" lat="10.7906789" lon="106.7133987"/>
 <node id="7344835143" visible="true" version="2" changeset="130093065" timestamp="2022-12-15T00:16:07Z" user="Tommybara" uid="12198525" lat="10.7903428" lon="106.7133628"/>
 <node id="7344835145" visible="true" version="2" changeset="130093065" timestamp="2022-12-15T00:16:07Z" user="Tommybara" uid="12198525" lat="10.7900218" lon="106.7133090"/>
 <node id="7344835152" visible="true" version="2" changeset="130093065" timestamp="2022-12-15T00:16:07Z" user="Tommybara" uid="12198525" lat="10.7876822" lon="106.7128700"/>
 <node id="7344835153" visible="true" version="1" changeset="82795844" timestamp="2020-03-30T00:26:09Z" user="ser" uid="83903" lat="10.7874020" lon="106.7128035"/>
 <node id="7344835154" visible="true" version="1" changeset="82795844" timestamp="2020-03-30T00:26:09Z" user="ser" uid="83903" lat="10.7871545" lon="106.7127367"/>
 <node id="7344835156" visible="true" version="3" changeset="130093065" timestamp="2022-12-15T00:16:07Z" user="Tommybara" uid="12198525" lat="10.7869333" lon="106.7126549"/>
 <node id="7623560015" visible="true" version="1" changeset="86681603" timestamp="2020-06-15T17:34:42Z" user="Cxioktsly0USVBswU8" uid="9422956" lat="10.8160649" lon="106.7581261"/>
 <node id="7623560017" visible="true" version="1" changeset="86681603" timestamp="2020-06-15T17:34:42Z" user="Cxioktsly0USVBswU8" uid="9422956" lat="10.8160520" lon="106.7582038"/>
 <node id="7623560019" visible="true" version="1" changeset="86681603" timestamp="2020-06-15T17:34:42Z" user="Cxioktsly0USVBswU8" uid="9422956" lat="10.8116873" lon="106.7575199"/>
 <node id="7623560020" visible="true" version="1" changeset="86681603" timestamp="2020-06-15T17:34:42Z" user="Cxioktsly0USVBswU8" uid="9422956" lat="10.8125977" lon="106.7576664"/>
 <node id="7623560023" visible="true" version="1" changeset="86681603" timestamp="2020-06-15T17:34:42Z" user="Cxioktsly0USVBswU8" uid="9422956" lat="10.8179904" lon="106.7583591"/>
 <node id="7623560024" visible="true" version="1" changeset="86681603" timestamp="2020-06-15T17:34:42Z" user="Cxioktsly0USVBswU8" uid="9422956" lat="10.8213598" lon="106.7588691"/>
 <node id="7623560025" visible="true" version="1" changeset="86681603" timestamp="2020-06-15T17:34:42Z" user="Cxioktsly0USVBswU8" uid="9422956" lat="10.8139280" lon="106.7578676"/>
 <node id="7623560026" visible="true" version="1" changeset="86681603" timestamp="2020-06-15T17:34:42Z" user="Cxioktsly0USVBswU8" uid="9422956" lat="10.8227860" lon="106.7591993"/>
 <node id="7623560027" visible="true" version="1" changeset="86681603" timestamp="2020-06-15T17:34:42Z" user="Cxioktsly0USVBswU8" uid="9422956" lat="10.8139229" lon="106.7579131"/>
 <node id="7623560028" visible="true" version="1" changeset="86681603" timestamp="2020-06-15T17:34:42Z" user="Cxioktsly0USVBswU8" uid="9422956" lat="10.8179839" lon="106.7584044"/>
 <node id="7623560029" visible="true" version="1" changeset="86681603" timestamp="2020-06-15T17:34:42Z" user="Cxioktsly0USVBswU8" uid="9422956" lat="10.8213508" lon="106.7589140"/>
 <node id="7623560030" visible="true" version="1" changeset="86681603" timestamp="2020-06-15T17:34:42Z" user="Cxioktsly0USVBswU8" uid="9422956" lat="10.8227761" lon="106.7592439"/>
 <node id="7623560037" visible="true" version="1" changeset="86681603" timestamp="2020-06-15T17:34:42Z" user="Cxioktsly0USVBswU8" uid="9422956" lat="10.8231935" lon="106.7593435"/>
 <node id="7623560038" visible="true" version="1" changeset="86681603" timestamp="2020-06-15T17:34:42Z" user="Cxioktsly0USVBswU8" uid="9422956" lat="10.8231705" lon="106.7593761"/>
 <node id="7623560071" visible="true" version="1" changeset="86681603" timestamp="2020-06-15T17:34:42Z" user="Cxioktsly0USVBswU8" uid="9422956" lat="10.8335631" lon="106.7649725"/>
 <node id="7623560073" visible="true" version="1" changeset="86681603" timestamp="2020-06-15T17:34:42Z" user="Cxioktsly0USVBswU8" uid="9422956" lat="10.8335452" lon="106.7650093"/>
 <node id="7623560084" visible="true" version="4" changeset="179235698" timestamp="2026-03-02T04:35:28Z" user="Heo Tham An" uid="23305067" lat="10.8073613" lon="106.7565052">
  <tag k="alt_name:zh" v="高鐵胡志明市站"/>
  <tag k="name" v="Thành phố Hồ Chí Minh"/>
  <tag k="name:en" v="Ho Chi Minh City"/>
  <tag k="name:zh" v="胡志明市"/>
  <tag k="public_transport" v="stop_position"/>
  <tag k="railway" v="stop"/>
  <tag k="train" v="yes"/>
 </node>
 <node id="7623560085" visible="true" version="1" changeset="86681603" timestamp="2020-06-15T17:34:42Z" user="Cxioktsly0USVBswU8" uid="9422956" lat="10.8096636" lon="106.7570109"/>
 <node id="7623560086" visible="true" version="1" changeset="86681603" timestamp="2020-06-15T17:34:42Z" user="Cxioktsly0USVBswU8" uid="9422956" lat="10.8108351" lon="106.7573376"/>
 <node id="7623560087" visible="true" version="4" changeset="179235698" timestamp="2026-03-02T04:35:28Z" user="Heo Tham An" uid="23305067" lat="10.8073712" lon="106.7564593">
  <tag k="alt_name:zh" v="高鐵胡志明市站"/>
  <tag k="name" v="Thành phố Hồ Chí Minh"/>
  <tag k="name:en" v="Ho Chi Minh City"/>
  <tag k="name:zh" v="胡志明市"/>
  <tag k="public_transport" v="stop_position"/>
  <tag k="railway" v="stop"/>
  <tag k="train" v="yes"/>
 </node>
 <node id="7623560088" visible="true" version="1" changeset="86681603" timestamp="2020-06-15T17:34:42Z" user="Cxioktsly0USVBswU8" uid="9422956" lat="10.8096732" lon="106.7569651"/>
 <node id="7623560089" visible="true" version="1" changeset="86681603" timestamp="2020-06-15T17:34:42Z" user="Cxioktsly0USVBswU8" uid="9422956" lat="10.8100774" lon="106.7570629"/>
 <node id="7623560090" visible="true" version="1" changeset="86681603" timestamp="2020-06-15T17:34:42Z" user="Cxioktsly0USVBswU8" uid="9422956" lat="10.8108510" lon="106.7572850"/>
 <node id="7623560091" visible="true" version="1" changeset="86681603" timestamp="2020-06-15T17:34:42Z" user="Cxioktsly0USVBswU8" uid="9422956" lat="10.8117002" lon="106.7574651"/>
 <node id="7623560092" visible="true" version="1" changeset="86681603" timestamp="2020-06-15T17:34:42Z" user="Cxioktsly0USVBswU8" uid="9422956" lat="10.8126112" lon="106.7576190"/>
 <node id="7623715030" visible="true" version="1" changeset="86681603" timestamp="2020-06-15T18:48:18Z" user="Cxioktsly0USVBswU8" uid="9422956" lat="10.8171076" lon="106.7582523"/>
 <node id="7623715031" visible="true" version="1" changeset="86681603" timestamp="2020-06-15T18:48:18Z" user="Cxioktsly0USVBswU8" uid="9422956" lat="10.8170969" lon="106.7583123"/>
 <node id="8148611026" visible="true" version="1" changeset="94541243" timestamp="2020-11-21T11:50:13Z" user="ff5722" uid="3450290" lat="10.7865677" lon="106.7124846"/>
 <node id="8148611027" visible="true" version="1" changeset="94541243" timestamp="2020-11-21T11:50:13Z" user="ff5722" uid="3450290" lat="10.7863117" lon="106.7123217"/>
 <node id="8148611028" visible="true" version="1" changeset="94541243" timestamp="2020-11-21T11:50:13Z" user="ff5722" uid="3450290" lat="10.7860290" lon="106.7121073"/>
 <node id="8148611030" visible="true" version="2" changeset="114422995" timestamp="2021-12-01T00:22:45Z" user="TuanIfan" uid="625303" lat="10.7854936" lon="106.7116315"/>
 <node id="8148611031" visible="true" version="1" changeset="94541243" timestamp="2020-11-21T11:50:13Z" user="ff5722" uid="3450290" lat="10.7862939" lon="106.7123482"/>
 <node id="8148635766" visible="true" version="2" changeset="147082653" timestamp="2024-02-05T08:13:41Z" user="ItsLouisAnderson" uid="11691953" lat="10.7988845" lon="106.7249916">
  <tag k="railway" v="switch"/>
 </node>
 <node id="8148635767" visible="true" version="2" changeset="147082653" timestamp="2024-02-05T08:13:41Z" user="ItsLouisAnderson" uid="11691953" lat="10.7983904" lon="106.7217041">
  <tag k="railway" v="switch"/>
 </node>
 <node id="8148635775" visible="true" version="2" changeset="147082653" timestamp="2024-02-05T08:13:41Z" user="ItsLouisAnderson" uid="11691953" lat="10.7983606" lon="106.7217306">
  <tag k="railway" v="switch"/>
 </node>
 <node id="8148635776" visible="true" version="2" changeset="147082653" timestamp="2024-02-05T08:13:41Z" user="ItsLouisAnderson" uid="11691953" lat="10.7988123" lon="106.7248025">
  <tag k="railway" v="switch"/>
 </node>
 <node id="8148635777" visible="true" version="1" changeset="94541672" timestamp="2020-11-21T12:02:20Z" user="ff5722" uid="3450290" lat="10.7987260" lon="106.7243399"/>
 <node id="8148635778" visible="true" version="1" changeset="94541672" timestamp="2020-11-21T12:02:20Z" user="ff5722" uid="3450290" lat="10.7987568" lon="106.7243443"/>
 <node id="8348087528" visible="true" version="1" changeset="97952464" timestamp="2021-01-22T07:15:51Z" user="hari_v1" uid="11516756" lat="10.8030104" lon="106.7467963"/>
 <node id="8360817939" visible="true" version="1" changeset="98123496" timestamp="2021-01-25T12:51:54Z" user="ma_dhu" uid="11909955" lat="10.8484284" lon="106.7744105"/>
 <node id="8360820557" visible="true" version="5" changeset="174896884" timestamp="2025-11-20T09:12:38Z" user="Trần Thanh Tuấn" uid="16014056" lat="10.8485623" lon="106.7745542"/>
 <node id="8360820558" visible="true" version="2" changeset="98123496" timestamp="2021-01-25T12:51:54Z" user="ma_dhu" uid="11909955" lat="10.8484390" lon="106.7744292"/>
 <node id="8360820559" visible="true" version="1" changeset="98123446" timestamp="2021-01-25T12:51:00Z" user="ma_dhu" uid="11909955" lat="10.8483797" lon="106.7742120"/>
 <node id="8840296766" visible="true" version="1" changeset="106492166" timestamp="2021-06-16T22:17:18Z" user="KBao" uid="10087122" lat="10.7987473" lon="106.7242769"/>
 <node id="9043520466" visible="true" version="1" changeset="110380092" timestamp="2021-08-28T13:14:49Z" user="user_13865352" uid="13865352" lat="10.8499479" lon="106.7749489"/>
 <node id="9295180810" visible="true" version="3" changeset="165543903" timestamp="2025-04-28T11:07:36Z" user="crgbsly" uid="9093997" lat="10.8493875" lon="106.7740507">
  <tag k="highway" v="traffic_signals"/>
  <tag k="traffic_signals" v="signal"/>
 </node>
 <node id="9623863677" visible="true" version="1" changeset="119115752" timestamp="2022-03-30T12:58:05Z" user="gan_ven" uid="11732251" lat="10.8493795" lon="106.7749180"/>
 <node id="9623863678" visible="true" version="1" changeset="119115752" timestamp="2022-03-30T12:58:05Z" user="gan_ven" uid="11732251" lat="10.8494229" lon="106.7749647"/>
 <node id="9623863679" visible="true" version="1" changeset="119115752" timestamp="2022-03-30T12:58:05Z" user="gan_ven" uid="11732251" lat="10.8494535" lon="106.7749352"/>
 <node id="9623863680" visible="true" version="1" changeset="119115752" timestamp="2022-03-30T12:58:05Z" user="gan_ven" uid="11732251" lat="10.8494102" lon="106.7748885"/>
 <node id="9625732272" visible="true" version="1" changeset="119145492" timestamp="2022-03-31T07:24:35Z" user="ksiddhartha" uid="13057213" lat="10.8484255" lon="106.7750411"/>
 <node id="9625732273" visible="true" version="1" changeset="119145492" timestamp="2022-03-31T07:24:35Z" user="ksiddhartha" uid="13057213" lat="10.8485610" lon="106.7751695"/>
 <node id="9625732274" visible="true" version="1" changeset="119145492" timestamp="2022-03-31T07:24:35Z" user="ksiddhartha" uid="13057213" lat="10.8485854" lon="106.7751429"/>
 <node id="9625732275" visible="true" version="1" changeset="119145492" timestamp="2022-03-31T07:24:35Z" user="ksiddhartha" uid="13057213" lat="10.8484499" lon="106.7750145"/>
 <node id="9733814910" visible="true" version="2" changeset="123829929" timestamp="2022-07-20T03:19:49Z" user="GrabVN_Ngaan" uid="14519322" lat="10.8621927" lon="106.7943311"/>
 <node id="9733885515" visible="true" version="1" changeset="120865047" timestamp="2022-05-12T03:29:17Z" user="Tommybara" uid="12198525" lat="10.8050255" lon="106.7521278"/>
 <node id="9733885516" visible="true" version="1" changeset="120865047" timestamp="2022-05-12T03:29:17Z" user="Tommybara" uid="12198525" lat="10.8052684" lon="106.7523994"/>
 <node id="9733886217" visible="true" version="1" changeset="120865047" timestamp="2022-05-12T03:29:17Z" user="Tommybara" uid="12198525" lat="10.8059806" lon="106.7530497"/>
 <node id="9733886218" visible="true" version="1" changeset="120865047" timestamp="2022-05-12T03:29:17Z" user="Tommybara" uid="12198525" lat="10.8062188" lon="106.7532743"/>
 <node id="9733886219" visible="true" version="1" changeset="120865047" timestamp="2022-05-12T03:29:17Z" user="Tommybara" uid="12198525" lat="10.8064669" lon="106.7535473"/>
 <node id="9733886220" visible="true" version="1" changeset="120865047" timestamp="2022-05-12T03:29:17Z" user="Tommybara" uid="12198525" lat="10.8068341" lon="106.7540271"/>
 <node id="9733886221" visible="true" version="1" changeset="120865047" timestamp="2022-05-12T03:29:17Z" user="Tommybara" uid="12198525" lat="10.8069807" lon="106.7542019"/>
 <node id="9733886222" visible="true" version="1" changeset="120865047" timestamp="2022-05-12T03:29:17Z" user="Tommybara" uid="12198525" lat="10.8071224" lon="106.7543486"/>
 <node id="9733886223" visible="true" version="1" changeset="120865047" timestamp="2022-05-12T03:29:17Z" user="Tommybara" uid="12198525" lat="10.8072903" lon="106.7544991"/>
 <node id="9733886224" visible="true" version="1" changeset="120865047" timestamp="2022-05-12T03:29:17Z" user="Tommybara" uid="12198525" lat="10.8074971" lon="106.7546484"/>
 <node id="9733886225" visible="true" version="1" changeset="120865047" timestamp="2022-05-12T03:29:17Z" user="Tommybara" uid="12198525" lat="10.8078602" lon="106.7548786"/>
 <node id="9733886226" visible="true" version="3" changeset="175791212" timestamp="2025-12-11T08:30:55Z" user="Kri_ttt" uid="13669494" lat="10.8085376" lon="106.7552804">
  <tag k="name" v="Rạch Chiếc"/>
  <tag k="name:en" v="Rach Chiec"/>
  <tag k="name:th" v="สักเจี๊ยก"/>
  <tag k="network" v="Ho Chi Minh City Metro"/>
  <tag k="operator" v="Ban Quản lý Đường sắt đô thị Thành phố Hồ Chí Minh"/>
  <tag k="public_transport" v="stop_position"/>
  <tag k="railway" v="stop"/>
  <tag k="ref" v="L108"/>
  <tag k="subway" v="yes"/>
  <tag k="wikidata" v="Q60314161"/>
  <tag k="wikipedia" v="vi:Ga Rạch Chiếc"/>
 </node>
 <node id="9733886227" visible="true" version="1" changeset="120865047" timestamp="2022-05-12T03:29:17Z" user="Tommybara" uid="12198525" lat="10.8088568" lon="106.7554655"/>
 <node id="9733886228" visible="true" version="1" changeset="120865047" timestamp="2022-05-12T03:29:17Z" user="Tommybara" uid="12198525" lat="10.8090999" lon="106.7555866"/>
 <node id="9733886229" visible="true" version="1" changeset="120865047" timestamp="2022-05-12T03:29:17Z" user="Tommybara" uid="12198525" lat="10.8093371" lon="106.7556941"/>
 <node id="9733886230" visible="true" version="1" changeset="120865047" timestamp="2022-05-12T03:29:17Z" user="Tommybara" uid="12198525" lat="10.8096652" lon="106.7558375"/>
 <node id="9733886231" visible="true" version="1" changeset="120865047" timestamp="2022-05-12T03:29:17Z" user="Tommybara" uid="12198525" lat="10.8100230" lon="106.7559742"/>
 <node id="9733886232" visible="true" version="1" changeset="120865047" timestamp="2022-05-12T03:29:17Z" user="Tommybara" uid="12198525" lat="10.8103819" lon="106.7560824"/>
 <node id="9733886233" visible="true" version="1" changeset="120865047" timestamp="2022-05-12T03:29:17Z" user="Tommybara" uid="12198525" lat="10.8107412" lon="106.7561686"/>
 <node id="9733886234" visible="true" version="1" changeset="120865047" timestamp="2022-05-12T03:29:17Z" user="Tommybara" uid="12198525" lat="10.8112565" lon="106.7562697"/>
 <node id="9733886235" visible="true" version="1" changeset="120865047" timestamp="2022-05-12T03:29:17Z" user="Tommybara" uid="12198525" lat="10.8145022" lon="106.7568738"/>
 <node id="9733886236" visible="true" version="1" changeset="120865047" timestamp="2022-05-12T03:29:17Z" user="Tommybara" uid="12198525" lat="10.8187039" lon="106.7576316"/>
 <node id="9733886237" visible="true" version="1" changeset="120865047" timestamp="2022-05-12T03:29:17Z" user="Tommybara" uid="12198525" lat="10.8194932" lon="106.7577516"/>
 <node id="9733886238" visible="true" version="1" changeset="120865047" timestamp="2022-05-12T03:29:17Z" user="Tommybara" uid="12198525" lat="10.8197957" lon="106.7578108"/>
 <node id="9733886239" visible="true" version="1" changeset="120865047" timestamp="2022-05-12T03:29:17Z" user="Tommybara" uid="12198525" lat="10.8207698" lon="106.7580278"/>
 <node id="9733886240" visible="true" version="1" changeset="120865047" timestamp="2022-05-12T03:29:17Z" user="Tommybara" uid="12198525" lat="10.8213752" lon="106.7581858"/>
 <node id="9733886241" visible="true" version="1" changeset="120865047" timestamp="2022-05-12T03:29:17Z" user="Tommybara" uid="12198525" lat="10.8220339" lon="106.7583675"/>
 <node id="9733886242" visible="true" version="1" changeset="120865047" timestamp="2022-05-12T03:29:17Z" user="Tommybara" uid="12198525" lat="10.8225966" lon="106.7585537"/>
 <node id="9733886243" visible="true" version="1" changeset="120865047" timestamp="2022-05-12T03:29:17Z" user="Tommybara" uid="12198525" lat="10.8231264" lon="106.7587466"/>
 <node id="9733886244" visible="true" version="1" changeset="120865047" timestamp="2022-05-12T03:29:17Z" user="Tommybara" uid="12198525" lat="10.8235869" lon="106.7589301"/>
 <node id="9733886245" visible="true" version="1" changeset="120865047" timestamp="2022-05-12T03:29:17Z" user="Tommybara" uid="12198525" lat="10.8240032" lon="106.7591082"/>
 <node id="9733886246" visible="true" version="1" changeset="120865047" timestamp="2022-05-12T03:29:17Z" user="Tommybara" uid="12198525" lat="10.8245332" lon="106.7593625"/>
 <node id="9733886247" visible="true" version="1" changeset="120865047" timestamp="2022-05-12T03:29:17Z" user="Tommybara" uid="12198525" lat="10.8250159" lon="106.7596082"/>
 <node id="9733886248" visible="true" version="1" changeset="120865047" timestamp="2022-05-12T03:29:17Z" user="Tommybara" uid="12198525" lat="10.8255312" lon="106.7598903"/>
 <node id="9733886249" visible="true" version="1" changeset="120865047" timestamp="2022-05-12T03:29:17Z" user="Tommybara" uid="12198525" lat="10.8266412" lon="106.7605232"/>
 <node id="9733886250" visible="true" version="1" changeset="120865047" timestamp="2022-05-12T03:29:17Z" user="Tommybara" uid="12198525" lat="10.8293374" lon="106.7620379"/>
 <node id="9733886251" visible="true" version="1" changeset="120865047" timestamp="2022-05-12T03:29:17Z" user="Tommybara" uid="12198525" lat="10.8321222" lon="106.7636143"/>
 <node id="9733886252" visible="true" version="1" changeset="120865047" timestamp="2022-05-12T03:29:17Z" user="Tommybara" uid="12198525" lat="10.8331865" lon="106.7642184"/>
 <node id="9733886253" visible="true" version="1" changeset="120865047" timestamp="2022-05-12T03:29:17Z" user="Tommybara" uid="12198525" lat="10.8356418" lon="106.7656031"/>
 <node id="9733886254" visible="true" version="1" changeset="120865047" timestamp="2022-05-12T03:29:17Z" user="Tommybara" uid="12198525" lat="10.8381960" lon="106.7670491"/>
 <node id="9733886255" visible="true" version="1" changeset="120865047" timestamp="2022-05-12T03:29:17Z" user="Tommybara" uid="12198525" lat="10.8427366" lon="106.7696011"/>
 <node id="9733886256" visible="true" version="1" changeset="120865047" timestamp="2022-05-12T03:29:17Z" user="Tommybara" uid="12198525" lat="10.8458744" lon="106.7713683"/>
 <node id="9733886257" visible="true" version="1" changeset="120865047" timestamp="2022-05-12T03:29:17Z" user="Tommybara" uid="12198525" lat="10.8469481" lon="106.7719723"/>
 <node id="9733886258" visible="true" version="1" changeset="120865047" timestamp="2022-05-12T03:29:17Z" user="Tommybara" uid="12198525" lat="10.8475732" lon="106.7723327"/>
 <node id="9733886259" visible="true" version="1" changeset="120865047" timestamp="2022-05-12T03:29:17Z" user="Tommybara" uid="12198525" lat="10.8477893" lon="106.7724640"/>
 <node id="9733886260" visible="true" version="1" changeset="120865047" timestamp="2022-05-12T03:29:17Z" user="Tommybara" uid="12198525" lat="10.8481335" lon="106.7726893"/>
 <node id="9733886261" visible="true" version="1" changeset="120865047" timestamp="2022-05-12T03:29:17Z" user="Tommybara" uid="12198525" lat="10.8485224" lon="106.7729692"/>
 <node id="9733886262" visible="true" version="1" changeset="120865047" timestamp="2022-05-12T03:29:17Z" user="Tommybara" uid="12198525" lat="10.8488644" lon="106.7732226"/>
 <node id="9733886263" visible="true" version="1" changeset="120865047" timestamp="2022-05-12T03:29:17Z" user="Tommybara" uid="12198525" lat="10.8491714" lon="106.7734897"/>
 <node id="9733886264" visible="true" version="1" changeset="120865047" timestamp="2022-05-12T03:29:17Z" user="Tommybara" uid="12198525" lat="10.8494270" lon="106.7737173"/>
 <node id="9733886265" visible="true" version="1" changeset="120865047" timestamp="2022-05-12T03:29:17Z" user="Tommybara" uid="12198525" lat="10.8498107" lon="106.7740738"/>
 <node id="9733886266" visible="true" version="1" changeset="120865047" timestamp="2022-05-12T03:29:17Z" user="Tommybara" uid="12198525" lat="10.8500968" lon="106.7743712"/>
 <node id="9733886267" visible="true" version="1" changeset="120865047" timestamp="2022-05-12T03:29:17Z" user="Tommybara" uid="12198525" lat="10.8504534" lon="106.7747606"/>
 <node id="9733886268" visible="true" version="1" changeset="120865047" timestamp="2022-05-12T03:29:17Z" user="Tommybara" uid="12198525" lat="10.8507644" lon="106.7751413"/>
 <node id="9733886269" visible="true" version="1" changeset="120865047" timestamp="2022-05-12T03:29:17Z" user="Tommybara" uid="12198525" lat="10.8510893" lon="106.7755691"/>
 <node id="9733886270" visible="true" version="1" changeset="120865047" timestamp="2022-05-12T03:29:17Z" user="Tommybara" uid="12198525" lat="10.8515538" lon="106.7762696"/>
 <node id="9733886271" visible="true" version="1" changeset="120865047" timestamp="2022-05-12T03:29:17Z" user="Tommybara" uid="12198525" lat="10.8518300" lon="106.7767231"/>
 <node id="9733886272" visible="true" version="1" changeset="120865047" timestamp="2022-05-12T03:29:17Z" user="Tommybara" uid="12198525" lat="10.8513316" lon="106.7759215"/>
 <node id="9733886273" visible="true" version="1" changeset="120865047" timestamp="2022-05-12T03:29:17Z" user="Tommybara" uid="12198525" lat="10.8544906" lon="106.7812104"/>
 <node id="9733886274" visible="true" version="1" changeset="120865047" timestamp="2022-05-12T03:29:17Z" user="Tommybara" uid="12198525" lat="10.8575040" lon="106.7863436"/>
 <node id="9733886275" visible="true" version="1" changeset="120865047" timestamp="2022-05-12T03:29:17Z" user="Tommybara" uid="12198525" lat="10.8587256" lon="106.7884147"/>
 <node id="9733886276" visible="true" version="1" changeset="120865047" timestamp="2022-05-12T03:29:17Z" user="Tommybara" uid="12198525" lat="10.8593336" lon="106.7894512"/>
 <node id="9733886277" visible="true" version="1" changeset="120865047" timestamp="2022-05-12T03:29:17Z" user="Tommybara" uid="12198525" lat="10.8638593" lon="106.7971053"/>
 <node id="9733886278" visible="true" version="1" changeset="120865047" timestamp="2022-05-12T03:29:17Z" user="Tommybara" uid="12198525" lat="10.8618273" lon="106.7937230"/>
 <node id="9733886279" visible="true" version="1" changeset="120865047" timestamp="2022-05-12T03:29:17Z" user="Tommybara" uid="12198525" lat="10.8660319" lon="106.8007775"/>
 <node id="9733886280" visible="true" version="1" changeset="120865047" timestamp="2022-05-12T03:29:17Z" user="Tommybara" uid="12198525" lat="10.8666500" lon="106.8018249"/>
 <node id="9733886281" visible="true" version="1" changeset="120865047" timestamp="2022-05-12T03:29:17Z" user="Tommybara" uid="12198525" lat="10.8670480" lon="106.8024776"/>
 <node id="9733886282" visible="true" version="1" changeset="120865047" timestamp="2022-05-12T03:29:17Z" user="Tommybara" uid="12198525" lat="10.8674148" lon="106.8030351"/>
 <node id="9733886283" visible="true" version="1" changeset="120865047" timestamp="2022-05-12T03:29:17Z" user="Tommybara" uid="12198525" lat="10.8678188" lon="106.8035800"/>
 <node id="9733886284" visible="true" version="1" changeset="120865047" timestamp="2022-05-12T03:29:17Z" user="Tommybara" uid="12198525" lat="10.8683735" lon="106.8042657"/>
 <node id="9733886285" visible="true" version="1" changeset="120865047" timestamp="2022-05-12T03:29:17Z" user="Tommybara" uid="12198525" lat="10.8689706" lon="106.8049423"/>
 <node id="9733886286" visible="true" version="1" changeset="120865047" timestamp="2022-05-12T03:29:17Z" user="Tommybara" uid="12198525" lat="10.8695873" lon="106.8055540"/>
 <node id="9733886287" visible="true" version="1" changeset="120865047" timestamp="2022-05-12T03:29:17Z" user="Tommybara" uid="12198525" lat="10.8702394" lon="106.8061296"/>
 <node id="9733886288" visible="true" version="1" changeset="120865047" timestamp="2022-05-12T03:29:17Z" user="Tommybara" uid="12198525" lat="10.8710332" lon="106.8067666"/>
 <node id="9733886289" visible="true" version="1" changeset="120865047" timestamp="2022-05-12T03:29:17Z" user="Tommybara" uid="12198525" lat="10.8719564" lon="106.8074450"/>
 <node id="9733886290" visible="true" version="1" changeset="120865047" timestamp="2022-05-12T03:29:17Z" user="Tommybara" uid="12198525" lat="10.8754190" lon="106.8099790"/>
 <node id="9733886291" visible="true" version="1" changeset="120865047" timestamp="2022-05-12T03:29:17Z" user="Tommybara" uid="12198525" lat="10.8756519" lon="106.8101739"/>
 <node id="9733886292" visible="true" version="1" changeset="120865047" timestamp="2022-05-12T03:29:17Z" user="Tommybara" uid="12198525" lat="10.8758774" lon="106.8104009"/>
 <node id="9733886293" visible="true" version="1" changeset="120865047" timestamp="2022-05-12T03:29:17Z" user="Tommybara" uid="12198525" lat="10.8761198" lon="106.8107461"/>
 <node id="9733886294" visible="true" version="1" changeset="120865047" timestamp="2022-05-12T03:29:17Z" user="Tommybara" uid="12198525" lat="10.8762809" lon="106.8110548"/>
 <node id="9733886295" visible="true" version="1" changeset="120865047" timestamp="2022-05-12T03:29:17Z" user="Tommybara" uid="12198525" lat="10.8765415" lon="106.8116066"/>
 <node id="9733886296" visible="true" version="1" changeset="120865047" timestamp="2022-05-12T03:29:17Z" user="Tommybara" uid="12198525" lat="10.8767006" lon="106.8118982"/>
 <node id="9733886297" visible="true" version="1" changeset="120865047" timestamp="2022-05-12T03:29:17Z" user="Tommybara" uid="12198525" lat="10.8768629" lon="106.8121310"/>
 <node id="9733886298" visible="true" version="1" changeset="120865047" timestamp="2022-05-12T03:29:17Z" user="Tommybara" uid="12198525" lat="10.8770500" lon="106.8123460"/>
 <node id="9733886299" visible="true" version="2" changeset="120903338" timestamp="2022-05-12T19:18:06Z" user="Tommybara" uid="12198525" lat="10.8772792" lon="106.8125497"/>
 <node id="9733886300" visible="true" version="1" changeset="120865047" timestamp="2022-05-12T03:29:17Z" user="Tommybara" uid="12198525" lat="10.8783540" lon="106.8132608"/>
 <node id="9733886301" visible="true" version="1" changeset="120865047" timestamp="2022-05-12T03:29:17Z" user="Tommybara" uid="12198525" lat="10.8773039" lon="106.8125162"/>
 <node id="9733886302" visible="true" version="1" changeset="120865047" timestamp="2022-05-12T03:29:17Z" user="Tommybara" uid="12198525" lat="10.8770878" lon="106.8123176"/>
 <node id="9733886303" visible="true" version="1" changeset="120865047" timestamp="2022-05-12T03:29:17Z" user="Tommybara" uid="12198525" lat="10.8768956" lon="106.8121038"/>
 <node id="9733886304" visible="true" version="1" changeset="120865047" timestamp="2022-05-12T03:29:17Z" user="Tommybara" uid="12198525" lat="10.8767449" lon="106.8118773"/>
 <node id="9733886305" visible="true" version="1" changeset="120865047" timestamp="2022-05-12T03:29:17Z" user="Tommybara" uid="12198525" lat="10.8765846" lon="106.8115868"/>
 <node id="9733886306" visible="true" version="1" changeset="120865047" timestamp="2022-05-12T03:29:17Z" user="Tommybara" uid="12198525" lat="10.8763293" lon="106.8110464"/>
 <node id="9733886307" visible="true" version="1" changeset="120865047" timestamp="2022-05-12T03:29:17Z" user="Tommybara" uid="12198525" lat="10.8761569" lon="106.8107203"/>
 <node id="9733886308" visible="true" version="1" changeset="120865047" timestamp="2022-05-12T03:29:17Z" user="Tommybara" uid="12198525" lat="10.8759153" lon="106.8103794"/>
 <node id="9733886309" visible="true" version="1" changeset="120865047" timestamp="2022-05-12T03:29:17Z" user="Tommybara" uid="12198525" lat="10.8756859" lon="106.8101458"/>
 <node id="9733886310" visible="true" version="1" changeset="120865047" timestamp="2022-05-12T03:29:17Z" user="Tommybara" uid="12198525" lat="10.8754446" lon="106.8099432"/>
 <node id="9733886311" visible="true" version="1" changeset="120865047" timestamp="2022-05-12T03:29:17Z" user="Tommybara" uid="12198525" lat="10.8719836" lon="106.8074136"/>
 <node id="9733886312" visible="true" version="1" changeset="120865047" timestamp="2022-05-12T03:29:17Z" user="Tommybara" uid="12198525" lat="10.8710564" lon="106.8067377"/>
 <node id="9733886313" visible="true" version="1" changeset="120865047" timestamp="2022-05-12T03:29:17Z" user="Tommybara" uid="12198525" lat="10.8702622" lon="106.8060998"/>
 <node id="9733886314" visible="true" version="1" changeset="120865047" timestamp="2022-05-12T03:29:17Z" user="Tommybara" uid="12198525" lat="10.8696096" lon="106.8055296"/>
 <node id="9733886315" visible="true" version="1" changeset="120865047" timestamp="2022-05-12T03:29:17Z" user="Tommybara" uid="12198525" lat="10.8689979" lon="106.8049181"/>
 <node id="9733886316" visible="true" version="1" changeset="120865047" timestamp="2022-05-12T03:29:17Z" user="Tommybara" uid="12198525" lat="10.8684056" lon="106.8042452"/>
 <node id="9733886317" visible="true" version="1" changeset="120865047" timestamp="2022-05-12T03:29:17Z" user="Tommybara" uid="12198525" lat="10.8678502" lon="106.8035609"/>
 <node id="9733886318" visible="true" version="1" changeset="120865047" timestamp="2022-05-12T03:29:17Z" user="Tommybara" uid="12198525" lat="10.8674445" lon="106.8030159"/>
 <node id="9733886319" visible="true" version="1" changeset="120865047" timestamp="2022-05-12T03:29:17Z" user="Tommybara" uid="12198525" lat="10.8670789" lon="106.8024562"/>
 <node id="9733886320" visible="true" version="1" changeset="120865047" timestamp="2022-05-12T03:29:17Z" user="Tommybara" uid="12198525" lat="10.8666838" lon="106.8018036"/>
 <node id="9733886321" visible="true" version="1" changeset="120865047" timestamp="2022-05-12T03:29:17Z" user="Tommybara" uid="12198525" lat="10.8660601" lon="106.8007582"/>
 <node id="9733886322" visible="true" version="1" changeset="120865047" timestamp="2022-05-12T03:29:17Z" user="Tommybara" uid="12198525" lat="10.8638953" lon="106.7970904"/>
 <node id="9733886323" visible="true" version="1" changeset="120865047" timestamp="2022-05-12T03:29:17Z" user="Tommybara" uid="12198525" lat="10.8618623" lon="106.7937055"/>
 <node id="9733886324" visible="true" version="1" changeset="120865047" timestamp="2022-05-12T03:29:17Z" user="Tommybara" uid="12198525" lat="10.8593632" lon="106.7894309"/>
 <node id="9733886325" visible="true" version="1" changeset="120865047" timestamp="2022-05-12T03:29:17Z" user="Tommybara" uid="12198525" lat="10.8587590" lon="106.7883825"/>
 <node id="9733886326" visible="true" version="1" changeset="120865047" timestamp="2022-05-12T03:29:17Z" user="Tommybara" uid="12198525" lat="10.8575455" lon="106.7863179"/>
 <node id="9733886327" visible="true" version="1" changeset="120865047" timestamp="2022-05-12T03:29:17Z" user="Tommybara" uid="12198525" lat="10.8545301" lon="106.7811837"/>
 <node id="9733886328" visible="true" version="1" changeset="120865047" timestamp="2022-05-12T03:29:17Z" user="Tommybara" uid="12198525" lat="10.8518647" lon="106.7766995"/>
 <node id="9733886329" visible="true" version="1" changeset="120865047" timestamp="2022-05-12T03:29:17Z" user="Tommybara" uid="12198525" lat="10.8515840" lon="106.7762434"/>
 <node id="9733886330" visible="true" version="1" changeset="120865047" timestamp="2022-05-12T03:29:17Z" user="Tommybara" uid="12198525" lat="10.8511216" lon="106.7755480"/>
 <node id="9733886331" visible="true" version="1" changeset="120865047" timestamp="2022-05-12T03:29:17Z" user="Tommybara" uid="12198525" lat="10.8507989" lon="106.7751225"/>
 <node id="9733886332" visible="true" version="1" changeset="120865047" timestamp="2022-05-12T03:29:17Z" user="Tommybara" uid="12198525" lat="10.8504800" lon="106.7747347"/>
 <node id="9733886333" visible="true" version="1" changeset="120865047" timestamp="2022-05-12T03:29:17Z" user="Tommybara" uid="12198525" lat="10.8501254" lon="106.7743481"/>
 <node id="9733886334" visible="true" version="1" changeset="120865047" timestamp="2022-05-12T03:29:17Z" user="Tommybara" uid="12198525" lat="10.8498328" lon="106.7740444"/>
 <node id="9733886335" visible="true" version="1" changeset="120865047" timestamp="2022-05-12T03:29:17Z" user="Tommybara" uid="12198525" lat="10.8494494" lon="106.7736891"/>
 <node id="9733886336" visible="true" version="1" changeset="120865047" timestamp="2022-05-12T03:29:17Z" user="Tommybara" uid="12198525" lat="10.8491956" lon="106.7734626"/>
 <node id="9733886337" visible="true" version="1" changeset="120865047" timestamp="2022-05-12T03:29:17Z" user="Tommybara" uid="12198525" lat="10.8488836" lon="106.7731947"/>
 <node id="9733886338" visible="true" version="1" changeset="120865047" timestamp="2022-05-12T03:29:17Z" user="Tommybara" uid="12198525" lat="10.8481543" lon="106.7726620"/>
 <node id="9733886339" visible="true" version="1" changeset="120865047" timestamp="2022-05-12T03:29:17Z" user="Tommybara" uid="12198525" lat="10.8478053" lon="106.7724374"/>
 <node id="9733886340" visible="true" version="1" changeset="120865047" timestamp="2022-05-12T03:29:17Z" user="Tommybara" uid="12198525" lat="10.8475867" lon="106.7723054"/>
 <node id="9733886341" visible="true" version="1" changeset="120865047" timestamp="2022-05-12T03:29:17Z" user="Tommybara" uid="12198525" lat="10.8469651" lon="106.7719468"/>
 <node id="9733886342" visible="true" version="1" changeset="120865047" timestamp="2022-05-12T03:29:17Z" user="Tommybara" uid="12198525" lat="10.8458889" lon="106.7713372"/>
 <node id="9733886343" visible="true" version="1" changeset="120865047" timestamp="2022-05-12T03:29:17Z" user="Tommybara" uid="12198525" lat="10.8427553" lon="106.7695677"/>
 <node id="9733886344" visible="true" version="1" changeset="120865047" timestamp="2022-05-12T03:29:17Z" user="Tommybara" uid="12198525" lat="10.8356524" lon="106.7655669"/>
 <node id="9733886345" visible="true" version="1" changeset="120865047" timestamp="2022-05-12T03:29:17Z" user="Tommybara" uid="12198525" lat="10.8332041" lon="106.7641823"/>
 <node id="9733886346" visible="true" version="1" changeset="120865047" timestamp="2022-05-12T03:29:17Z" user="Tommybara" uid="12198525" lat="10.8321408" lon="106.7635847"/>
 <node id="9733886347" visible="true" version="1" changeset="120865047" timestamp="2022-05-12T03:29:17Z" user="Tommybara" uid="12198525" lat="10.8266623" lon="106.7604862"/>
 <node id="9733886348" visible="true" version="1" changeset="120865047" timestamp="2022-05-12T03:29:17Z" user="Tommybara" uid="12198525" lat="10.8255495" lon="106.7598532"/>
 <node id="9733886349" visible="true" version="1" changeset="120865047" timestamp="2022-05-12T03:29:17Z" user="Tommybara" uid="12198525" lat="10.8250342" lon="106.7595722"/>
 <node id="9733886350" visible="true" version="1" changeset="120865047" timestamp="2022-05-12T03:29:17Z" user="Tommybara" uid="12198525" lat="10.8245436" lon="106.7593225"/>
 <node id="9733886351" visible="true" version="1" changeset="120865047" timestamp="2022-05-12T03:29:17Z" user="Tommybara" uid="12198525" lat="10.8240199" lon="106.7590726"/>
 <node id="9733886352" visible="true" version="1" changeset="120865047" timestamp="2022-05-12T03:29:17Z" user="Tommybara" uid="12198525" lat="10.8235972" lon="106.7588885"/>
 <node id="9733886353" visible="true" version="1" changeset="120865047" timestamp="2022-05-12T03:29:17Z" user="Tommybara" uid="12198525" lat="10.8231338" lon="106.7587090"/>
 <node id="9733886354" visible="true" version="1" changeset="120865047" timestamp="2022-05-12T03:29:17Z" user="Tommybara" uid="12198525" lat="10.8226083" lon="106.7585159"/>
 <node id="9733886355" visible="true" version="1" changeset="120865047" timestamp="2022-05-12T03:29:17Z" user="Tommybara" uid="12198525" lat="10.8220483" lon="106.7583319"/>
 <node id="9733886356" visible="true" version="1" changeset="120865047" timestamp="2022-05-12T03:29:17Z" user="Tommybara" uid="12198525" lat="10.8212906" lon="106.7581217"/>
 <node id="9733886357" visible="true" version="1" changeset="120865047" timestamp="2022-05-12T03:29:17Z" user="Tommybara" uid="12198525" lat="10.8207793" lon="106.7579917"/>
 <node id="9733886358" visible="true" version="1" changeset="120865047" timestamp="2022-05-12T03:29:17Z" user="Tommybara" uid="12198525" lat="10.8198061" lon="106.7577781"/>
 <node id="9733886359" visible="true" version="1" changeset="120865047" timestamp="2022-05-12T03:29:17Z" user="Tommybara" uid="12198525" lat="10.8194995" lon="106.7577177"/>
 <node id="9733886360" visible="true" version="1" changeset="120865047" timestamp="2022-05-12T03:29:17Z" user="Tommybara" uid="12198525" lat="10.8187126" lon="106.7575977"/>
 <node id="9733886361" visible="true" version="1" changeset="120865047" timestamp="2022-05-12T03:29:17Z" user="Tommybara" uid="12198525" lat="10.8145027" lon="106.7568369"/>
 <node id="9733886362" visible="true" version="1" changeset="120865047" timestamp="2022-05-12T03:29:17Z" user="Tommybara" uid="12198525" lat="10.8112669" lon="106.7562310"/>
 <node id="9733886363" visible="true" version="1" changeset="120865047" timestamp="2022-05-12T03:29:17Z" user="Tommybara" uid="12198525" lat="10.8107456" lon="106.7561302"/>
 <node id="9733886364" visible="true" version="1" changeset="120865047" timestamp="2022-05-12T03:29:17Z" user="Tommybara" uid="12198525" lat="10.8103897" lon="106.7560460"/>
 <node id="9733886365" visible="true" version="1" changeset="120865047" timestamp="2022-05-12T03:29:17Z" user="Tommybara" uid="12198525" lat="10.8100388" lon="106.7559401"/>
 <node id="9733886366" visible="true" version="1" changeset="120865047" timestamp="2022-05-12T03:29:17Z" user="Tommybara" uid="12198525" lat="10.8096753" lon="106.7558023"/>
 <node id="9733886367" visible="true" version="1" changeset="120865047" timestamp="2022-05-12T03:29:17Z" user="Tommybara" uid="12198525" lat="10.8093498" lon="106.7556616"/>
 <node id="9733886368" visible="true" version="1" changeset="120865047" timestamp="2022-05-12T03:29:17Z" user="Tommybara" uid="12198525" lat="10.8091159" lon="106.7555532"/>
 <node id="9733886369" visible="true" version="1" changeset="120865047" timestamp="2022-05-12T03:29:17Z" user="Tommybara" uid="12198525" lat="10.8088710" lon="106.7554306"/>
 <node id="9733886370" visible="true" version="3" changeset="175791212" timestamp="2025-12-11T08:30:55Z" user="Kri_ttt" uid="13669494" lat="10.8085541" lon="106.7552470">
  <tag k="name" v="Rạch Chiếc"/>
  <tag k="name:en" v="Rach Chiec"/>
  <tag k="name:th" v="สักเจี๊ยก"/>
  <tag k="network" v="Ho Chi Minh City Metro"/>
  <tag k="operator" v="Ban Quản lý Đường sắt đô thị Thành phố Hồ Chí Minh"/>
  <tag k="public_transport" v="stop_position"/>
  <tag k="railway" v="stop"/>
  <tag k="ref" v="L108"/>
  <tag k="subway" v="yes"/>
  <tag k="wikidata" v="Q60314161"/>
  <tag k="wikipedia" v="vi:Ga Rạch Chiếc"/>
 </node>
 <node id="9733886371" visible="true" version="1" changeset="120865047" timestamp="2022-05-12T03:29:17Z" user="Tommybara" uid="12198525" lat="10.8078769" lon="106.7548494"/>
 <node id="9733886372" visible="true" version="1" changeset="120865047" timestamp="2022-05-12T03:29:17Z" user="Tommybara" uid="12198525" lat="10.8075155" lon="106.7546203"/>
 <node id="9733886373" visible="true" version="1" changeset="120865047" timestamp="2022-05-12T03:29:17Z" user="Tommybara" uid="12198525" lat="10.8073126" lon="106.7544768"/>
 <node id="9733886374" visible="true" version="1" changeset="120865047" timestamp="2022-05-12T03:29:17Z" user="Tommybara" uid="12198525" lat="10.8071486" lon="106.7543334"/>
 <node id="9733886375" visible="true" version="1" changeset="120865047" timestamp="2022-05-12T03:29:17Z" user="Tommybara" uid="12198525" lat="10.8070060" lon="106.7541809"/>
 <node id="9733886376" visible="true" version="1" changeset="120865047" timestamp="2022-05-12T03:29:17Z" user="Tommybara" uid="12198525" lat="10.8068597" lon="106.7540041"/>
 <node id="9733886377" visible="true" version="1" changeset="120865047" timestamp="2022-05-12T03:29:17Z" user="Tommybara" uid="12198525" lat="10.8064969" lon="106.7535269"/>
 <node id="9733886378" visible="true" version="1" changeset="120865047" timestamp="2022-05-12T03:29:17Z" user="Tommybara" uid="12198525" lat="10.8062425" lon="106.7532524"/>
 <node id="9733886379" visible="true" version="1" changeset="120865047" timestamp="2022-05-12T03:29:17Z" user="Tommybara" uid="12198525" lat="10.8060008" lon="106.7530183"/>
 <node id="9733886380" visible="true" version="1" changeset="120865047" timestamp="2022-05-12T03:29:17Z" user="Tommybara" uid="12198525" lat="10.8052921" lon="106.7523719"/>
 <node id="9733886381" visible="true" version="1" changeset="120865047" timestamp="2022-05-12T03:29:17Z" user="Tommybara" uid="12198525" lat="10.8050516" lon="106.7521049"/>
 <node id="9735771288" visible="true" version="1" changeset="120905111" timestamp="2022-05-12T20:15:45Z" user="Tommybara" uid="12198525" lat="10.8587150" lon="106.7882675"/>
 <node id="9735771289" visible="true" version="1" changeset="120905111" timestamp="2022-05-12T20:15:45Z" user="Tommybara" uid="12198525" lat="10.8586394" lon="106.7883144"/>
 <node id="9735771290" visible="true" version="1" changeset="120905111" timestamp="2022-05-12T20:15:45Z" user="Tommybara" uid="12198525" lat="10.8518796" lon="106.7766843"/>
 <node id="9735771291" visible="true" version="1" changeset="120905111" timestamp="2022-05-12T20:15:45Z" user="Tommybara" uid="12198525" lat="10.8516035" lon="106.7762305"/>
 <node id="9735771292" visible="true" version="1" changeset="120905111" timestamp="2022-05-12T20:15:45Z" user="Tommybara" uid="12198525" lat="10.8511408" lon="106.7755337"/>
 <node id="9735771293" visible="true" version="1" changeset="120905111" timestamp="2022-05-12T20:15:45Z" user="Tommybara" uid="12198525" lat="10.8508177" lon="106.7751062"/>
 <node id="9735771294" visible="true" version="1" changeset="120905111" timestamp="2022-05-12T20:15:45Z" user="Tommybara" uid="12198525" lat="10.8505027" lon="106.7747167"/>
 <node id="9735771295" visible="true" version="1" changeset="120905111" timestamp="2022-05-12T20:15:45Z" user="Tommybara" uid="12198525" lat="10.8501438" lon="106.7743265"/>
 <node id="9735771296" visible="true" version="1" changeset="120905111" timestamp="2022-05-12T20:15:45Z" user="Tommybara" uid="12198525" lat="10.8498505" lon="106.7740216"/>
 <node id="9735771297" visible="true" version="1" changeset="120905111" timestamp="2022-05-12T20:15:45Z" user="Tommybara" uid="12198525" lat="10.8494642" lon="106.7736715"/>
 <node id="9735771298" visible="true" version="1" changeset="120905111" timestamp="2022-05-12T20:15:45Z" user="Tommybara" uid="12198525" lat="10.8492072" lon="106.7734451"/>
 <node id="9735771299" visible="true" version="1" changeset="120905111" timestamp="2022-05-12T20:15:45Z" user="Tommybara" uid="12198525" lat="10.8488936" lon="106.7731789"/>
 <node id="9735771300" visible="true" version="1" changeset="120905111" timestamp="2022-05-12T20:15:45Z" user="Tommybara" uid="12198525" lat="10.8481660" lon="106.7726471"/>
 <node id="9735771301" visible="true" version="1" changeset="120905111" timestamp="2022-05-12T20:15:45Z" user="Tommybara" uid="12198525" lat="10.8478183" lon="106.7724175"/>
 <node id="9735771302" visible="true" version="1" changeset="120905111" timestamp="2022-05-12T20:15:45Z" user="Tommybara" uid="12198525" lat="10.8475955" lon="106.7722855"/>
 <node id="9735771305" visible="true" version="1" changeset="120905111" timestamp="2022-05-12T20:15:45Z" user="Tommybara" uid="12198525" lat="10.8475616" lon="106.7723482"/>
 <node id="9735771306" visible="true" version="1" changeset="120905111" timestamp="2022-05-12T20:15:45Z" user="Tommybara" uid="12198525" lat="10.8477811" lon="106.7724821"/>
 <node id="9735771307" visible="true" version="1" changeset="120905111" timestamp="2022-05-12T20:15:45Z" user="Tommybara" uid="12198525" lat="10.8481245" lon="106.7727055"/>
 <node id="9735771308" visible="true" version="1" changeset="120905111" timestamp="2022-05-12T20:15:45Z" user="Tommybara" uid="12198525" lat="10.8488519" lon="106.7732401"/>
 <node id="9735771309" visible="true" version="1" changeset="120905111" timestamp="2022-05-12T20:15:45Z" user="Tommybara" uid="12198525" lat="10.8491567" lon="106.7735057"/>
 <node id="9735771310" visible="true" version="1" changeset="120905111" timestamp="2022-05-12T20:15:45Z" user="Tommybara" uid="12198525" lat="10.8494119" lon="106.7737345"/>
 <node id="9735771311" visible="true" version="1" changeset="120905111" timestamp="2022-05-12T20:15:45Z" user="Tommybara" uid="12198525" lat="10.8497939" lon="106.7740876"/>
 <node id="9735771312" visible="true" version="1" changeset="120905111" timestamp="2022-05-12T20:15:45Z" user="Tommybara" uid="12198525" lat="10.8500817" lon="106.7743898"/>
 <node id="9735771315" visible="true" version="1" changeset="120905111" timestamp="2022-05-12T20:15:45Z" user="Tommybara" uid="12198525" lat="10.8504350" lon="106.7747804"/>
 <node id="9735771316" visible="true" version="1" changeset="120905111" timestamp="2022-05-12T20:15:45Z" user="Tommybara" uid="12198525" lat="10.8507432" lon="106.7751613"/>
 <node id="9735846917" visible="true" version="1" changeset="120905111" timestamp="2022-05-12T20:15:45Z" user="Tommybara" uid="12198525" lat="10.8510674" lon="106.7755886"/>
 <node id="9735846918" visible="true" version="1" changeset="120905111" timestamp="2022-05-12T20:15:45Z" user="Tommybara" uid="12198525" lat="10.8515345" lon="106.7762795"/>
 <node id="9735846919" visible="true" version="1" changeset="120905111" timestamp="2022-05-12T20:15:45Z" user="Tommybara" uid="12198525" lat="10.8518101" lon="106.7767320"/>
 <node id="9735846920" visible="true" version="1" changeset="120905111" timestamp="2022-05-12T20:15:45Z" user="Tommybara" uid="12198525" lat="10.8545471" lon="106.7811752"/>
 <node id="9735846921" visible="true" version="1" changeset="120905111" timestamp="2022-05-12T20:15:45Z" user="Tommybara" uid="12198525" lat="10.8544698" lon="106.7812183"/>
 <node id="9735846922" visible="true" version="1" changeset="120905111" timestamp="2022-05-12T20:15:45Z" user="Tommybara" uid="12198525" lat="10.8574848" lon="106.7863591"/>
 <node id="9735873054" visible="true" version="1" changeset="120905797" timestamp="2022-05-12T20:40:16Z" user="Tommybara" uid="12198525" lat="10.8469691" lon="106.7719265"/>
 <node id="9735873055" visible="true" version="1" changeset="120905797" timestamp="2022-05-12T20:40:16Z" user="Tommybara" uid="12198525" lat="10.8469357" lon="106.7719899"/>
 <node id="9757199565" visible="true" version="1" changeset="121240703" timestamp="2022-05-20T11:57:19Z" user="padhyalasairam_22" uid="15484630" lat="10.8717833" lon="107.0214819"/>
 <node id="9757199568" visible="true" version="1" changeset="121240703" timestamp="2022-05-20T11:57:19Z" user="padhyalasairam_22" uid="15484630" lat="10.8712363" lon="107.0196126"/>
 <node id="9757199577" visible="true" version="1" changeset="121240703" timestamp="2022-05-20T11:57:19Z" user="padhyalasairam_22" uid="15484630" lat="10.8712837" lon="107.0196123"/>
 <node id="9757199580" visible="true" version="1" changeset="121240703" timestamp="2022-05-20T11:57:19Z" user="padhyalasairam_22" uid="15484630" lat="10.8717411" lon="107.0215033"/>
 <node id="10111266667" visible="true" version="5" changeset="174896884" timestamp="2025-11-20T09:12:38Z" user="Trần Thanh Tuấn" uid="16014056" lat="10.8492531" lon="106.7737683">
  <tag k="highway" v="traffic_signals"/>
  <tag k="traffic_signals" v="signal"/>
  <tag k="traffic_signals:countdown" v="yes"/>
 </node>
 <node id="10111266668" visible="true" version="6" changeset="174896884" timestamp="2025-11-20T09:12:38Z" user="Trần Thanh Tuấn" uid="16014056" lat="10.8493761" lon="106.7738796">
  <tag k="crossing" v="traffic_signals"/>
  <tag k="highway" v="crossing"/>
 </node>
 <node id="10128118042" visible="true" version="2" changeset="165543903" timestamp="2025-04-28T11:07:36Z" user="crgbsly" uid="9093997" lat="10.8491096" lon="106.7737834"/>
 <node id="10128118043" visible="true" version="1" changeset="128039864" timestamp="2022-10-25T13:11:52Z" user="hoanganhlami33" uid="14252795" lat="10.8488838" lon="106.7740465"/>
 <node id="10263567012" visible="true" version="1" changeset="130093065" timestamp="2022-12-15T00:16:07Z" user="Tommybara" uid="12198525" lat="10.7910022" lon="106.7134533"/>
 <node id="10263567013" visible="true" version="1" changeset="130093065" timestamp="2022-12-15T00:16:07Z" user="Tommybara" uid="12198525" lat="10.7903309" lon="106.7134014"/>
 <node id="10263567016" visible="true" version="1" changeset="130093065" timestamp="2022-12-15T00:16:07Z" user="Tommybara" uid="12198525" lat="10.7900155" lon="106.7133477"/>
 <node id="10600287740" visible="true" version="1" changeset="131983676" timestamp="2023-02-02T01:41:06Z" user="Trần Thanh Tuấn" uid="16014056" lat="10.8494012" lon="106.7747671"/>
 <node id="10600287741" visible="true" version="1" changeset="131983676" timestamp="2023-02-02T01:41:06Z" user="Trần Thanh Tuấn" uid="16014056" lat="10.8494201" lon="106.7746979"/>
 <node id="11328743778" visible="true" version="2" changeset="174666339" timestamp="2025-11-14T21:33:47Z" user="Tommybara" uid="12198525" lat="10.8510897" lon="106.7762148"/>
 <node id="11369842025" visible="true" version="1" changeset="144348967" timestamp="2023-11-23T02:21:34Z" user="ser" uid="83903" lat="10.7866819" lon="106.7125378"/>
 <node id="11403179043" visible="true" version="2" changeset="174666339" timestamp="2025-11-14T21:33:47Z" user="Tommybara" uid="12198525" lat="10.8509036" lon="106.7759460"/>
 <node id="11586280314" visible="true" version="3" changeset="175791212" timestamp="2025-12-11T08:30:55Z" user="Kri_ttt" uid="13669494" lat="10.7960451" lon="106.7155211">
  <tag k="name" v="Công viên Văn Thánh"/>
  <tag k="name:de" v="Park Văn Thánh"/>
  <tag k="name:en" v="Van Thanh Park"/>
  <tag k="name:fr" v="Parc Văn Thánh"/>
  <tag k="name:nl" v="Văn Thánhpark"/>
  <tag k="name:th" v="สวนสาธารณะวันทั้ญ"/>
  <tag k="network" v="Ho Chi Minh City Metro"/>
  <tag k="operator" v="Ban Quản lý Đường sắt đô thị Thành phố Hồ Chí Minh"/>
  <tag k="public_transport" v="stop_position"/>
  <tag k="railway" v="stop"/>
  <tag k="ref" v="L104"/>
  <tag k="subway" v="yes"/>
 </node>
 <node id="11586280315" visible="true" version="1" changeset="147082653" timestamp="2024-02-05T08:13:41Z" user="ItsLouisAnderson" uid="11691953" lat="10.7986171" lon="106.7233192">
  <tag k="name" v="Tân Cảng"/>
  <tag k="name:en" v="Tan Cang"/>
  <tag k="network" v="Ho Chi Minh City Metro"/>
  <tag k="operator" v="Ban Quản lý Đường sắt đô thị Thành phố Hồ Chí Minh"/>
  <tag k="public_transport" v="stop_position"/>
  <tag k="railway" v="stop"/>
  <tag k="ref" v="L105"/>
  <tag k="subway" v="yes"/>
  <tag k="wikidata" v="Q60314173"/>
  <tag k="wikipedia" v="vi:Ga Tân Cảng"/>
 </node>
 <node id="11586280316" visible="true" version="1" changeset="147082653" timestamp="2024-02-05T08:13:41Z" user="ItsLouisAnderson" uid="11691953" lat="10.7985812" lon="106.7233239">
  <tag k="name" v="Tân Cảng"/>
  <tag k="name:en" v="Tan Cang"/>
  <tag k="network" v="Ho Chi Minh City Metro"/>
  <tag k="operator" v="Ban Quản lý Đường sắt đô thị Thành phố Hồ Chí Minh"/>
  <tag k="public_transport" v="stop_position"/>
  <tag k="railway" v="stop"/>
  <tag k="ref" v="L105"/>
  <tag k="subway" v="yes"/>
  <tag k="wikidata" v="Q60314173"/>
  <tag k="wikipedia" v="vi:Ga Tân Cảng"/>
 </node>
 <node id="11586280319" visible="true" version="2" changeset="175791212" timestamp="2025-12-11T08:30:55Z" user="Kri_ttt" uid="13669494" lat="10.8005113" lon="106.7336461">
  <tag k="name" v="Thảo Điền"/>
  <tag k="name:en" v="Thao Dien"/>
  <tag k="name:th" v="ถาวเดี่ยน"/>
  <tag k="network" v="Ho Chi Minh City Metro"/>
  <tag k="operator" v="Ban Quản lý Đường sắt đô thị Thành phố Hồ Chí Minh"/>
  <tag k="public_transport" v="stop_position"/>
  <tag k="railway" v="stop"/>
  <tag k="ref" v="L106"/>
  <tag k="subway" v="yes"/>
  <tag k="wikidata" v="Q60313686"/>
  <tag k="wikipedia" v="vi:Ga Thảo Điền"/>
 </node>
 <node id="11586280320" visible="true" version="2" changeset="175791212" timestamp="2025-12-11T08:30:55Z" user="Kri_ttt" uid="13669494" lat="10.8004707" lon="106.7336535">
  <tag k="name" v="Thảo Điền"/>
  <tag k="name:en" v="Thao Dien"/>
  <tag k="name:th" v="ถาวเดี่ยน"/>
  <tag k="network" v="Ho Chi Minh City Metro"/>
  <tag k="operator" v="Ban Quản lý Đường sắt đô thị Thành phố Hồ Chí Minh"/>
  <tag k="public_transport" v="stop_position"/>
  <tag k="railway" v="stop"/>
  <tag k="ref" v="L106"/>
  <tag k="subway" v="yes"/>
  <tag k="wikidata" v="Q60313686"/>
  <tag k="wikipedia" v="vi:Ga Thảo Điền"/>
 </node>
 <node id="11586280321" visible="true" version="2" changeset="175791212" timestamp="2025-12-11T08:30:55Z" user="Kri_ttt" uid="13669494" lat="10.8021999" lon="106.7422332">
  <tag k="name" v="An Phú"/>
  <tag k="name:en" v="An Phu"/>
  <tag k="name:th" v="อานฟู้"/>
  <tag k="network" v="Ho Chi Minh City Metro"/>
  <tag k="operator" v="Ban Quản lý Đường sắt đô thị Thành phố Hồ Chí Minh"/>
  <tag k="public_transport" v="stop_position"/>
  <tag k="railway" v="stop"/>
  <tag k="ref" v="L107"/>
  <tag k="subway" v="yes"/>
  <tag k="wikidata" v="Q60314166"/>
  <tag k="wikipedia" v="vi:Ga An Phú"/>
 </node>
 <node id="11586280322" visible="true" version="2" changeset="175791212" timestamp="2025-12-11T08:30:55Z" user="Kri_ttt" uid="13669494" lat="10.8020845" lon="106.7422533">
  <tag k="name" v="An Phú"/>
  <tag k="name:en" v="An Phu"/>
  <tag k="name:th" v="อานฟู้"/>
  <tag k="network" v="Ho Chi Minh City Metro"/>
  <tag k="operator" v="Ban Quản lý Đường sắt đô thị Thành phố Hồ Chí Minh"/>
  <tag k="public_transport" v="stop_position"/>
  <tag k="railway" v="stop"/>
  <tag k="ref" v="L107"/>
  <tag k="subway" v="yes"/>
  <tag k="wikidata" v="Q60314166"/>
  <tag k="wikipedia" v="vi:Ga An Phú"/>
 </node>
 <node id="11586280323" visible="true" version="2" changeset="175791212" timestamp="2025-12-11T08:30:55Z" user="Kri_ttt" uid="13669494" lat="10.8214282" lon="106.7581599">
  <tag k="name" v="Phước Long"/>
  <tag k="name:en" v="Phuoc Long"/>
  <tag k="name:th" v="เฟื้อกล็อง"/>
  <tag k="network" v="Ho Chi Minh City Metro"/>
  <tag k="operator" v="Ban Quản lý Đường sắt đô thị Thành phố Hồ Chí Minh"/>
  <tag k="public_transport" v="stop_position"/>
  <tag k="railway" v="stop"/>
  <tag k="ref" v="L109"/>
  <tag k="subway" v="yes"/>
  <tag k="wikidata" v="Q60314158"/>
  <tag k="wikipedia" v="vi:Ga Phước Long"/>
 </node>
 <node id="11586280324" visible="true" version="2" changeset="175791212" timestamp="2025-12-11T08:30:55Z" user="Kri_ttt" uid="13669494" lat="10.8214170" lon="106.7581973">
  <tag k="name" v="Phước Long"/>
  <tag k="name:en" v="Phuoc Long"/>
  <tag k="name:th" v="เฟื้อกล็อง"/>
  <tag k="network" v="Ho Chi Minh City Metro"/>
  <tag k="operator" v="Ban Quản lý Đường sắt đô thị Thành phố Hồ Chí Minh"/>
  <tag k="public_transport" v="stop_position"/>
  <tag k="railway" v="stop"/>
  <tag k="ref" v="L109"/>
  <tag k="subway" v="yes"/>
  <tag k="wikidata" v="Q60314158"/>
  <tag k="wikipedia" v="vi:Ga Phước Long"/>
 </node>
 <node id="11586280325" visible="true" version="2" changeset="175791212" timestamp="2025-12-11T08:30:55Z" user="Kri_ttt" uid="13669494" lat="10.8326791" lon="106.7638872">
  <tag k="name" v="Bình Thái"/>
  <tag k="name:en" v="Binh Thai"/>
  <tag k="name:th" v="บิ่ญท้าย"/>
  <tag k="network" v="Ho Chi Minh City Metro"/>
  <tag k="operator" v="Ban Quản lý Đường sắt đô thị Thành phố Hồ Chí Minh"/>
  <tag k="public_transport" v="stop_position"/>
  <tag k="railway" v="stop"/>
  <tag k="ref" v="L110"/>
  <tag k="subway" v="yes"/>
  <tag k="wikidata" v="Q60314150"/>
  <tag k="wikipedia" v="vi:Ga Bình Thái"/>
 </node>
 <node id="11586280326" visible="true" version="2" changeset="175791212" timestamp="2025-12-11T08:30:55Z" user="Kri_ttt" uid="13669494" lat="10.8326599" lon="106.7639195">
  <tag k="name" v="Bình Thái"/>
  <tag k="name:en" v="Binh Thai"/>
  <tag k="name:th" v="บิ่ญท้าย"/>
  <tag k="network" v="Ho Chi Minh City Metro"/>
  <tag k="operator" v="Ban Quản lý Đường sắt đô thị Thành phố Hồ Chí Minh"/>
  <tag k="public_transport" v="stop_position"/>
  <tag k="railway" v="stop"/>
  <tag k="ref" v="L110"/>
  <tag k="subway" v="yes"/>
  <tag k="wikidata" v="Q60314150"/>
  <tag k="wikipedia" v="vi:Ga Bình Thái"/>
 </node>
 <node id="11586280328" visible="true" version="2" changeset="175791212" timestamp="2025-12-11T08:30:55Z" user="Kri_ttt" uid="13669494" lat="10.8464030" lon="106.7716657">
  <tag k="name" v="Thủ Đức"/>
  <tag k="name:en" v="Thu Duc"/>
  <tag k="name:th" v="ถูดึ๊ก"/>
  <tag k="network" v="Ho Chi Minh City Metro"/>
  <tag k="operator" v="Ban Quản lý Đường sắt đô thị Thành phố Hồ Chí Minh"/>
  <tag k="public_transport" v="stop_position"/>
  <tag k="railway" v="stop"/>
  <tag k="ref" v="L111"/>
  <tag k="subway" v="yes"/>
  <tag k="wikidata" v="Q60314119"/>
  <tag k="wikipedia" v="vi:Ga Thủ Đức"/>
 </node>
 <node id="11586280329" visible="true" version="3" changeset="178761183" timestamp="2026-02-19T09:10:33Z" user="Claudius Henrichs" uid="18069" lat="10.8464116" lon="106.7716333">
  <tag k="name" v="Thủ Đức"/>
  <tag k="name:en" v="Thu Duc"/>
  <tag k="name:th" v="ถูดึ๊ก"/>
  <tag k="network" v="Ho Chi Minh City Metro"/>
  <tag k="operator" v="Ban Quản lý Đường sắt đô thị Thành phố Hồ Chí Minh"/>
  <tag k="public_transport" v="stop_position"/>
  <tag k="railway" v="stop"/>
  <tag k="ref" v="L111"/>
  <tag k="subway" v="yes"/>
  <tag k="wikidata" v="Q60314119"/>
  <tag k="wikipedia" v="vi:Ga Thủ Đức (Đường sắt đô thị Thành phố Hồ Chí Minh)"/>
 </node>
 <node id="11586280330" visible="true" version="2" changeset="175791212" timestamp="2025-12-11T08:30:55Z" user="Kri_ttt" uid="13669494" lat="10.8590126" lon="106.7888225">
  <tag k="name" v="Khu Công Nghệ Cao"/>
  <tag k="name:en" v="High Tech Park"/>
  <tag k="name:th" v="ไฮเทคพาร์ก"/>
  <tag k="network" v="Ho Chi Minh City Metro"/>
  <tag k="operator" v="Ban Quản lý Đường sắt đô thị Thành phố Hồ Chí Minh"/>
  <tag k="public_transport" v="stop_position"/>
  <tag k="railway" v="stop"/>
  <tag k="ref" v="L112"/>
  <tag k="subway" v="yes"/>
  <tag k="wikidata" v="Q60314137"/>
  <tag k="wikipedia" v="vi:Ga Khu Công nghệ cao"/>
 </node>
 <node id="11586280331" visible="true" version="2" changeset="175791212" timestamp="2025-12-11T08:30:55Z" user="Kri_ttt" uid="13669494" lat="10.8589744" lon="106.7888389">
  <tag k="name" v="Khu Công Nghệ Cao"/>
  <tag k="name:en" v="High Tech Park"/>
  <tag k="name:th" v="ไฮเทคพาร์ก"/>
  <tag k="network" v="Ho Chi Minh City Metro"/>
  <tag k="operator" v="Ban Quản lý Đường sắt đô thị Thành phố Hồ Chí Minh"/>
  <tag k="public_transport" v="stop_position"/>
  <tag k="railway" v="stop"/>
  <tag k="ref" v="L112"/>
  <tag k="subway" v="yes"/>
  <tag k="wikidata" v="Q60314137"/>
  <tag k="wikipedia" v="vi:Ga Khu Công nghệ cao"/>
 </node>
 <node id="11586280332" visible="true" version="3" changeset="175791212" timestamp="2025-12-11T08:30:55Z" user="Kri_ttt" uid="13669494" lat="10.8663195" lon="106.8011930">
  <tag k="name" v="Đại học Quốc gia"/>
  <tag k="name:en" v="National University"/>
  <tag k="name:th" v="มหาวิทยาลัยแห่งชาติ"/>
  <tag k="network" v="Ho Chi Minh City Metro"/>
  <tag k="operator" v="Ban Quản lý Đường sắt đô thị Thành phố Hồ Chí Minh"/>
  <tag k="public_transport" v="stop_position"/>
  <tag k="railway" v="stop"/>
  <tag k="ref" v="L113"/>
  <tag k="subway" v="yes"/>
  <tag k="wikidata" v="Q60314143"/>
  <tag k="wikipedia" v="vi:Ga Đại học Quốc gia, Thành phố Hồ Chí Minh"/>
 </node>
 <node id="11586280333" visible="true" version="3" changeset="175791212" timestamp="2025-12-11T08:30:55Z" user="Kri_ttt" uid="13669494" lat="10.8662864" lon="106.8012088">
  <tag k="name" v="Đại học Quốc gia"/>
  <tag k="name:en" v="National University"/>
  <tag k="name:th" v="มหาวิทยาลัยแห่งชาติ"/>
  <tag k="network" v="Ho Chi Minh City Metro"/>
  <tag k="operator" v="Ban Quản lý Đường sắt đô thị Thành phố Hồ Chí Minh"/>
  <tag k="public_transport" v="stop_position"/>
  <tag k="railway" v="stop"/>
  <tag k="ref" v="L113"/>
  <tag k="subway" v="yes"/>
  <tag k="wikidata" v="Q60314143"/>
  <tag k="wikipedia" v="vi:Ga Đại học Quốc gia, Thành phố Hồ Chí Minh"/>
 </node>
 <node id="11586280334" visible="true" version="3" changeset="175791212" timestamp="2025-12-11T08:30:55Z" user="Kri_ttt" uid="13669494" lat="10.8796111" lon="106.8140678">
  <tag k="name" v="Bến xe Suối Tiên"/>
  <tag k="name:en" v="Suoi Tien Terminal"/>
  <tag k="name:th" v="ขนส่งซ้วยเตียน"/>
  <tag k="network" v="Ho Chi Minh City Metro"/>
  <tag k="operator" v="Ban Quản lý Đường sắt đô thị Thành phố Hồ Chí Minh"/>
  <tag k="public_transport" v="stop_position"/>
  <tag k="railway" v="stop"/>
  <tag k="ref" v="L114"/>
  <tag k="subway" v="yes"/>
  <tag k="wikidata" v="Q61132106"/>
  <tag k="wikipedia" v="vi:Ga Bến xe Suối Tiên"/>
 </node>
 <node id="11586280335" visible="true" version="3" changeset="175791212" timestamp="2025-12-11T08:30:55Z" user="Kri_ttt" uid="13669494" lat="10.8795689" lon="106.8141700">
  <tag k="name" v="Bến xe Suối Tiên"/>
  <tag k="name:en" v="Suoi Tien Terminal"/>
  <tag k="name:th" v="ขนส่งซ้วยเตียน"/>
  <tag k="network" v="Ho Chi Minh City Metro"/>
  <tag k="operator" v="Ban Quản lý Đường sắt đô thị Thành phố Hồ Chí Minh"/>
  <tag k="public_transport" v="stop_position"/>
  <tag k="railway" v="stop"/>
  <tag k="ref" v="L114"/>
  <tag k="subway" v="yes"/>
  <tag k="wikidata" v="Q61132106"/>
  <tag k="wikipedia" v="vi:Ga Bến xe Suối Tiên"/>
 </node>
 <node id="11789253357" visible="true" version="4" changeset="174896884" timestamp="2025-11-20T09:12:38Z" user="Trần Thanh Tuấn" uid="16014056" lat="10.8482434" lon="106.7750739"/>
 <node id="11793308589" visible="true" version="4" changeset="174896884" timestamp="2025-11-20T09:12:38Z" user="Trần Thanh Tuấn" uid="16014056" lat="10.8483836" lon="106.7750467">
  <tag k="bus" v="yes"/>
  <tag k="highway" v="bus_stop"/>
  <tag k="name" v="Siêu thi CoopMart - Xa lộ Hà Nội"/>
  <tag k="public_transport" v="platform"/>
 </node>
 <node id="12435114707" visible="true" version="1" changeset="160422276" timestamp="2024-12-20T08:06:10Z" user="Trần Thanh Tuấn" uid="16014056" lat="10.8029390" lon="106.7464323"/>
 <node id="12435114709" visible="true" version="1" changeset="160422276" timestamp="2024-12-20T08:06:10Z" user="Trần Thanh Tuấn" uid="16014056" lat="10.8025033" lon="106.7439022">
  <tag k="railway" v="switch"/>
 </node>
 <node id="12435114712" visible="true" version="1" changeset="160422276" timestamp="2024-12-20T08:06:10Z" user="Trần Thanh Tuấn" uid="16014056" lat="10.8022623" lon="106.7431900">
  <tag k="railway" v="switch"/>
 </node>
 <node id="12501275243" visible="true" version="1" changeset="161353693" timestamp="2025-01-14T17:46:15Z" user="Trần Thanh Tuấn" uid="16014056" lat="10.8543957" lon="106.7729498"/>
 <node id="12501275245" visible="true" version="1" changeset="161353693" timestamp="2025-01-14T17:46:15Z" user="Trần Thanh Tuấn" uid="16014056" lat="10.8542990" lon="106.7729507"/>
 <node id="12501275246" visible="true" version="1" changeset="161353693" timestamp="2025-01-14T17:46:15Z" user="Trần Thanh Tuấn" uid="16014056" lat="10.8542132" lon="106.7729607"/>
 <node id="12501275247" visible="true" version="1" changeset="161353693" timestamp="2025-01-14T17:46:15Z" user="Trần Thanh Tuấn" uid="16014056" lat="10.8539700" lon="106.7730375"/>
 <node id="12501275248" visible="true" version="1" changeset="161353693" timestamp="2025-01-14T17:46:15Z" user="Trần Thanh Tuấn" uid="16014056" lat="10.8541288" lon="106.7729789"/>
 <node id="12501275249" visible="true" version="1" changeset="161353693" timestamp="2025-01-14T17:46:15Z" user="Trần Thanh Tuấn" uid="16014056" lat="10.8538953" lon="106.7730778"/>
 <node id="12501275250" visible="true" version="1" changeset="161353693" timestamp="2025-01-14T17:46:15Z" user="Trần Thanh Tuấn" uid="16014056" lat="10.8523447" lon="106.7740337"/>
 <node id="12501275251" visible="true" version="1" changeset="161353693" timestamp="2025-01-14T17:46:15Z" user="Trần Thanh Tuấn" uid="16014056" lat="10.8520076" lon="106.7742068"/>
 <node id="12501275252" visible="true" version="1" changeset="161353693" timestamp="2025-01-14T17:46:15Z" user="Trần Thanh Tuấn" uid="16014056" lat="10.8521968" lon="106.7741171"/>
 <node id="12501275253" visible="true" version="1" changeset="161353693" timestamp="2025-01-14T17:46:15Z" user="Trần Thanh Tuấn" uid="16014056" lat="10.8517506" lon="106.7742869"/>
 <node id="12501275254" visible="true" version="1" changeset="161353693" timestamp="2025-01-14T17:46:15Z" user="Trần Thanh Tuấn" uid="16014056" lat="10.8516691" lon="106.7742992"/>
 <node id="12501275255" visible="true" version="1" changeset="161353693" timestamp="2025-01-14T17:46:15Z" user="Trần Thanh Tuấn" uid="16014056" lat="10.8515869" lon="106.7743050"/>
 <node id="12501275256" visible="true" version="1" changeset="161353693" timestamp="2025-01-14T17:46:15Z" user="Trần Thanh Tuấn" uid="16014056" lat="10.8514466" lon="106.7743000"/>
 <node id="12501275257" visible="true" version="1" changeset="161353693" timestamp="2025-01-14T17:46:15Z" user="Trần Thanh Tuấn" uid="16014056" lat="10.8519096" lon="106.7742434"/>
 <node id="12501275258" visible="true" version="1" changeset="161353693" timestamp="2025-01-14T17:46:15Z" user="Trần Thanh Tuấn" uid="16014056" lat="10.8512744" lon="106.7742721"/>
 <node id="12501275259" visible="true" version="1" changeset="161353693" timestamp="2025-01-14T17:46:15Z" user="Trần Thanh Tuấn" uid="16014056" lat="10.8510477" lon="106.7742051"/>
 <node id="12501275260" visible="true" version="1" changeset="161353693" timestamp="2025-01-14T17:46:15Z" user="Trần Thanh Tuấn" uid="16014056" lat="10.8511616" lon="106.7742434"/>
 <node id="12501275261" visible="true" version="1" changeset="161353693" timestamp="2025-01-14T17:46:15Z" user="Trần Thanh Tuấn" uid="16014056" lat="10.8503438" lon="106.7739189"/>
 <node id="12501275263" visible="true" version="2" changeset="174666339" timestamp="2025-11-14T21:33:47Z" user="Tommybara" uid="12198525" lat="10.8501830" lon="106.7738400"/>
 <node id="12509924596" visible="true" version="1" changeset="161466245" timestamp="2025-01-17T18:24:17Z" user="Trần Thanh Tuấn" uid="16014056" lat="10.8526904" lon="106.7788754"/>
 <node id="12509924626" visible="true" version="1" changeset="161466245" timestamp="2025-01-17T18:24:17Z" user="Trần Thanh Tuấn" uid="16014056" lat="10.8476774" lon="106.7758431"/>
 <node id="12509924646" visible="true" version="1" changeset="161466245" timestamp="2025-01-17T18:24:17Z" user="Trần Thanh Tuấn" uid="16014056" lat="10.8442650" lon="106.7708728"/>
 <node id="12509924750" visible="true" version="1" changeset="161466245" timestamp="2025-01-17T18:24:17Z" user="Trần Thanh Tuấn" uid="16014056" lat="10.8479691" lon="106.7754061"/>
 <node id="12509924752" visible="true" version="1" changeset="161466245" timestamp="2025-01-17T18:24:17Z" user="Trần Thanh Tuấn" uid="16014056" lat="10.8478502" lon="106.7755705"/>
 <node id="12509924753" visible="true" version="1" changeset="161466245" timestamp="2025-01-17T18:24:17Z" user="Trần Thanh Tuấn" uid="16014056" lat="10.8481914" lon="106.7751204"/>
 <node id="12509924754" visible="true" version="1" changeset="161466245" timestamp="2025-01-17T18:24:17Z" user="Trần Thanh Tuấn" uid="16014056" lat="10.8484706" lon="106.7747806"/>
 <node id="12509924755" visible="true" version="1" changeset="161466245" timestamp="2025-01-17T18:24:17Z" user="Trần Thanh Tuấn" uid="16014056" lat="10.8487040" lon="106.7744756"/>
 <node id="12509924756" visible="true" version="1" changeset="161466245" timestamp="2025-01-17T18:24:17Z" user="Trần Thanh Tuấn" uid="16014056" lat="10.8490018" lon="106.7741615"/>
 <node id="12509924757" visible="true" version="1" changeset="161466245" timestamp="2025-01-17T18:24:17Z" user="Trần Thanh Tuấn" uid="16014056" lat="10.8488117" lon="106.7743528"/>
 <node id="12509924767" visible="true" version="2" changeset="174666339" timestamp="2025-11-14T21:33:47Z" user="Tommybara" uid="12198525" lat="10.8505100" lon="106.7754248"/>
 <node id="12509924768" visible="true" version="2" changeset="174666339" timestamp="2025-11-14T21:33:47Z" user="Tommybara" uid="12198525" lat="10.8496408" lon="106.7744527"/>
 <node id="12509924772" visible="true" version="2" changeset="174666339" timestamp="2025-11-14T21:33:47Z" user="Tommybara" uid="12198525" lat="10.8486706" lon="106.7735840"/>
 <node id="12509924773" visible="true" version="2" changeset="174666339" timestamp="2025-11-14T21:33:47Z" user="Tommybara" uid="12198525" lat="10.8484135" lon="106.7733843"/>
 <node id="12509924775" visible="true" version="1" changeset="161466245" timestamp="2025-01-17T18:24:17Z" user="Trần Thanh Tuấn" uid="16014056" lat="10.8452167" lon="106.7714056"/>
 <node id="12509924781" visible="true" version="1" changeset="161466245" timestamp="2025-01-17T18:24:17Z" user="Trần Thanh Tuấn" uid="16014056" lat="10.8495652" lon="106.7733664"/>
 <node id="12509924784" visible="true" version="2" changeset="174666339" timestamp="2025-11-14T21:33:47Z" user="Tommybara" uid="12198525" lat="10.8500337" lon="106.7737423"/>
 <node id="12509924785" visible="true" version="2" changeset="174666339" timestamp="2025-11-14T21:33:47Z" user="Tommybara" uid="12198525" lat="10.8491679" lon="106.7740050"/>
 <node id="12509924788" visible="true" version="2" changeset="174666339" timestamp="2025-11-14T21:33:47Z" user="Tommybara" uid="12198525" lat="10.8476111" lon="106.7728296"/>
 <node id="12509924789" visible="true" version="2" changeset="174666339" timestamp="2025-11-14T21:33:47Z" user="Tommybara" uid="12198525" lat="10.8478836" lon="106.7730069"/>
 <node id="12512421931" visible="true" version="1" changeset="161496270" timestamp="2025-01-18T15:43:13Z" user="Trần Thanh Tuấn" uid="16014056" lat="10.8453863" lon="106.7715072"/>
 <node id="12590215177" visible="true" version="1" changeset="162538924" timestamp="2025-02-15T14:55:19Z" user="edumiz624" uid="20881381" lat="10.8497750" lon="106.7744480"/>
 <node id="12709353610" visible="true" version="1" changeset="164236442" timestamp="2025-03-29T07:10:06Z" user="hoanganhlami33" uid="14252795" lat="10.8486463" lon="106.7742185"/>
 <node id="12709353611" visible="true" version="1" changeset="164236442" timestamp="2025-03-29T07:10:06Z" user="hoanganhlami33" uid="14252795" lat="10.8479011" lon="106.7734940"/>
 <node id="12709353612" visible="true" version="1" changeset="164236442" timestamp="2025-03-29T07:10:06Z" user="hoanganhlami33" uid="14252795" lat="10.8486415" lon="106.7741191"/>
 <node id="12709353613" visible="true" version="1" changeset="164236442" timestamp="2025-03-29T07:10:06Z" user="hoanganhlami33" uid="14252795" lat="10.8486263" lon="106.7740954"/>
 <node id="12709353614" visible="true" version="1" changeset="164236442" timestamp="2025-03-29T07:10:06Z" user="hoanganhlami33" uid="14252795" lat="10.8475061" lon="106.7743667"/>
 <node id="12709353615" visible="true" version="1" changeset="164236442" timestamp="2025-03-29T07:10:06Z" user="hoanganhlami33" uid="14252795" lat="10.8486511" lon="106.7741994"/>
 <node id="12709353616" visible="true" version="1" changeset="164236442" timestamp="2025-03-29T07:10:06Z" user="hoanganhlami33" uid="14252795" lat="10.8486560" lon="106.7741753"/>
 <node id="12709353617" visible="true" version="1" changeset="164236442" timestamp="2025-03-29T07:10:06Z" user="hoanganhlami33" uid="14252795" lat="10.8484019" lon="106.7738916"/>
 <node id="12709353618" visible="true" version="1" changeset="164236442" timestamp="2025-03-29T07:10:06Z" user="hoanganhlami33" uid="14252795" lat="10.8486512" lon="106.7741476"/>
 <node id="12709353619" visible="true" version="1" changeset="164236442" timestamp="2025-03-29T07:10:06Z" user="hoanganhlami33" uid="14252795" lat="10.8483202" lon="106.7747172"/>
 <node id="12794530687" visible="true" version="1" changeset="165543903" timestamp="2025-04-28T11:07:36Z" user="crgbsly" uid="9093997" lat="10.8491655" lon="106.7737198"/>
 <node id="12794530688" visible="true" version="1" changeset="165543903" timestamp="2025-04-28T11:07:36Z" user="crgbsly" uid="9093997" lat="10.8494424" lon="106.7739909"/>
 <node id="12794530689" visible="true" version="1" changeset="165543903" timestamp="2025-04-28T11:07:36Z" user="crgbsly" uid="9093997" lat="10.8491225" lon="106.7743396"/>
 <node id="12794530690" visible="true" version="1" changeset="165543903" timestamp="2025-04-28T11:07:36Z" user="crgbsly" uid="9093997" lat="10.8494106" lon="106.7739108"/>
 <node id="12794530697" visible="true" version="1" changeset="165543903" timestamp="2025-04-28T11:07:36Z" user="crgbsly" uid="9093997" lat="10.8486503" lon="106.7742305"/>
 <node id="12969661020" visible="true" version="1" changeset="168400272" timestamp="2025-07-02T13:43:43Z" user="Gracy Oswal" uid="22889535" lat="10.8484773" lon="106.7737596"/>
 <node id="12969661021" visible="true" version="1" changeset="168400272" timestamp="2025-07-02T13:43:43Z" user="Gracy Oswal" uid="22889535" lat="10.8485268" lon="106.7737007"/>
 <node id="13124699106" visible="true" version="1" changeset="171575330" timestamp="2025-09-07T09:41:09Z" user="trankphi" uid="23148808" lat="10.8356773" lon="106.7661765"/>
 <node id="13610877669" visible="true" version="1" changeset="179235698" timestamp="2026-03-02T04:35:28Z" user="Heo Tham An" uid="23305067" lat="10.8800954" lon="107.1941636"/>
 <node id="13610877670" visible="true" version="1" changeset="179235698" timestamp="2026-03-02T04:35:28Z" user="Heo Tham An" uid="23305067" lat="10.8800485" lon="107.1941635"/>
 <way id="191937816" visible="true" version="8" changeset="164236442" timestamp="2025-03-29T07:10:06Z" user="hoanganhlami33" uid="14252795">
  <nd ref="2024973187"/>
  <nd ref="2024972857"/>
  <nd ref="2024973259"/>
  <nd ref="2024972835"/>
  <nd ref="2024972854"/>
  <nd ref="2024973144"/>
  <nd ref="2024972860"/>
  <nd ref="2024973187"/>
  <tag k="addr:province" v="Thành phố Hồ Chí Minh"/>
  <tag k="building" v="supermarket"/>
  <tag k="opening_hours" v="08:00-22:00"/>
 </way>
 <way id="191937848" visible="true" version="28" changeset="174896884" timestamp="2025-11-20T09:12:41Z" user="Trần Thanh Tuấn" uid="16014056">
  <nd ref="2024973084"/>
  <nd ref="8360820557"/>
  <nd ref="5765438179"/>
  <nd ref="6775745943"/>
  <tag k="hgv_articulated" v="no"/>
  <tag k="hgv:conditional" v="no @ (06:00-08:30,16:00-20:30)"/>
  <tag k="highway" v="secondary"/>
  <tag k="lanes" v="3"/>
  <tag k="name" v="Lê Văn Việt"/>
  <tag k="name:en" v="Le Van Viet"/>
  <tag k="name:vi" v="Lê Văn Việt"/>
  <tag k="oneway" v="yes"/>
  <tag k="surface" v="asphalt"/>
 </way>
 <way id="211835010" visible="true" version="18" changeset="180617905" timestamp="2026-03-30T08:40:22Z" user="naoNao89" uid="22352952">
  <nd ref="2217824798"/>
  <nd ref="4066458587"/>
  <nd ref="2217824799"/>
  <nd ref="2940183148"/>
  <nd ref="2217824802"/>
  <nd ref="2217824797"/>
  <nd ref="4066470698"/>
  <nd ref="4066458576"/>
  <nd ref="2217824800"/>
  <tag k="bicycle" v="no"/>
  <tag k="bridge" v="yes"/>
  <tag k="destination" v="Cầu Sài Gòn"/>
  <tag k="foot" v="no"/>
  <tag k="highway" v="trunk"/>
  <tag k="horse" v="no"/>
  <tag k="lanes" v="2"/>
  <tag k="layer" v="1"/>
  <tag k="maxspeed" v="60"/>
  <tag k="maxweight:signed" v="no"/>
  <tag k="motorcycle" v="no"/>
  <tag k="name" v="Cầu vượt Ngã tư Thủ Đức"/>
  <tag k="oneway" v="yes"/>
  <tag k="start_date" v="2013-01-27"/>
  <tag k="surface" v="asphalt"/>
 </way>
 <way id="211840922" visible="true" version="21" changeset="162538924" timestamp="2025-02-15T14:55:19Z" user="edumiz624" uid="20881381">
  <nd ref="5455969238"/>
  <nd ref="12590215177"/>
  <nd ref="5778615985"/>
  <nd ref="9295180810"/>
  <nd ref="2024973316"/>
  <tag k="bicycle" v="yes"/>
  <tag k="highway" v="trunk"/>
  <tag k="lanes" v="5"/>
  <tag k="maxspeed" v="60"/>
  <tag k="name" v="Xa lộ Hà Nội"/>
  <tag k="oneway" v="yes"/>
  <tag k="surface" v="asphalt"/>
 </way>
 <way id="218227252" visible="true" version="19" changeset="169969452" timestamp="2025-08-04T17:51:38Z" user="HoangQuanHDFPV" uid="22644759">
  <nd ref="676035152"/>
  <nd ref="4066458575"/>
  <nd ref="2024973301"/>
  <nd ref="676035155"/>
  <nd ref="2024972804"/>
  <nd ref="676035158"/>
  <nd ref="6642837268"/>
  <nd ref="4066458585"/>
  <nd ref="2217869569"/>
  <nd ref="9043520466"/>
  <nd ref="4066459096"/>
  <nd ref="4066459095"/>
  <tag k="bicycle" v="no"/>
  <tag k="bridge" v="yes"/>
  <tag k="destination" v="Bến Xe Suối Tiên"/>
  <tag k="foot" v="no"/>
  <tag k="hgv_articulated" v="no"/>
  <tag k="highway" v="trunk"/>
  <tag k="horse" v="no"/>
  <tag k="lanes" v="2"/>
  <tag k="layer" v="1"/>
  <tag k="maxspeed" v="60"/>
  <tag k="maxweightrating:hgv" v="10"/>
  <tag k="motorcycle" v="no"/>
  <tag k="name" v="Cầu vượt Ngã tư Thủ Đức"/>
  <tag k="oneway" v="yes"/>
  <tag k="start_date" v="2013-01-27"/>
  <tag k="surface" v="asphalt"/>
 </way>
 <way id="218227253" visible="true" version="21" changeset="167072949" timestamp="2025-06-02T03:36:02Z" user="Grab_Cong" uid="18820325">
  <nd ref="2024973002"/>
  <nd ref="10128118042"/>
  <nd ref="4066458568"/>
  <nd ref="5456033301"/>
  <nd ref="4066480996"/>
  <nd ref="5748445140"/>
  <tag k="bicycle" v="yes"/>
  <tag k="highway" v="trunk"/>
  <tag k="lanes" v="5"/>
  <tag k="maxspeed" v="60"/>
  <tag k="name" v="Đường Võ Nguyên Giáp"/>
  <tag k="name:en" v="Vo Nguyen Giap Boulevard"/>
  <tag k="name:zh" v="武元甲大道"/>
  <tag k="oneway" v="yes"/>
  <tag k="surface" v="asphalt"/>
 </way>
 <way id="224493521" visible="true" version="3" changeset="37915827" timestamp="2016-03-18T10:26:06Z" user="totim" uid="562188">
  <nd ref="2333144902"/>
  <nd ref="2333144892"/>
  <nd ref="2333144900"/>
  <nd ref="4066458572"/>
  <nd ref="2333144887"/>
  <nd ref="4066458573"/>
  <nd ref="2333144883"/>
  <nd ref="2333144907"/>
  <nd ref="4066458571"/>
  <nd ref="2333144878"/>
  <nd ref="2333144903"/>
  <nd ref="2333144902"/>
  <tag k="landuse" v="grass"/>
 </way>
 <way id="224493523" visible="true" version="3" changeset="37915827" timestamp="2016-03-18T10:26:07Z" user="totim" uid="562188">
  <nd ref="2333144890"/>
  <nd ref="2333144875"/>
  <nd ref="2333144909"/>
  <nd ref="4066458577"/>
  <nd ref="2333144882"/>
  <nd ref="2333144898"/>
  <nd ref="2333144876"/>
  <nd ref="2333144905"/>
  <nd ref="2333144890"/>
  <tag k="landuse" v="grass"/>
 </way>
 <way id="226572943" visible="true" version="65" changeset="178761183" timestamp="2026-02-19T09:10:33Z" user="Claudius Henrichs" uid="18069">
  <nd ref="8148611030"/>
  <nd ref="8148611028"/>
  <nd ref="8148611027"/>
  <nd ref="8148611026"/>
  <nd ref="11369842025"/>
  <nd ref="7344835156"/>
  <nd ref="7344835154"/>
  <nd ref="7344835153"/>
  <nd ref="7344835152"/>
  <nd ref="7344835145"/>
  <nd ref="7344835143"/>
  <nd ref="7344835142"/>
  <nd ref="7344835141"/>
  <nd ref="6635002168"/>
  <nd ref="6851737236"/>
  <nd ref="6851737238"/>
  <nd ref="6635002169"/>
  <nd ref="6851737234"/>
  <nd ref="6635002170"/>
  <nd ref="6635002171"/>
  <nd ref="6635002172"/>
  <nd ref="2038003843"/>
  <nd ref="2038003809"/>
  <nd ref="2890940318"/>
  <nd ref="2038003875"/>
  <nd ref="6853033409"/>
  <nd ref="6853033411"/>
  <nd ref="6851737229"/>
  <nd ref="2890938941"/>
  <nd ref="6851737231"/>
  <nd ref="2890938905"/>
  <nd ref="2890902225"/>
  <nd ref="2036083398"/>
  <nd ref="2036083033"/>
  <nd ref="2037755933"/>
  <nd ref="2037756053"/>
  <nd ref="6851737227"/>
  <nd ref="8148635767"/>
  <nd ref="6851737222"/>
  <nd ref="11586280315"/>
  <nd ref="6851737224"/>
  <nd ref="8840296766"/>
  <nd ref="8148635778"/>
  <nd ref="6851737226"/>
  <nd ref="8148635766"/>
  <nd ref="6851737209"/>
  <nd ref="2037755927"/>
  <nd ref="2967612863"/>
  <nd ref="11586280319"/>
  <nd ref="6851737210"/>
  <nd ref="2037756037"/>
  <nd ref="6851737212"/>
  <nd ref="6851737213"/>
  <nd ref="11586280321"/>
  <nd ref="6851737214"/>
  <nd ref="2037756029"/>
  <nd ref="12435114709"/>
  <nd ref="4934947956"/>
  <nd ref="6851737219"/>
  <nd ref="4934947954"/>
  <nd ref="2037755791"/>
  <nd ref="4934947950"/>
  <nd ref="4934947948"/>
  <nd ref="4934947946"/>
  <nd ref="2891272400"/>
  <nd ref="2037756027"/>
  <nd ref="2891272399"/>
  <nd ref="4934947945"/>
  <nd ref="4934947943"/>
  <nd ref="2037755908"/>
  <nd ref="4934947940"/>
  <nd ref="9733886381"/>
  <nd ref="9733886380"/>
  <nd ref="9733886379"/>
  <nd ref="9733886378"/>
  <nd ref="9733886377"/>
  <nd ref="9733886376"/>
  <nd ref="9733886375"/>
  <nd ref="9733886374"/>
  <nd ref="9733886373"/>
  <nd ref="9733886372"/>
  <nd ref="9733886371"/>
  <nd ref="9733886370"/>
  <nd ref="9733886369"/>
  <nd ref="9733886368"/>
  <nd ref="9733886367"/>
  <nd ref="9733886366"/>
  <nd ref="9733886365"/>
  <nd ref="9733886364"/>
  <nd ref="9733886363"/>
  <nd ref="9733886362"/>
  <nd ref="9733886361"/>
  <nd ref="9733886360"/>
  <nd ref="9733886359"/>
  <nd ref="9733886358"/>
  <nd ref="9733886357"/>
  <nd ref="9733886356"/>
  <nd ref="11586280323"/>
  <nd ref="9733886355"/>
  <nd ref="9733886354"/>
  <nd ref="9733886353"/>
  <nd ref="9733886352"/>
  <nd ref="9733886351"/>
  <nd ref="9733886350"/>
  <nd ref="9733886349"/>
  <nd ref="9733886348"/>
  <nd ref="9733886347"/>
  <nd ref="9733886346"/>
  <nd ref="11586280325"/>
  <nd ref="9733886345"/>
  <nd ref="9733886344"/>
  <nd ref="9733886343"/>
  <nd ref="9733886342"/>
  <nd ref="11586280329"/>
  <nd ref="9733886341"/>
  <nd ref="9733886340"/>
  <nd ref="9733886339"/>
  <nd ref="9733886338"/>
  <nd ref="9733886337"/>
  <nd ref="9733886336"/>
  <nd ref="9733886335"/>
  <nd ref="9733886334"/>
  <nd ref="9733886333"/>
  <nd ref="9733886332"/>
  <nd ref="9733886331"/>
  <nd ref="9733886330"/>
  <nd ref="9733886329"/>
  <nd ref="9733886328"/>
  <nd ref="9733886327"/>
  <nd ref="9733886326"/>
  <nd ref="9733886325"/>
  <nd ref="11586280330"/>
  <nd ref="9733886324"/>
  <nd ref="9733886323"/>
  <nd ref="9733886322"/>
  <nd ref="9733886321"/>
  <nd ref="11586280332"/>
  <nd ref="9733886320"/>
  <nd ref="9733886319"/>
  <nd ref="9733886318"/>
  <nd ref="9733886317"/>
  <nd ref="9733886316"/>
  <nd ref="9733886315"/>
  <nd ref="9733886314"/>
  <nd ref="9733886313"/>
  <nd ref="9733886312"/>
  <nd ref="9733886311"/>
  <nd ref="9733886310"/>
  <nd ref="9733886309"/>
  <nd ref="9733886308"/>
  <nd ref="9733886307"/>
  <nd ref="9733886306"/>
  <nd ref="9733886305"/>
  <nd ref="9733886304"/>
  <nd ref="9733886303"/>
  <nd ref="9733886302"/>
  <nd ref="9733886301"/>
  <nd ref="9733886300"/>
  <nd ref="4934947359"/>
  <nd ref="4934947358"/>
  <nd ref="11586280334"/>
  <tag k="bridge" v="yes"/>
  <tag k="electrified" v="contact_line"/>
  <tag k="frequency" v="0"/>
  <tag k="gauge" v="1435"/>
  <tag k="layer" v="2"/>
  <tag k="maxspeed" v="110"/>
  <tag k="name" v="Đường sắt đô thị số 1 Thành phố Hồ Chí Minh (Phân đoạn Bến Thành - Suối Tiên)"/>
  <tag k="name:en" v="HCMC Metro Line 1 (Ben Thanh - Suoi Tien Section)"/>
  <tag k="name:fr" v="Ligne 1 du métro de Hô Chi Minh-Ville (Section Ben Thanh - Suoi Tien)"/>
  <tag k="name:id" v="Jalur Ben Thanh Suoi Tien Metro"/>
  <tag k="name:ja" v="ホーチミン・メトロ1号線"/>
  <tag k="name:th" v="รถไฟฟ้านครโฮจิมินห์สาย 1 (เบ๊นถั่ญ - )"/>
  <tag k="name:vi" v="Đường sắt đô thị số 1 Thành phố Hồ Chí Minh (Phân đoạn Bến Thành - Suối Tiên)"/>
  <tag k="name:zh" v="胡志明市都市鐵路1號線"/>
  <tag k="network" v="Ho Chi Minh City Metro"/>
  <tag k="opening_date" v="2024-12-22"/>
  <tag k="operator" v="Ban Quản lý Đường sắt đô thị Thành phố Hồ Chí Minh"/>
  <tag k="railway" v="subway"/>
  <tag k="ref" v="L1"/>
  <tag k="start_date" v="2024-12-22"/>
  <tag k="usage" v="main"/>
  <tag k="voltage" v="1500"/>
 </way>
 <way id="291440663" visible="true" version="1" changeset="23965508" timestamp="2014-07-05T11:37:35Z" user="TuanIfan" uid="625303">
  <nd ref="2949132064"/>
  <nd ref="2949132065"/>
  <nd ref="2949132066"/>
  <nd ref="2949132067"/>
  <nd ref="2949132068"/>
  <nd ref="2949132069"/>
  <nd ref="2949132070"/>
  <nd ref="2949132071"/>
  <nd ref="2949132072"/>
  <nd ref="2949132064"/>
  <tag k="addr:street" v="Lê Văn Việt"/>
  <tag k="building" v="yes"/>
  <tag k="name" v="Ý Nhi"/>
  <tag k="shop" v="electronics"/>
 </way>
 <way id="291440664" visible="true" version="2" changeset="71521874" timestamp="2019-06-23T02:23:23Z" user="mapman44" uid="2888253">
  <nd ref="2949132065"/>
  <nd ref="2949132073"/>
  <nd ref="2949132075"/>
  <nd ref="2949132074"/>
  <nd ref="2949132066"/>
  <nd ref="2949132065"/>
  <tag k="building" v="yes"/>
  <tag k="name" v="Minh Lâm"/>
  <tag k="shop" v="hardware"/>
 </way>
 <way id="291440665" visible="true" version="1" changeset="23965508" timestamp="2014-07-05T11:37:35Z" user="TuanIfan" uid="625303">
  <nd ref="2949132075"/>
  <nd ref="2949132076"/>
  <nd ref="2949132081"/>
  <nd ref="2949132077"/>
  <nd ref="2949132078"/>
  <nd ref="2949132079"/>
  <nd ref="2949132074"/>
  <nd ref="2949132075"/>
  <tag k="building" v="yes"/>
  <tag k="name" v="Thu Hà"/>
  <tag k="shop" v="hardware"/>
 </way>
 <way id="291440666" visible="true" version="1" changeset="23965508" timestamp="2014-07-05T11:37:35Z" user="TuanIfan" uid="625303">
  <nd ref="2949132077"/>
  <nd ref="2949132080"/>
  <nd ref="2949132079"/>
  <nd ref="2949132078"/>
  <nd ref="2949132077"/>
  <tag k="amenity" v="bank"/>
  <tag k="building" v="yes"/>
  <tag k="name" v="SeaBank"/>
 </way>
 <way id="291440667" visible="true" version="3" changeset="59631625" timestamp="2018-06-07T10:08:39Z" user="woodpeck_repair" uid="145231">
  <nd ref="2949132081"/>
  <nd ref="2949132082"/>
  <nd ref="2949132083"/>
  <nd ref="2949132080"/>
  <nd ref="2949132081"/>
  <tag k="building" v="yes"/>
  <tag k="name" v="ABC"/>
  <tag k="shop" v="bakery"/>
 </way>
 <way id="301510653" visible="true" version="4" changeset="177829705" timestamp="2026-01-29T04:19:10Z" user="FishyCatFisher" uid="23730900">
  <nd ref="3055742221"/>
  <nd ref="3055742222"/>
  <nd ref="3055742223"/>
  <nd ref="3055742224"/>
  <nd ref="3055742221"/>
  <tag k="access" v="customers"/>
  <tag k="amenity" v="parking"/>
  <tag k="fee" v="yes"/>
  <tag k="parking" v="surface"/>
 </way>
 <way id="404368564" visible="true" version="19" changeset="174234439" timestamp="2025-11-05T10:42:29Z" user="GrabVN_Dang" uid="21825913">
  <nd ref="4066414552"/>
  <nd ref="4934947998"/>
  <nd ref="12969661020"/>
  <nd ref="4066414555"/>
  <nd ref="4066470690"/>
  <nd ref="4066470691"/>
  <nd ref="5778616002"/>
  <tag k="highway" v="trunk"/>
  <tag k="lanes" v="2"/>
  <tag k="maxspeed" v="60"/>
  <tag k="name" v="Đường Võ Nguyên Giáp"/>
  <tag k="name:en" v="Vo Nguyen Giap Boulevard"/>
  <tag k="name:zh" v="武元甲大道"/>
  <tag k="oneway" v="yes"/>
  <tag k="surface" v="asphalt"/>
 </way>
 <way id="469364067" visible="true" version="34" changeset="174899856" timestamp="2025-11-20T10:36:07Z" user="Trần Thanh Tuấn" uid="16014056">
  <nd ref="11586280335"/>
  <nd ref="4934947701"/>
  <nd ref="4934947702"/>
  <nd ref="9733886299"/>
  <nd ref="9733886298"/>
  <nd ref="9733886297"/>
  <nd ref="9733886296"/>
  <nd ref="9733886295"/>
  <nd ref="9733886294"/>
  <nd ref="9733886293"/>
  <nd ref="9733886292"/>
  <nd ref="9733886291"/>
  <nd ref="9733886290"/>
  <nd ref="9733886289"/>
  <nd ref="9733886288"/>
  <nd ref="9733886287"/>
  <nd ref="9733886286"/>
  <nd ref="9733886285"/>
  <nd ref="9733886284"/>
  <nd ref="9733886283"/>
  <nd ref="9733886282"/>
  <nd ref="9733886281"/>
  <nd ref="9733886280"/>
  <nd ref="11586280333"/>
  <nd ref="9733886279"/>
  <nd ref="9733886277"/>
  <nd ref="9733814910"/>
  <nd ref="9733886278"/>
  <nd ref="9733886276"/>
  <nd ref="11586280331"/>
  <nd ref="9733886275"/>
  <nd ref="9733886274"/>
  <nd ref="9733886273"/>
  <nd ref="9733886271"/>
  <nd ref="9733886270"/>
  <nd ref="9733886272"/>
  <nd ref="9733886269"/>
  <nd ref="9733886268"/>
  <nd ref="9733886267"/>
  <nd ref="9733886266"/>
  <nd ref="9733886265"/>
  <nd ref="9733886264"/>
  <nd ref="9733886263"/>
  <nd ref="9733886262"/>
  <nd ref="9733886261"/>
  <nd ref="9733886260"/>
  <nd ref="9733886259"/>
  <nd ref="9733886258"/>
  <nd ref="9733886257"/>
  <nd ref="11586280328"/>
  <nd ref="9733886256"/>
  <nd ref="9733886255"/>
  <nd ref="9733886254"/>
  <nd ref="9733886253"/>
  <nd ref="9733886252"/>
  <nd ref="11586280326"/>
  <nd ref="9733886251"/>
  <nd ref="9733886250"/>
  <nd ref="9733886249"/>
  <nd ref="9733886248"/>
  <nd ref="9733886247"/>
  <nd ref="9733886246"/>
  <nd ref="9733886245"/>
  <nd ref="9733886244"/>
  <nd ref="9733886243"/>
  <nd ref="9733886242"/>
  <nd ref="9733886241"/>
  <nd ref="11586280324"/>
  <nd ref="9733886240"/>
  <nd ref="9733886239"/>
  <nd ref="9733886238"/>
  <nd ref="9733886237"/>
  <nd ref="9733886236"/>
  <nd ref="9733886235"/>
  <nd ref="9733886234"/>
  <nd ref="9733886233"/>
  <nd ref="9733886232"/>
  <nd ref="9733886231"/>
  <nd ref="9733886230"/>
  <nd ref="9733886229"/>
  <nd ref="9733886228"/>
  <nd ref="9733886227"/>
  <nd ref="9733886226"/>
  <nd ref="9733886225"/>
  <nd ref="9733886224"/>
  <nd ref="9733886223"/>
  <nd ref="9733886222"/>
  <nd ref="9733886221"/>
  <nd ref="9733886220"/>
  <nd ref="9733886219"/>
  <nd ref="9733886218"/>
  <nd ref="9733886217"/>
  <nd ref="9733885516"/>
  <nd ref="9733885515"/>
  <nd ref="2890938939"/>
  <nd ref="4934947941"/>
  <nd ref="4934947942"/>
  <nd ref="4934947944"/>
  <nd ref="2891272398"/>
  <nd ref="2891272397"/>
  <nd ref="2891272396"/>
  <nd ref="2890938957"/>
  <nd ref="4934947947"/>
  <nd ref="4934947949"/>
  <nd ref="2890938963"/>
  <nd ref="4934947953"/>
  <nd ref="8348087528"/>
  <nd ref="6851737220"/>
  <nd ref="12435114707"/>
  <nd ref="4934947955"/>
  <nd ref="6851737218"/>
  <nd ref="6851737217"/>
  <nd ref="4934947951"/>
  <nd ref="6851737216"/>
  <nd ref="2890938979"/>
  <nd ref="12435114712"/>
  <nd ref="6851737215"/>
  <nd ref="11586280322"/>
  <nd ref="2890938964"/>
  <nd ref="6851737211"/>
  <nd ref="11586280320"/>
  <nd ref="2967612864"/>
  <nd ref="2890938911"/>
  <nd ref="6851737207"/>
  <nd ref="8148635776"/>
  <nd ref="8148635777"/>
  <nd ref="6851737221"/>
  <nd ref="11586280316"/>
  <nd ref="2890938967"/>
  <nd ref="8148635775"/>
  <nd ref="1497312933"/>
  <nd ref="2890938949"/>
  <nd ref="2890938923"/>
  <nd ref="2890938973"/>
  <nd ref="2890938938"/>
  <nd ref="2890938951"/>
  <nd ref="6635002178"/>
  <nd ref="6851737232"/>
  <nd ref="6635002177"/>
  <nd ref="6851737230"/>
  <nd ref="6635002176"/>
  <nd ref="6851737228"/>
  <nd ref="6635002175"/>
  <nd ref="11586280314"/>
  <nd ref="6635002174"/>
  <nd ref="4636963251"/>
  <nd ref="6635002173"/>
  <nd ref="6851737233"/>
  <nd ref="2890938944"/>
  <nd ref="6851737235"/>
  <nd ref="6633732156"/>
  <nd ref="6851737239"/>
  <nd ref="6634827013"/>
  <nd ref="10263567012"/>
  <nd ref="4675153901"/>
  <nd ref="10263567013"/>
  <nd ref="10263567016"/>
  <nd ref="6655081307"/>
  <nd ref="6851737241"/>
  <nd ref="2037756108"/>
  <nd ref="6851737242"/>
  <nd ref="8148611031"/>
  <nd ref="4851795654"/>
  <nd ref="4851795655"/>
  <tag k="bridge" v="yes"/>
  <tag k="electrified" v="contact_line"/>
  <tag k="frequency" v="0"/>
  <tag k="gauge" v="1435"/>
  <tag k="layer" v="2"/>
  <tag k="maxspeed" v="110"/>
  <tag k="name" v="Đường sắt đô thị số 1 Thành phố Hồ Chí Minh (Phân đoạn Bến Thành - Suối Tiên)"/>
  <tag k="name:en" v="HCMC Metro Line 1 (Ben Thanh - Suoi Tien Section)"/>
  <tag k="name:fr" v="Ligne 1 du métro de Hô Chi Minh-Ville (Section Ben Thanh - Suoi Tien)"/>
  <tag k="name:id" v="Jalur Ben Thanh Suoi Tien Metro"/>
  <tag k="name:ja" v="ホーチミン・メトロ1号線"/>
  <tag k="name:th" v="รถไฟฟ้านครโฮจิมินห์สาย 1 (เบ๊นถั่ญ - )"/>
  <tag k="name:vi" v="Đường sắt đô thị số 1 Thành phố Hồ Chí Minh (Phân đoạn Bến Thành - Suối Tiên)"/>
  <tag k="name:zh" v="胡志明市都市鐵路1號線"/>
  <tag k="network" v="Ho Chi Minh City Metro"/>
  <tag k="opening_date" v="2024-12-22"/>
  <tag k="operator" v="Ban Quản lý Đường sắt đô thị Thành phố Hồ Chí Minh"/>
  <tag k="railway" v="subway"/>
  <tag k="ref" v="L1"/>
  <tag k="start_date" v="2024-12-22"/>
  <tag k="usage" v="main"/>
  <tag k="voltage" v="1500"/>
  <tag k="wikidata" v="Q61132107"/>
  <tag k="wikipedia" v="vi:Tuyến số 1 (Đường sắt đô thị Thành phố Hồ Chí Minh)"/>
 </way>
 <way id="501622247" visible="true" version="11" changeset="178511807" timestamp="2026-02-13T16:04:10Z" user="KimChinhTri" uid="4892796">
  <nd ref="12509924596"/>
  <nd ref="2954781347"/>
  <nd ref="11328743778"/>
  <nd ref="11403179043"/>
  <nd ref="12509924767"/>
  <nd ref="2954781349"/>
  <nd ref="12509924768"/>
  <nd ref="12509924785"/>
  <tag k="admin_level" v="6"/>
  <tag k="boundary" v="administrative"/>
 </way>
 <way id="542599272" visible="true" version="1" changeset="54051410" timestamp="2017-11-24T14:15:20Z" user="raito" uid="2390670">
  <nd ref="4999403223"/>
  <nd ref="4999403224"/>
  <nd ref="4999403225"/>
  <nd ref="4999403226"/>
  <nd ref="4999403223"/>
  <tag k="building" v="yes"/>
 </way>
 <way id="606920724" visible="true" version="11" changeset="149725297" timestamp="2024-04-08T09:16:18Z" user="phoenixsaigon1698" uid="3323343">
  <nd ref="6775745943"/>
  <nd ref="6620449400"/>
  <nd ref="6783729505"/>
  <nd ref="2949132107"/>
  <nd ref="2949132109"/>
  <nd ref="6790582100"/>
  <nd ref="2949132115"/>
  <nd ref="6775745949"/>
  <nd ref="5765438188"/>
  <nd ref="2949132113"/>
  <nd ref="6790582101"/>
  <nd ref="6790582102"/>
  <nd ref="2949132111"/>
  <nd ref="2949132099"/>
  <nd ref="2949132101"/>
  <nd ref="6775745950"/>
  <nd ref="2949132103"/>
  <nd ref="6775745951"/>
  <nd ref="2949132105"/>
  <nd ref="2333152560"/>
  <nd ref="2949132120"/>
  <nd ref="2949132122"/>
  <tag k="highway" v="tertiary"/>
  <tag k="name" v="Đường Quang Trung"/>
  <tag k="name:en" v="Quang Trung"/>
  <tag k="surface" v="asphalt"/>
 </way>
 <way id="610137669" visible="true" version="6" changeset="144652353" timestamp="2023-12-01T08:11:57Z" user="Grab_Cong" uid="18820325">
  <nd ref="5778615985"/>
  <nd ref="5778615986"/>
  <nd ref="5778615987"/>
  <nd ref="5778615988"/>
  <nd ref="2024973291"/>
  <tag k="highway" v="trunk_link"/>
  <tag k="lanes" v="1"/>
  <tag k="oneway" v="yes"/>
  <tag k="surface" v="asphalt"/>
 </way>
 <way id="610137732" visible="true" version="2" changeset="74185827" timestamp="2019-09-06T16:53:04Z" user="UncoolGuyJake" uid="7674729">
  <nd ref="5778630718"/>
  <nd ref="6777795414"/>
  <nd ref="5778630717"/>
  <nd ref="5778630716"/>
  <nd ref="5778630715"/>
  <nd ref="5778630714"/>
  <nd ref="5778630713"/>
  <nd ref="5778630712"/>
  <nd ref="5778630711"/>
  <nd ref="5778630710"/>
  <tag k="highway" v="service"/>
  <tag k="surface" v="asphalt"/>
 </way>
 <way id="719482084" visible="true" version="8" changeset="149595892" timestamp="2024-04-05T04:35:23Z" user="edumiz624" uid="20881381">
  <nd ref="2217869577"/>
  <nd ref="6760602352"/>
  <nd ref="2024973291"/>
  <nd ref="3385455009"/>
  <nd ref="4066470693"/>
  <nd ref="2024973162"/>
  <tag k="highway" v="trunk"/>
  <tag k="lanes" v="2"/>
  <tag k="maxspeed" v="60"/>
  <tag k="name" v="Xa lộ Hà Nội"/>
  <tag k="oneway" v="yes"/>
  <tag k="surface" v="asphalt"/>
 </way>
 <way id="719494700" visible="true" version="10" changeset="144822272" timestamp="2023-12-06T10:07:54Z" user="Arkskyle" uid="17344224">
  <nd ref="5778616002"/>
  <nd ref="2217869570"/>
  <tag k="highway" v="trunk"/>
  <tag k="lanes" v="2"/>
  <tag k="maxspeed" v="60"/>
  <tag k="name" v="Đường Võ Nguyên Giáp"/>
  <tag k="name:en" v="Vo Nguyen Giap Boulevard"/>
  <tag k="name:zh" v="武元甲大道"/>
  <tag k="oneway" v="yes"/>
  <tag k="surface" v="asphalt"/>
 </way>
 <way id="720360978" visible="true" version="3" changeset="168658995" timestamp="2025-07-08T16:42:15Z" user="HoangQuanHDFPV" uid="22644759">
  <nd ref="6760602357"/>
  <nd ref="6760602353"/>
  <nd ref="6760602356"/>
  <nd ref="4934947999"/>
  <tag k="bus" v="no"/>
  <tag k="hgv" v="no"/>
  <tag k="highway" v="secondary"/>
  <tag k="lanes" v="1"/>
  <tag k="name" v="Song Hành Võ Nguyên Giáp"/>
  <tag k="oneway" v="yes"/>
  <tag k="surface" v="asphalt"/>
 </way>
 <way id="720360979" visible="true" version="2" changeset="74330370" timestamp="2019-09-10T22:03:14Z" user="AnonJason" uid="9151615">
  <nd ref="6760602351"/>
  <nd ref="6760602350"/>
  <nd ref="6777736059"/>
  <tag k="footway" v="crossing"/>
  <tag k="highway" v="footway"/>
  <tag k="surface" v="asphalt"/>
 </way>
 <way id="720360980" visible="true" version="2" changeset="128039864" timestamp="2022-10-25T13:11:52Z" user="hoanganhlami33" uid="14252795">
  <nd ref="4066470691"/>
  <nd ref="10128118043"/>
  <nd ref="4066470692"/>
  <tag k="footway" v="crossing"/>
  <tag k="highway" v="footway"/>
  <tag k="surface" v="asphalt"/>
 </way>
 <way id="720360981" visible="true" version="2" changeset="74330370" timestamp="2019-09-10T22:03:14Z" user="AnonJason" uid="9151615">
  <nd ref="6786715344"/>
  <nd ref="6760602354"/>
  <nd ref="6760602353"/>
  <tag k="footway" v="crossing"/>
  <tag k="highway" v="footway"/>
  <tag k="surface" v="asphalt"/>
 </way>
 <way id="720360982" visible="true" version="6" changeset="168659085" timestamp="2025-07-08T16:45:08Z" user="HoangQuanHDFPV" uid="22644759">
  <nd ref="4934947995"/>
  <nd ref="10600287741"/>
  <nd ref="6760602351"/>
  <nd ref="6760602358"/>
  <nd ref="6760602357"/>
  <tag k="highway" v="secondary"/>
  <tag k="lanes" v="1"/>
  <tag k="name" v="Song Hành Xa Lộ Hà Nội"/>
  <tag k="oneway" v="yes"/>
  <tag k="surface" v="asphalt"/>
 </way>
 <way id="720360983" visible="true" version="7" changeset="168400272" timestamp="2025-07-02T13:43:43Z" user="Gracy Oswal" uid="22889535">
  <nd ref="4066414552"/>
  <nd ref="4066458578"/>
  <nd ref="12969661021"/>
  <nd ref="4066458579"/>
  <nd ref="4066470692"/>
  <nd ref="5778616002"/>
  <tag k="highway" v="trunk"/>
  <tag k="lanes" v="2"/>
  <tag k="maxspeed" v="60"/>
  <tag k="motorcycle" v="no"/>
  <tag k="name" v="Đường Võ Nguyên Giáp"/>
  <tag k="name:en" v="Vo Nguyen Giap Boulevard"/>
  <tag k="name:zh" v="武元甲大道"/>
  <tag k="oneway" v="yes"/>
  <tag k="surface" v="asphalt"/>
 </way>
 <way id="720360985" visible="true" version="7" changeset="168658995" timestamp="2025-07-08T16:42:15Z" user="HoangQuanHDFPV" uid="22644759">
  <nd ref="4934947999"/>
  <nd ref="6760602355"/>
  <nd ref="6775745948"/>
  <tag k="highway" v="secondary"/>
  <tag k="lanes" v="2"/>
  <tag k="name" v="Song Hành Võ Nguyên Giáp"/>
  <tag k="oneway" v="yes"/>
  <tag k="surface" v="asphalt"/>
  <tag k="turn:lanes" v="through;right|through;right"/>
 </way>
 <way id="720360986" visible="true" version="10" changeset="168659085" timestamp="2025-07-08T16:45:08Z" user="HoangQuanHDFPV" uid="22644759">
  <nd ref="6760602360"/>
  <nd ref="10600287740"/>
  <nd ref="4934947995"/>
  <tag k="highway" v="secondary"/>
  <tag k="lanes" v="2"/>
  <tag k="name" v="Song Hành Xa Lộ Hà Nội"/>
  <tag k="oneway" v="yes"/>
  <tag k="surface" v="asphalt"/>
 </way>
 <way id="720361261" visible="true" version="11" changeset="174896884" timestamp="2025-11-20T09:12:41Z" user="Trần Thanh Tuấn" uid="16014056">
  <nd ref="2024973002"/>
  <nd ref="2217869570"/>
  <tag k="highway" v="secondary"/>
  <tag k="lanes" v="2"/>
  <tag k="maxheight" v="4.6"/>
  <tag k="oneway" v="yes"/>
  <tag k="surface" v="asphalt"/>
 </way>
 <way id="720361262" visible="true" version="12" changeset="174896884" timestamp="2025-11-20T09:12:41Z" user="Trần Thanh Tuấn" uid="16014056">
  <nd ref="2217869570"/>
  <nd ref="6760602357"/>
  <tag k="highway" v="secondary"/>
  <tag k="lanes" v="2"/>
  <tag k="maxheight" v="4.6"/>
  <tag k="name" v="Lê Văn Việt"/>
  <tag k="name:en" v="Le Van Viet"/>
  <tag k="name:vi" v="Lê Văn Việt"/>
  <tag k="oneway" v="yes"/>
  <tag k="surface" v="asphalt"/>
 </way>
 <way id="720361263" visible="true" version="11" changeset="174896884" timestamp="2025-11-20T09:12:41Z" user="Trần Thanh Tuấn" uid="16014056">
  <nd ref="2217869577"/>
  <nd ref="2024973316"/>
  <tag k="highway" v="secondary"/>
  <tag k="lanes" v="2"/>
  <tag k="maxheight" v="4.6"/>
  <tag k="oneway" v="yes"/>
  <tag k="surface" v="asphalt"/>
 </way>
 <way id="721758081" visible="true" version="2" changeset="143817607" timestamp="2023-11-09T11:13:42Z" user="hoanganhlami33" uid="14252795">
  <nd ref="2217824798"/>
  <nd ref="4066459095"/>
  <nd ref="6770669626"/>
  <nd ref="6770669625"/>
  <nd ref="6770669624"/>
  <nd ref="6770669623"/>
  <nd ref="6770669622"/>
  <nd ref="6770669621"/>
  <nd ref="6770669620"/>
  <nd ref="6770669637"/>
  <nd ref="676035152"/>
  <nd ref="2217824800"/>
  <nd ref="6770669636"/>
  <nd ref="6770669635"/>
  <nd ref="6770669634"/>
  <nd ref="6770669633"/>
  <nd ref="6770669632"/>
  <nd ref="6770669631"/>
  <nd ref="6770669630"/>
  <nd ref="6770669629"/>
  <nd ref="6770669628"/>
  <nd ref="6770669627"/>
  <nd ref="2217824798"/>
  <tag k="bridge:structure" v="beam"/>
  <tag k="layer" v="1"/>
  <tag k="man_made" v="bridge"/>
  <tag k="name" v="Cầu vượt Ngã tư Thủ Đức"/>
 </way>
 <way id="722357075" visible="true" version="10" changeset="174896884" timestamp="2025-11-20T09:12:41Z" user="Trần Thanh Tuấn" uid="16014056">
  <nd ref="11789253357"/>
  <nd ref="366438163"/>
  <tag k="hgv_articulated" v="no"/>
  <tag k="hgv:conditional" v="no @ (06:00-08:30,16:00-20:30)"/>
  <tag k="highway" v="secondary"/>
  <tag k="lanes" v="4"/>
  <tag k="name" v="Lê Văn Việt"/>
  <tag k="name:en" v="Le Van Viet"/>
  <tag k="surface" v="asphalt"/>
 </way>
 <way id="722357076" visible="true" version="5" changeset="150084399" timestamp="2024-04-16T13:01:50Z" user="phoenixsaigon1698" uid="3323343">
  <nd ref="6775745948"/>
  <nd ref="6775745947"/>
  <nd ref="6775745946"/>
  <nd ref="6775745945"/>
  <nd ref="6775745944"/>
  <nd ref="2024973084"/>
  <tag k="hgv_articulated" v="no"/>
  <tag k="hgv:conditional" v="no @ (06:00-08:30,16:00-20:30)"/>
  <tag k="highway" v="secondary_link"/>
  <tag k="lanes" v="1"/>
  <tag k="oneway" v="yes"/>
  <tag k="surface" v="asphalt"/>
 </way>
 <way id="722357077" visible="true" version="2" changeset="143817372" timestamp="2023-11-09T11:11:20Z" user="hoanganhlami33" uid="14252795">
  <nd ref="5765438177"/>
  <nd ref="5765438179"/>
  <tag k="footway" v="crossing"/>
  <tag k="highway" v="footway"/>
  <tag k="lit" v="yes"/>
  <tag k="surface" v="asphalt"/>
 </way>
 <way id="722555105" visible="true" version="3" changeset="92634309" timestamp="2020-10-17T16:29:18Z" user="Nguyễn Quốc Hợp" uid="1952010">
  <nd ref="6777736064"/>
  <nd ref="6777736063"/>
  <nd ref="6777736062"/>
  <nd ref="6777736061"/>
  <nd ref="6760602360"/>
  <tag k="highway" v="secondary_link"/>
  <tag k="lanes" v="1"/>
  <tag k="oneway" v="yes"/>
  <tag k="surface" v="asphalt"/>
 </way>
 <way id="722555106" visible="true" version="3" changeset="165543903" timestamp="2025-04-28T11:07:36Z" user="crgbsly" uid="9093997">
  <nd ref="6786715344"/>
  <nd ref="6777736065"/>
  <nd ref="2024973089"/>
  <nd ref="6777736059"/>
  <nd ref="6777736062"/>
  <tag k="footway" v="crossing"/>
  <tag k="highway" v="footway"/>
  <tag k="surface" v="asphalt"/>
 </way>
 <way id="722556033" visible="true" version="8" changeset="174896884" timestamp="2025-11-20T09:12:41Z" user="Trần Thanh Tuấn" uid="16014056">
  <nd ref="6760602357"/>
  <nd ref="4934947997"/>
  <tag k="highway" v="secondary"/>
  <tag k="lanes" v="3"/>
  <tag k="name" v="Lê Văn Việt"/>
  <tag k="name:en" v="Le Van Viet"/>
  <tag k="name:vi" v="Lê Văn Việt"/>
  <tag k="oneway" v="yes"/>
  <tag k="surface" v="asphalt"/>
 </way>
 <way id="722556034" visible="true" version="8" changeset="174896884" timestamp="2025-11-20T09:12:41Z" user="Trần Thanh Tuấn" uid="16014056">
  <nd ref="4934947997"/>
  <nd ref="6777736065"/>
  <nd ref="2024973084"/>
  <tag k="highway" v="secondary"/>
  <tag k="lanes" v="3"/>
  <tag k="name" v="Lê Văn Việt"/>
  <tag k="name:en" v="Le Van Viet"/>
  <tag k="name:vi" v="Lê Văn Việt"/>
  <tag k="oneway" v="yes"/>
  <tag k="surface" v="asphalt"/>
 </way>
 <way id="722556035" visible="true" version="6" changeset="168658995" timestamp="2025-07-08T16:42:15Z" user="HoangQuanHDFPV" uid="22644759">
  <nd ref="6775745948"/>
  <nd ref="6760602354"/>
  <nd ref="4934947997"/>
  <tag k="highway" v="secondary"/>
  <tag k="lanes" v="2"/>
  <tag k="name" v="Song Hành Võ Nguyên Giáp"/>
  <tag k="oneway" v="yes"/>
  <tag k="surface" v="asphalt"/>
  <tag k="turn:lanes" v="left|through"/>
 </way>
 <way id="723249849" visible="true" version="14" changeset="174896884" timestamp="2025-11-20T09:12:41Z" user="Trần Thanh Tuấn" uid="16014056">
  <nd ref="6775745940"/>
  <nd ref="5765438177"/>
  <nd ref="6777736064"/>
  <tag k="hgv:conditional" v="no @ (06:00-08:30,16:00-20:30)"/>
  <tag k="highway" v="secondary"/>
  <tag k="lanes" v="3"/>
  <tag k="name" v="Lê Văn Việt"/>
  <tag k="name:en" v="Le Van Viet"/>
  <tag k="name:vi" v="Lê Văn Việt"/>
  <tag k="oneway" v="yes"/>
  <tag k="surface" v="asphalt"/>
 </way>
 <way id="723594683" visible="true" version="4" changeset="172691654" timestamp="2025-10-01T07:18:54Z" user="Kaduna" uid="20432991">
  <nd ref="6786715345"/>
  <nd ref="4934947999"/>
  <tag k="hgv_articulated:conditional" v="no @ (06:00-22:00)"/>
  <tag k="highway" v="secondary"/>
  <tag k="lanes" v="3"/>
  <tag k="lanes:backward" v="1"/>
  <tag k="lanes:forward" v="2"/>
  <tag k="name" v="Đường Song Hành Xa lộ Hà Nội"/>
  <tag k="surface" v="asphalt"/>
  <tag k="turn:lanes:forward" v="through;right|through;right"/>
 </way>
 <way id="723594684" visible="true" version="3" changeset="168658995" timestamp="2025-07-08T16:42:15Z" user="HoangQuanHDFPV" uid="22644759">
  <nd ref="4934948000"/>
  <nd ref="6786715345"/>
  <tag k="hgv_articulated:conditional" v="no @ (06:00-22:00)"/>
  <tag k="highway" v="secondary"/>
  <tag k="lanes" v="3"/>
  <tag k="lanes:backward" v="1"/>
  <tag k="lanes:forward" v="2"/>
  <tag k="name" v="Song Hành Võ Nguyên Giáp"/>
  <tag k="surface" v="asphalt"/>
 </way>
 <way id="899872956" visible="true" version="2" changeset="98123496" timestamp="2021-01-25T12:51:54Z" user="ma_dhu" uid="11909955">
  <nd ref="8360820559"/>
  <nd ref="8360817939"/>
  <nd ref="8360820558"/>
  <nd ref="8360820557"/>
  <tag k="highway" v="service"/>
 </way>
 <way id="1046512485" visible="true" version="1" changeset="119115752" timestamp="2022-03-30T12:58:05Z" user="gan_ven" uid="11732251">
  <nd ref="9623863680"/>
  <nd ref="9623863679"/>
  <nd ref="9623863678"/>
  <nd ref="9623863677"/>
  <nd ref="9623863680"/>
  <tag k="building" v="yes"/>
 </way>
 <way id="1046761525" visible="true" version="1" changeset="119145492" timestamp="2022-03-31T07:24:35Z" user="ksiddhartha" uid="13057213">
  <nd ref="9625732275"/>
  <nd ref="9625732274"/>
  <nd ref="9625732273"/>
  <nd ref="9625732272"/>
  <nd ref="9625732275"/>
  <tag k="building" v="yes"/>
 </way>
 <way id="1059676925" visible="true" version="3" changeset="120905797" timestamp="2022-05-12T20:40:16Z" user="Tommybara" uid="12198525">
  <nd ref="9735771289"/>
  <nd ref="9735846922"/>
  <nd ref="9735846921"/>
  <nd ref="9735846919"/>
  <nd ref="9735846918"/>
  <nd ref="9735846917"/>
  <nd ref="9735771316"/>
  <nd ref="9735771315"/>
  <nd ref="9735771312"/>
  <nd ref="9735771311"/>
  <nd ref="9735771310"/>
  <nd ref="9735771309"/>
  <nd ref="9735771308"/>
  <nd ref="9735771307"/>
  <nd ref="9735771306"/>
  <nd ref="9735771305"/>
  <nd ref="9735873055"/>
  <nd ref="9735873054"/>
  <nd ref="9735771302"/>
  <nd ref="9735771301"/>
  <nd ref="9735771300"/>
  <nd ref="9735771299"/>
  <nd ref="9735771298"/>
  <nd ref="9735771297"/>
  <nd ref="9735771296"/>
  <nd ref="9735771295"/>
  <nd ref="9735771294"/>
  <nd ref="9735771293"/>
  <nd ref="9735771292"/>
  <nd ref="9735771291"/>
  <nd ref="9735771290"/>
  <nd ref="9735846920"/>
  <nd ref="9735771288"/>
  <nd ref="9735771289"/>
  <tag k="layer" v="1"/>
  <tag k="man_made" v="bridge"/>
 </way>
 <way id="1104943514" visible="true" version="2" changeset="165543903" timestamp="2025-04-28T11:07:36Z" user="crgbsly" uid="9093997">
  <nd ref="10111266667"/>
  <nd ref="10111266668"/>
  <nd ref="12794530690"/>
  <tag k="crossing" v="marked"/>
  <tag k="crossing:markings" v="yes"/>
  <tag k="footway" v="crossing"/>
  <tag k="highway" v="footway"/>
 </way>
 <way id="1106838009" visible="true" version="4" changeset="165543903" timestamp="2025-04-28T11:07:36Z" user="crgbsly" uid="9093997">
  <nd ref="12794530687"/>
  <nd ref="10128118042"/>
  <nd ref="4066470692"/>
  <tag k="crossing" v="marked"/>
  <tag k="crossing:markings" v="yes"/>
  <tag k="footway" v="crossing"/>
  <tag k="highway" v="footway"/>
  <tag k="lit" v="yes"/>
  <tag k="surface" v="asphalt"/>
 </way>
 <way id="1106838010" visible="true" version="3" changeset="165543903" timestamp="2025-04-28T11:07:36Z" user="crgbsly" uid="9093997">
  <nd ref="12794530688"/>
  <nd ref="9295180810"/>
  <nd ref="6760602352"/>
  <nd ref="12794530689"/>
  <tag k="crossing" v="marked"/>
  <tag k="crossing:markings" v="yes"/>
  <tag k="footway" v="crossing"/>
  <tag k="highway" v="footway"/>
  <tag k="surface" v="asphalt"/>
 </way>
 <way id="1137128326" visible="true" version="4" changeset="174896884" timestamp="2025-11-20T09:12:41Z" user="Trần Thanh Tuấn" uid="16014056">
  <nd ref="6760602358"/>
  <nd ref="2217869577"/>
  <tag k="highway" v="secondary"/>
  <tag k="lanes" v="2"/>
  <tag k="maxheight" v="4.6"/>
  <tag k="oneway" v="yes"/>
  <tag k="surface" v="asphalt"/>
 </way>
 <way id="1149832778" visible="true" version="2" changeset="168659085" timestamp="2025-07-08T16:45:08Z" user="HoangQuanHDFPV" uid="22644759">
  <nd ref="4934947995"/>
  <nd ref="5778630718"/>
  <nd ref="6760639552"/>
  <nd ref="6786693848"/>
  <nd ref="5778630695"/>
  <nd ref="4934947993"/>
  <nd ref="6786741683"/>
  <tag k="bus" v="no"/>
  <tag k="hgv" v="no"/>
  <tag k="hgv_articulated:conditional" v="no @ (06:00-22:00)"/>
  <tag k="highway" v="secondary"/>
  <tag k="lanes" v="3"/>
  <tag k="lanes:backward" v="1"/>
  <tag k="lanes:forward" v="2"/>
  <tag k="name" v="Song Hành Xa Lộ Hà Nội"/>
  <tag k="surface" v="asphalt"/>
 </way>
 <way id="1215970290" visible="true" version="5" changeset="174896884" timestamp="2025-11-20T09:12:41Z" user="Trần Thanh Tuấn" uid="16014056">
  <nd ref="2024972787"/>
  <nd ref="2024973276"/>
  <nd ref="2024972996"/>
  <nd ref="2024972846"/>
  <nd ref="10111266667"/>
  <nd ref="2024973002"/>
  <tag k="highway" v="secondary"/>
  <tag k="lanes" v="2"/>
  <tag k="name" v="Võ Văn Ngân"/>
  <tag k="name:en" v="Vo Van Ngan Street"/>
  <tag k="name:vi" v="Võ Văn Ngân"/>
  <tag k="name:zh" v="武文银路"/>
  <tag k="oneway" v="yes"/>
  <tag k="surface" v="asphalt"/>
 </way>
 <way id="1269264063" visible="true" version="1" changeset="149595892" timestamp="2024-04-05T04:35:23Z" user="edumiz624" uid="20881381">
  <nd ref="2217869570"/>
  <nd ref="2217869577"/>
  <tag k="highway" v="trunk"/>
  <tag k="lanes" v="2"/>
  <tag k="maxspeed" v="60"/>
  <tag k="name" v="Xa lộ Hà Nội"/>
  <tag k="oneway" v="yes"/>
  <tag k="surface" v="asphalt"/>
 </way>
 <way id="1269264064" visible="true" version="5" changeset="174896884" timestamp="2025-11-20T09:12:41Z" user="Trần Thanh Tuấn" uid="16014056">
  <nd ref="2024973316"/>
  <nd ref="10111266668"/>
  <nd ref="4066458581"/>
  <nd ref="2024972708"/>
  <tag k="highway" v="secondary"/>
  <tag k="lanes" v="2"/>
  <tag k="name" v="Võ Văn Ngân"/>
  <tag k="name:en" v="Vo Van Ngan Street"/>
  <tag k="name:vi" v="Võ Văn Ngân"/>
  <tag k="oneway" v="yes"/>
  <tag k="surface" v="asphalt"/>
 </way>
 <way id="1270139985" visible="true" version="2" changeset="151152464" timestamp="2024-05-10T15:32:57Z" user="Fintan78" uid="21469441">
  <nd ref="2024973316"/>
  <nd ref="2024973002"/>
  <tag k="bicycle" v="yes"/>
  <tag k="highway" v="trunk"/>
  <tag k="lanes" v="5"/>
  <tag k="maxspeed" v="60"/>
  <tag k="name" v="Xa lộ Hà Nội"/>
  <tag k="oneway" v="yes"/>
  <tag k="surface" v="asphalt"/>
 </way>
 <way id="1270828724" visible="true" version="5" changeset="174896884" timestamp="2025-11-20T09:12:41Z" user="Trần Thanh Tuấn" uid="16014056">
  <nd ref="6775745943"/>
  <nd ref="6775745942"/>
  <nd ref="11789253357"/>
  <tag k="hgv_articulated" v="no"/>
  <tag k="hgv:conditional" v="no @ (06:00-08:30,16:00-20:30)"/>
  <tag k="highway" v="secondary"/>
  <tag k="lanes" v="3"/>
  <tag k="name" v="Lê Văn Việt"/>
  <tag k="name:en" v="Le Van Viet"/>
  <tag k="name:vi" v="Lê Văn Việt"/>
  <tag k="oneway" v="yes"/>
  <tag k="surface" v="asphalt"/>
 </way>
 <way id="1270828725" visible="true" version="1" changeset="149725297" timestamp="2024-04-08T09:16:18Z" user="phoenixsaigon1698" uid="3323343">
  <nd ref="6775745940"/>
  <nd ref="6775745943"/>
  <tag k="highway" v="tertiary"/>
  <tag k="name" v="Đường Quang Trung"/>
  <tag k="name:en" v="Quang Trung"/>
  <tag k="surface" v="asphalt"/>
 </way>
 <way id="1270828726" visible="true" version="5" changeset="174896884" timestamp="2025-11-20T09:12:41Z" user="Trần Thanh Tuấn" uid="16014056">
  <nd ref="11789253357"/>
  <nd ref="6775745941"/>
  <nd ref="6775745940"/>
  <tag k="hgv:conditional" v="no @ (06:00-08:30,16:00-20:30)"/>
  <tag k="highway" v="secondary"/>
  <tag k="lanes" v="3"/>
  <tag k="name" v="Lê Văn Việt"/>
  <tag k="name:en" v="Le Van Viet"/>
  <tag k="name:vi" v="Lê Văn Việt"/>
  <tag k="oneway" v="yes"/>
  <tag k="surface" v="asphalt"/>
 </way>
 <way id="1272225923" visible="true" version="5" changeset="174896884" timestamp="2025-11-20T09:12:41Z" user="Trần Thanh Tuấn" uid="16014056">
  <nd ref="6777736064"/>
  <nd ref="2024973089"/>
  <nd ref="4934947996"/>
  <nd ref="6760602358"/>
  <tag k="hgv:conditional" v="no @ (06:00-08:30,16:00-20:30)"/>
  <tag k="highway" v="secondary"/>
  <tag k="lanes" v="3"/>
  <tag k="name" v="Lê Văn Việt"/>
  <tag k="name:en" v="Le Van Viet"/>
  <tag k="name:vi" v="Lê Văn Việt"/>
  <tag k="oneway" v="yes"/>
  <tag k="surface" v="asphalt"/>
 </way>
 <way id="1272225924" visible="true" version="2" changeset="168659085" timestamp="2025-07-08T16:45:08Z" user="HoangQuanHDFPV" uid="22644759">
  <nd ref="4934947997"/>
  <nd ref="4934947996"/>
  <nd ref="6760602350"/>
  <nd ref="6760602360"/>
  <tag k="highway" v="secondary"/>
  <tag k="lanes" v="2"/>
  <tag k="name" v="Song Hành Xa Lộ Hà Nội"/>
  <tag k="oneway" v="yes"/>
  <tag k="surface" v="asphalt"/>
 </way>
 <way id="1352135550" visible="true" version="3" changeset="178511807" timestamp="2026-02-13T16:04:10Z" user="KimChinhTri" uid="4892796">
  <nd ref="12509924785"/>
  <nd ref="3385455008"/>
  <nd ref="12509924756"/>
  <nd ref="12509924757"/>
  <nd ref="12509924755"/>
  <nd ref="12509924754"/>
  <nd ref="12509924753"/>
  <nd ref="12509924750"/>
  <nd ref="12509924752"/>
  <nd ref="12509924626"/>
  <tag k="boundary" v="administrative"/>
 </way>
 <way id="1352135551" visible="true" version="5" changeset="178527348" timestamp="2026-02-14T02:05:15Z" user="KimChinhTri" uid="4892796">
  <nd ref="12509924646"/>
  <nd ref="12509924775"/>
  <nd ref="12512421931"/>
  <nd ref="12509924788"/>
  <nd ref="12509924789"/>
  <nd ref="12509924773"/>
  <nd ref="12509924772"/>
  <nd ref="12509924785"/>
  <tag k="admin_level" v="6"/>
  <tag k="boundary" v="administrative"/>
 </way>
 <way id="1372599109" visible="true" version="2" changeset="164236566" timestamp="2025-03-29T07:13:54Z" user="hoanganhlami33" uid="14252795">
  <nd ref="12709353611"/>
  <nd ref="12709353617"/>
  <nd ref="12709353613"/>
  <nd ref="12709353612"/>
  <nd ref="12709353618"/>
  <nd ref="12709353616"/>
  <nd ref="12709353615"/>
  <nd ref="12709353610"/>
  <nd ref="12709353619"/>
  <nd ref="12709353614"/>
  <nd ref="12709353611"/>
  <tag k="addr:city" v="Thành phố Thủ Đức"/>
  <tag k="addr:housenumber" v="191"/>
  <tag k="addr:province" v="Thành phố Hồ Chí Minh"/>
  <tag k="addr:street" v="Đường Quang Trung"/>
  <tag k="addr:subdistrict" v="Phường Hiệp Phú"/>
  <tag k="landuse" v="retail"/>
  <tag k="name" v="Coopmart"/>
  <tag k="shop" v="supermarket"/>
 </way>
 <way id="1381966660" visible="true" version="1" changeset="165543903" timestamp="2025-04-28T11:07:36Z" user="crgbsly" uid="9093997">
  <nd ref="12794530697"/>
  <nd ref="6775745945"/>
  <nd ref="6786715344"/>
  <tag k="crossing" v="uncontrolled"/>
  <tag k="crossing:markings" v="yes"/>
  <tag k="footway" v="crossing"/>
  <tag k="highway" v="footway"/>
  <tag k="surface" v="asphalt"/>
 </way>
 <way id="1385625111" visible="true" version="4" changeset="172691654" timestamp="2025-10-01T07:18:54Z" user="Kaduna" uid="20432991">
  <nd ref="12969661020"/>
  <nd ref="12969661021"/>
  <nd ref="5456033301"/>
  <tag k="highway" v="trunk_link"/>
  <tag k="lanes" v="1"/>
  <tag k="oneway" v="yes"/>
 </way>
 <way id="1455936096" visible="true" version="1" changeset="175477042" timestamp="2025-12-04T07:54:41Z" user="KimChinhTri" uid="4892796">
  <nd ref="12501275243"/>
  <nd ref="12501275245"/>
  <nd ref="12501275246"/>
  <nd ref="12501275248"/>
  <nd ref="12501275247"/>
  <nd ref="12501275249"/>
  <nd ref="12501275250"/>
  <nd ref="12501275252"/>
  <nd ref="12501275251"/>
  <nd ref="12501275257"/>
  <nd ref="12501275253"/>
  <nd ref="12501275254"/>
  <nd ref="12501275255"/>
  <nd ref="12501275256"/>
  <nd ref="12501275258"/>
  <nd ref="12501275260"/>
  <nd ref="12501275259"/>
  <nd ref="12501275261"/>
  <nd ref="12501275263"/>
  <nd ref="12509924784"/>
  <nd ref="12509924781"/>
  <nd ref="2954781348"/>
  <nd ref="4778103374"/>
  <nd ref="4778058482"/>
  <nd ref="12509924785"/>
  <tag k="admin_level" v="6"/>
  <tag k="boundary" v="administrative"/>
 </way>
 <way id="1484447761" visible="true" version="2" changeset="180285098" timestamp="2026-03-23T06:21:12Z" user="Thach Ngo" uid="23967124">
  <nd ref="13610877670"/>
  <nd ref="6576350774"/>
  <nd ref="6655081336"/>
  <nd ref="6633732147"/>
  <nd ref="6576350773"/>
  <nd ref="6576350772"/>
  <nd ref="6633732149"/>
  <nd ref="9757199580"/>
  <nd ref="9757199568"/>
  <nd ref="6655081362"/>
  <nd ref="6576350771"/>
  <nd ref="6633732153"/>
  <nd ref="6633732151"/>
  <nd ref="6576350770"/>
  <nd ref="6576350769"/>
  <nd ref="6655081360"/>
  <nd ref="6655081358"/>
  <nd ref="6655081356"/>
  <nd ref="6655081354"/>
  <nd ref="6633732155"/>
  <nd ref="6655081352"/>
  <nd ref="6655081351"/>
  <nd ref="6655081350"/>
  <nd ref="6655081349"/>
  <nd ref="6655081348"/>
  <nd ref="6655081347"/>
  <nd ref="6655081346"/>
  <nd ref="6655081345"/>
  <nd ref="6655081319"/>
  <nd ref="6655081316"/>
  <nd ref="6655081344"/>
  <nd ref="6655081343"/>
  <nd ref="6655081342"/>
  <nd ref="6655081341"/>
  <nd ref="6655081340"/>
  <nd ref="6655081339"/>
  <nd ref="13124699106"/>
  <nd ref="7623560073"/>
  <nd ref="6655081338"/>
  <nd ref="7623560038"/>
  <nd ref="7623560030"/>
  <nd ref="7623560029"/>
  <nd ref="7623560028"/>
  <nd ref="7623715031"/>
  <nd ref="7623560017"/>
  <nd ref="7623560027"/>
  <nd ref="7623560020"/>
  <nd ref="7623560019"/>
  <nd ref="7623560086"/>
  <nd ref="7623560085"/>
  <nd ref="7623560084"/>
  <nd ref="6655081337"/>
  <tag k="alt_name:zh" v="越南高鐵"/>
  <tag k="bridge" v="viaduct"/>
  <tag k="description" v="travel ttime between Hanoi - Ho Chi Minh City will reduce to within 6 hourss, from 30+ hour of existing train"/>
  <tag k="distance" v="2,070;1,286.2 mi"/>
  <tag k="from" v="Ga Đồng Đăng (Lạng Sơn)"/>
  <tag k="highspeed" v="yes"/>
  <tag k="layer" v="2"/>
  <tag k="maxspeed" v="350"/>
  <tag k="name" v="Đường sắt cao tốc Bắc - Nam"/>
  <tag k="name:en" v="Vietnam North–South Express Railway"/>
  <tag k="name:es" v="Tren de alta velocidad Hanoi - ciudad Ho Chi Minh"/>
  <tag k="name:fr" v="Ligne à grande vitesse Nord-Sud au Viêt Nam"/>
  <tag k="name:ja" v="ベトナム南北高速鉄道"/>
  <tag k="name:th" v="รถไฟความเร็วสูงสายเหนือ-ใต้ (เวียดนาม)"/>
  <tag k="name:zh" v="越南南北高速鐵路"/>
  <tag k="network" v="VN:railway"/>
  <tag k="proposed" v="rail"/>
  <tag k="proposed:electrified" v="contact_line"/>
  <tag k="proposed:frequency" v="60"/>
  <tag k="proposed:gauge" v="1435"/>
  <tag k="proposed:railway" v="rail"/>
  <tag k="proposed:railway:etcs" v="2"/>
  <tag k="proposed:voltage" v="25000"/>
  <tag k="railway" v="abandoned"/>
  <tag k="to" v="Ga Năm Căn (Cà Mau)"/>
  <tag k="usage" v="main"/>
  <tag k="wikidata" v="Q425889"/>
  <tag k="wikipedia" v="vi:Đường sắt cao tốc Bắc – Nam"/>
 </way>
 <way id="1484447762" visible="true" version="1" changeset="179235698" timestamp="2026-03-02T04:35:28Z" user="Heo Tham An" uid="23305067">
  <nd ref="13610877669"/>
  <nd ref="6576385434"/>
  <nd ref="6655081336"/>
  <nd ref="6633732146"/>
  <nd ref="6576385433"/>
  <nd ref="6576385432"/>
  <nd ref="6633732148"/>
  <nd ref="9757199565"/>
  <nd ref="9757199577"/>
  <nd ref="6655081361"/>
  <nd ref="6576385431"/>
  <nd ref="6633732152"/>
  <nd ref="6633732150"/>
  <nd ref="6576385430"/>
  <nd ref="6576385429"/>
  <nd ref="6655081359"/>
  <nd ref="6655081357"/>
  <nd ref="6655081355"/>
  <nd ref="6655081353"/>
  <nd ref="6633732154"/>
  <nd ref="6655081335"/>
  <nd ref="6655081334"/>
  <nd ref="6655081333"/>
  <nd ref="6655081332"/>
  <nd ref="6655081331"/>
  <nd ref="6655081330"/>
  <nd ref="6655081329"/>
  <nd ref="6655081328"/>
  <nd ref="6655081318"/>
  <nd ref="6655081317"/>
  <nd ref="6655081327"/>
  <nd ref="6655081326"/>
  <nd ref="6655081325"/>
  <nd ref="6655081324"/>
  <nd ref="6655081323"/>
  <nd ref="6655081322"/>
  <nd ref="7623560071"/>
  <nd ref="6655081321"/>
  <nd ref="7623560037"/>
  <nd ref="7623560026"/>
  <nd ref="7623560024"/>
  <nd ref="7623560023"/>
  <nd ref="7623715030"/>
  <nd ref="7623560015"/>
  <nd ref="7623560025"/>
  <nd ref="7623560092"/>
  <nd ref="7623560091"/>
  <nd ref="7623560090"/>
  <nd ref="7623560089"/>
  <nd ref="7623560088"/>
  <nd ref="7623560087"/>
  <nd ref="6655081320"/>
  <tag k="alt_name:zh" v="越南高鐵"/>
  <tag k="bridge" v="viaduct"/>
  <tag k="description" v="Travel time between Hanoi - Ho Chi Minh City will be reduced to within 6 hours, from 30+ hours of the existing train"/>
  <tag k="distance" v="2070"/>
  <tag k="from" v="Ga Đồng Đăng (Lạng Sơn)"/>
  <tag k="highspeed" v="yes"/>
  <tag k="layer" v="2"/>
  <tag k="maxspeed" v="350"/>
  <tag k="name" v="Đường sắt cao tốc Bắc - Nam"/>
  <tag k="name:en" v="Vietnam North–South Express Railway"/>
  <tag k="name:es" v="Tren de alta velocidad Hanoi - ciudad Ho Chi Minh"/>
  <tag k="name:fr" v="Ligne à grande vitesse Nord-Sud au Viêt Nam"/>
  <tag k="network" v="VN:railway"/>
  <tag k="proposed" v="rail"/>
  <tag k="proposed:electrified" v="contact_line"/>
  <tag k="proposed:frequency" v="60"/>
  <tag k="proposed:gauge" v="1435"/>
  <tag k="proposed:railway" v="rail"/>
  <tag k="proposed:railway:etcs" v="2"/>
  <tag k="proposed:voltage" v="25000"/>
  <tag k="railway" v="proposed"/>
  <tag k="to" v="Ga Năm Căn (Cà Mau)"/>
  <tag k="usage" v="main"/>
  <tag k="wikidata" v="Q425889"/>
  <tag k="wikipedia" v="vi:Đường sắt cao tốc Bắc – Nam"/>
 </way>
 <relation id="1973756" visible="true" version="260" changeset="179862626" timestamp="2026-03-14T15:51:19Z" user="Trần Thanh Tuấn" uid="16014056">
  <member type="node" ref="369486734" role="admin_centre"/>
  <member type="way" ref="1414373817" role="outer"/>
  <member type="way" ref="1000606011" role="outer"/>
  <member type="way" ref="1000606012" role="outer"/>
  <member type="way" ref="1414571039" role="outer"/>
  <member type="way" ref="1414373824" role="outer"/>
  <member type="way" ref="1000616047" role="outer"/>
  <member type="way" ref="1000616045" role="outer"/>
  <member type="way" ref="1000616046" role="outer"/>
  <member type="way" ref="1000616044" role="outer"/>
  <member type="way" ref="1000616043" role="outer"/>
  <member type="way" ref="1000616042" role="outer"/>
  <member type="way" ref="486392495" role="outer"/>
  <member type="way" ref="501631548" role="outer"/>
  <member type="way" ref="1005464159" role="outer"/>
  <member type="way" ref="501631554" role="outer"/>
  <member type="way" ref="1005464163" role="outer"/>
  <member type="way" ref="1459311026" role="outer"/>
  <member type="way" ref="205958089" role="outer"/>
  <member type="way" ref="486715826" role="outer"/>
  <member type="way" ref="1454690117" role="outer"/>
  <member type="way" ref="515126246" role="outer"/>
  <member type="way" ref="1454690105" role="outer"/>
  <member type="way" ref="1454690140" role="outer"/>
  <member type="way" ref="1454690143" role="outer"/>
  <member type="way" ref="140643239" role="outer"/>
  <member type="way" ref="486392497" role="outer"/>
  <member type="way" ref="369220581" role="outer"/>
  <member type="way" ref="268630061" role="outer"/>
  <member type="way" ref="759957520" role="outer"/>
  <member type="way" ref="272046762" role="outer"/>
  <member type="way" ref="600621996" role="outer"/>
  <member type="way" ref="600637929" role="outer"/>
  <member type="way" ref="569653394" role="outer"/>
  <member type="way" ref="486287481" role="outer"/>
  <member type="way" ref="572820930" role="outer"/>
  <member type="way" ref="600637943" role="outer"/>
  <member type="way" ref="1408274085" role="outer"/>
  <member type="way" ref="486385145" role="outer"/>
  <member type="way" ref="1395819262" role="outer"/>
  <member type="way" ref="140651157" role="outer"/>
  <member type="way" ref="852243424" role="outer"/>
  <member type="way" ref="864505295" role="outer"/>
  <member type="way" ref="300768176" role="outer"/>
  <member type="way" ref="833728154" role="outer"/>
  <member type="way" ref="140642187" role="outer"/>
  <member type="way" ref="289462902" role="outer"/>
  <member type="way" ref="1171440026" role="outer"/>
  <member type="way" ref="289462917" role="outer"/>
  <member type="way" ref="289462916" role="outer"/>
  <member type="way" ref="289462910" role="outer"/>
  <member type="way" ref="300768011" role="outer"/>
  <member type="way" ref="1013531640" role="outer"/>
  <member type="way" ref="1013531636" role="outer"/>
  <member type="way" ref="118908344" role="outer"/>
  <member type="way" ref="515126243" role="outer"/>
  <member type="way" ref="486715824" role="outer"/>
  <member type="way" ref="607618302" role="outer"/>
  <member type="way" ref="1469958954" role="outer"/>
  <member type="way" ref="606600078" role="outer"/>
  <member type="way" ref="1469958950" role="outer"/>
  <member type="way" ref="1469958948" role="outer"/>
  <member type="way" ref="1469958944" role="outer"/>
  <member type="way" ref="1469958941" role="outer"/>
  <member type="way" ref="1469958940" role="outer"/>
  <member type="way" ref="1469958939" role="outer"/>
  <member type="way" ref="1469958935" role="outer"/>
  <member type="way" ref="1469958929" role="outer"/>
  <member type="way" ref="532477302" role="outer"/>
  <member type="way" ref="1469958928" role="outer"/>
  <member type="way" ref="1006829224" role="outer"/>
  <member type="way" ref="1460270308" role="outer"/>
  <member type="way" ref="1460192579" role="outer"/>
  <member type="way" ref="1460192578" role="outer"/>
  <member type="way" ref="1460192577" role="outer"/>
  <member type="way" ref="1460192576" role="outer"/>
  <member type="way" ref="606609439" role="outer"/>
  <member type="way" ref="1460192572" role="outer"/>
  <member type="way" ref="1460192570" role="outer"/>
  <member type="way" ref="1460192571" role="outer"/>
  <member type="way" ref="1006860015" role="outer"/>
  <member type="way" ref="1460192565" role="outer"/>
  <member type="way" ref="1460192564" role="outer"/>
  <member type="way" ref="1449405904" role="outer"/>
  <member type="way" ref="1449664728" role="outer"/>
  <member type="way" ref="1449654015" role="outer"/>
  <member type="way" ref="1449654012" role="outer"/>
  <member type="way" ref="1449405905" role="outer"/>
  <member type="way" ref="1449405909" role="outer"/>
  <member type="way" ref="1449405910" role="outer"/>
  <member type="way" ref="1006862428" role="outer"/>
  <member type="way" ref="1449405863" role="outer"/>
  <member type="way" ref="1006862429" role="outer"/>
  <member type="way" ref="1449405864" role="outer"/>
  <member type="way" ref="1443389594" role="outer"/>
  <member type="way" ref="1443389593" role="outer"/>
  <member type="way" ref="1443389592" role="outer"/>
  <member type="way" ref="1443389550" role="outer"/>
  <member type="way" ref="1443389551" role="outer"/>
  <member type="way" ref="606263411" role="outer"/>
  <member type="way" ref="514726105" role="outer"/>
  <member type="way" ref="1450881623" role="outer"/>
  <member type="way" ref="606280131" role="outer"/>
  <member type="way" ref="1450881687" role="outer"/>
  <member type="way" ref="1450881645" role="outer"/>
  <member type="way" ref="684805597" role="outer"/>
  <member type="way" ref="1450881668" role="outer"/>
  <member type="way" ref="1450881627" role="outer"/>
  <member type="way" ref="514726103" role="outer"/>
  <member type="way" ref="1466956507" role="outer"/>
  <member type="way" ref="684805589" role="outer"/>
  <member type="way" ref="486718196" role="outer"/>
  <member type="way" ref="684907760" role="outer"/>
  <member type="way" ref="530221399" role="outer"/>
  <member type="way" ref="684907752" role="outer"/>
  <member type="way" ref="530029792" role="outer"/>
  <member type="way" ref="684805581" role="outer"/>
  <member type="way" ref="118908598" role="outer"/>
  <member type="way" ref="1116710906" role="outer"/>
  <member type="way" ref="530029790" role="outer"/>
  <member type="way" ref="1451023153" role="outer"/>
  <member type="way" ref="1451023140" role="outer"/>
  <member type="way" ref="1116710907" role="outer"/>
  <member type="way" ref="1132934293" role="outer"/>
  <member type="way" ref="140641217" role="outer"/>
  <member type="way" ref="1132934286" role="outer"/>
  <member type="way" ref="1132934281" role="outer"/>
  <member type="way" ref="481780813" role="outer"/>
  <member type="way" ref="1169287187" role="outer"/>
  <member type="way" ref="901859339" role="outer"/>
  <member type="way" ref="1183945355" role="outer"/>
  <member type="way" ref="1183945340" role="outer"/>
  <member type="way" ref="1183945337" role="outer"/>
  <member type="way" ref="1413468683" role="outer"/>
  <member type="way" ref="1200988863" role="outer"/>
  <member type="way" ref="1470429006" role="outer"/>
  <member type="way" ref="1413468678" role="outer"/>
  <member type="way" ref="1200988862" role="outer"/>
  <member type="way" ref="1396161603" role="outer"/>
  <member type="way" ref="1470428993" role="outer"/>
  <member type="way" ref="1200988860" role="outer"/>
  <member type="way" ref="1470429046" role="outer"/>
  <member type="way" ref="1200988859" role="outer"/>
  <member type="way" ref="1200988857" role="outer"/>
  <member type="way" ref="1200988858" role="outer"/>
  <member type="way" ref="1200988856" role="outer"/>
  <member type="way" ref="1200988855" role="outer"/>
  <member type="way" ref="1200988854" role="outer"/>
  <member type="way" ref="1145574798" role="outer"/>
  <member type="way" ref="1145574795" role="outer"/>
  <member type="way" ref="1200988853" role="outer"/>
  <member type="way" ref="1200988852" role="outer"/>
  <member type="way" ref="1472987313" role="outer"/>
  <member type="way" ref="1198519154" role="outer"/>
  <member type="way" ref="1198519156" role="outer"/>
  <member type="way" ref="1198519158" role="outer"/>
  <member type="way" ref="1198519159" role="outer"/>
  <member type="way" ref="1134404424" role="outer"/>
  <member type="way" ref="1198519160" role="outer"/>
  <member type="way" ref="140643241" role="outer"/>
  <member type="way" ref="486436626" role="outer"/>
  <member type="way" ref="1126148470" role="outer"/>
  <member type="way" ref="1126148468" role="outer"/>
  <member type="way" ref="1207431371" role="outer"/>
  <member type="way" ref="1126148492" role="outer"/>
  <member type="way" ref="986082737" role="outer"/>
  <member type="way" ref="1488872320" role="outer"/>
  <member type="way" ref="986067455" role="outer"/>
  <member type="way" ref="1414561939" role="outer"/>
  <member type="way" ref="1414561941" role="outer"/>
  <member type="way" ref="1414571054" role="outer"/>
  <member type="way" ref="1488872322" role="outer"/>
  <member type="way" ref="1488872309" role="outer"/>
  <member type="way" ref="1488872323" role="outer"/>
  <member type="way" ref="1488872319" role="outer"/>
  <member type="way" ref="1488872310" role="outer"/>
  <member type="way" ref="1488872321" role="outer"/>
  <member type="way" ref="1000616051" role="outer"/>
  <member type="way" ref="1454069585" role="outer"/>
  <member type="relation" ref="19260504" role="subarea"/>
  <member type="relation" ref="19260505" role="subarea"/>
  <member type="relation" ref="19260546" role="subarea"/>
  <member type="relation" ref="19260503" role="subarea"/>
  <member type="relation" ref="19260502" role="subarea"/>
  <member type="relation" ref="19260547" role="subarea"/>
  <member type="relation" ref="19260545" role="subarea"/>
  <member type="relation" ref="19260588" role="subarea"/>
  <member type="relation" ref="19260589" role="subarea"/>
  <member type="relation" ref="19260590" role="subarea"/>
  <member type="relation" ref="19260683" role="subarea"/>
  <member type="relation" ref="19260682" role="subarea"/>
  <member type="relation" ref="19260681" role="subarea"/>
  <member type="relation" ref="19260736" role="subarea"/>
  <member type="relation" ref="19260735" role="subarea"/>
  <member type="relation" ref="19260734" role="subarea"/>
  <member type="relation" ref="19260733" role="subarea"/>
  <member type="relation" ref="19260926" role="subarea"/>
  <member type="relation" ref="19260927" role="subarea"/>
  <member type="relation" ref="19260925" role="subarea"/>
  <member type="relation" ref="19260758" role="subarea"/>
  <member type="relation" ref="19260759" role="subarea"/>
  <member type="relation" ref="19260760" role="subarea"/>
  <member type="relation" ref="19260761" role="subarea"/>
  <member type="relation" ref="19260771" role="subarea"/>
  <member type="relation" ref="19260770" role="subarea"/>
  <member type="relation" ref="19260769" role="subarea"/>
  <member type="relation" ref="19260955" role="subarea"/>
  <member type="relation" ref="19260956" role="subarea"/>
  <member type="relation" ref="19260957" role="subarea"/>
  <member type="relation" ref="19260954" role="subarea"/>
  <member type="relation" ref="19260953" role="subarea"/>
  <member type="relation" ref="19261675" role="subarea"/>
  <member type="relation" ref="19261674" role="subarea"/>
  <member type="relation" ref="19261676" role="subarea"/>
  <member type="relation" ref="19261093" role="subarea"/>
  <member type="relation" ref="19261092" role="subarea"/>
  <member type="relation" ref="19261094" role="subarea"/>
  <member type="relation" ref="19261095" role="subarea"/>
  <member type="relation" ref="19261096" role="subarea"/>
  <member type="relation" ref="19261097" role="subarea"/>
  <member type="relation" ref="19261238" role="subarea"/>
  <member type="relation" ref="19261234" role="subarea"/>
  <member type="relation" ref="19261235" role="subarea"/>
  <member type="relation" ref="19261236" role="subarea"/>
  <member type="relation" ref="19261237" role="subarea"/>
  <member type="relation" ref="19261233" role="subarea"/>
  <member type="relation" ref="7351897" role="subarea"/>
  <member type="relation" ref="7364739" role="subarea"/>
  <member type="relation" ref="7370760" role="subarea"/>
  <member type="relation" ref="7138137" role="subarea"/>
  <member type="relation" ref="7144243" role="subarea"/>
  <member type="relation" ref="8427050" role="subarea"/>
  <member type="relation" ref="7138136" role="subarea"/>
  <member type="relation" ref="7342307" role="subarea"/>
  <member type="relation" ref="7342308" role="subarea"/>
  <member type="relation" ref="7342511" role="subarea"/>
  <member type="relation" ref="7342567" role="subarea"/>
  <member type="relation" ref="7343271" role="subarea"/>
  <member type="relation" ref="2766949" role="subarea"/>
  <member type="relation" ref="2766953" role="subarea"/>
  <member type="relation" ref="2766956" role="subarea"/>
  <member type="relation" ref="2766950" role="subarea"/>
  <member type="relation" ref="6941018" role="subarea"/>
  <member type="relation" ref="6941014" role="subarea"/>
  <member type="relation" ref="6928155" role="subarea"/>
  <member type="relation" ref="6928030" role="subarea"/>
  <member type="relation" ref="6928153" role="subarea"/>
  <member type="relation" ref="6892362" role="subarea"/>
  <member type="relation" ref="6892359" role="subarea"/>
  <member type="relation" ref="6890891" role="subarea"/>
  <member type="relation" ref="6890889" role="subarea"/>
  <member type="relation" ref="6890890" role="subarea"/>
  <member type="relation" ref="6915823" role="subarea"/>
  <member type="relation" ref="6915941" role="subarea"/>
  <member type="relation" ref="6915821" role="subarea"/>
  <member type="relation" ref="6915944" role="subarea"/>
  <member type="relation" ref="6915940" role="subarea"/>
  <member type="relation" ref="7462675" role="subarea"/>
  <member type="relation" ref="7462678" role="subarea"/>
  <member type="relation" ref="7462674" role="subarea"/>
  <member type="relation" ref="7463544" role="subarea"/>
  <member type="relation" ref="7462676" role="subarea"/>
  <member type="relation" ref="7463547" role="subarea"/>
  <member type="relation" ref="7463546" role="subarea"/>
  <member type="relation" ref="7638094" role="subarea"/>
  <member type="relation" ref="7638253" role="subarea"/>
  <member type="relation" ref="7638093" role="subarea"/>
  <member type="relation" ref="7638095" role="subarea"/>
  <member type="relation" ref="7621978" role="subarea"/>
  <member type="relation" ref="7627379" role="subarea"/>
  <member type="relation" ref="7627377" role="subarea"/>
  <member type="relation" ref="7621976" role="subarea"/>
  <member type="relation" ref="7629288" role="subarea"/>
  <member type="relation" ref="7629221" role="subarea"/>
  <member type="relation" ref="7629287" role="subarea"/>
  <member type="relation" ref="7650792" role="subarea"/>
  <member type="relation" ref="7650793" role="subarea"/>
  <member type="relation" ref="7468179" role="subarea"/>
  <member type="relation" ref="7468178" role="subarea"/>
  <member type="relation" ref="7468177" role="subarea"/>
  <member type="relation" ref="7468247" role="subarea"/>
  <member type="relation" ref="3612628" role="subarea"/>
  <member type="relation" ref="3610162" role="subarea"/>
  <member type="relation" ref="3616747" role="subarea"/>
  <member type="relation" ref="3610160" role="subarea"/>
  <member type="relation" ref="3610170" role="subarea"/>
  <member type="relation" ref="3610360" role="subarea"/>
  <member type="relation" ref="8051120" role="subarea"/>
  <member type="relation" ref="5485645" role="subarea"/>
  <member type="relation" ref="5485644" role="subarea"/>
  <member type="relation" ref="8081287" role="subarea"/>
  <member type="relation" ref="8051119" role="subarea"/>
  <member type="relation" ref="8162714" role="subarea"/>
  <member type="relation" ref="8121764" role="subarea"/>
  <member type="relation" ref="8145048" role="subarea"/>
  <member type="relation" ref="8115640" role="subarea"/>
  <member type="relation" ref="8077536" role="subarea"/>
  <member type="relation" ref="8165423" role="subarea"/>
  <member type="relation" ref="4132582" role="subarea"/>
  <member type="relation" ref="4139667" role="subarea"/>
  <member type="relation" ref="4137054" role="subarea"/>
  <member type="relation" ref="3610394" role="subarea"/>
  <member type="relation" ref="5485503" role="subarea"/>
  <member type="relation" ref="7867844" role="subarea"/>
  <member type="relation" ref="6190340" role="subarea"/>
  <member type="relation" ref="8165499" role="subarea"/>
  <member type="relation" ref="8385623" role="subarea"/>
  <member type="relation" ref="11379195" role="subarea"/>
  <member type="relation" ref="11379196" role="subarea"/>
  <member type="relation" ref="10329654" role="subarea"/>
  <member type="relation" ref="10330034" role="subarea"/>
  <member type="relation" ref="3870770" role="subarea"/>
  <member type="relation" ref="8448992" role="subarea"/>
  <member type="relation" ref="13420411" role="subarea"/>
  <member type="relation" ref="13470504" role="subarea"/>
  <member type="relation" ref="13470506" role="subarea"/>
  <member type="relation" ref="13470503" role="subarea"/>
  <member type="relation" ref="13470501" role="subarea"/>
  <member type="relation" ref="13470588" role="subarea"/>
  <member type="relation" ref="13477540" role="subarea"/>
  <member type="relation" ref="13477545" role="subarea"/>
  <member type="relation" ref="13477425" role="subarea"/>
  <member type="relation" ref="13477544" role="subarea"/>
  <member type="relation" ref="13477543" role="subarea"/>
  <member type="relation" ref="13455518" role="subarea"/>
  <member type="relation" ref="13455517" role="subarea"/>
  <member type="relation" ref="8448188" role="subarea"/>
  <member type="relation" ref="10590955" role="subarea"/>
  <member type="relation" ref="13477595" role="subarea"/>
  <member type="relation" ref="13477612" role="subarea"/>
  <member type="relation" ref="13477634" role="subarea"/>
  <member type="relation" ref="13477632" role="subarea"/>
  <member type="relation" ref="13477633" role="subarea"/>
  <member type="relation" ref="15044270" role="subarea"/>
  <member type="relation" ref="13477596" role="subarea"/>
  <member type="relation" ref="15328441" role="subarea"/>
  <member type="relation" ref="15328440" role="subarea"/>
  <member type="relation" ref="15328433" role="subarea"/>
  <member type="relation" ref="15328437" role="subarea"/>
  <member type="relation" ref="15044265" role="subarea"/>
  <member type="relation" ref="15044266" role="subarea"/>
  <member type="relation" ref="15350010" role="subarea"/>
  <member type="relation" ref="15350042" role="subarea"/>
  <member type="relation" ref="15350067" role="subarea"/>
  <member type="relation" ref="15350008" role="subarea"/>
  <member type="relation" ref="15071230" role="subarea"/>
  <member type="relation" ref="15071235" role="subarea"/>
  <tag k="admin_level" v="4"/>
  <tag k="alt_name" v="Sài Gòn"/>
  <tag k="alt_name:cs" v="Saigon"/>
  <tag k="alt_name:de" v="Saigon"/>
  <tag k="alt_name:en" v="Saigon"/>
  <tag k="alt_name:fr" v="Saigon"/>
  <tag k="alt_name:hr" v="Saigon"/>
  <tag k="alt_name:ja" v="サイゴン"/>
  <tag k="alt_name:ko" v="사이공"/>
  <tag k="alt_name:la" v="Saigonia"/>
  <tag k="alt_name:ru" v="Сайгон"/>
  <tag k="alt_name:th" v="ไซ่ง่อน"/>
  <tag k="alt_name:vi" v="Sài Gòn"/>
  <tag k="alt_name:vi-Hani" v="柴棍"/>
  <tag k="alt_name:zh" v="西贡"/>
  <tag k="alt_name:zh-Hans" v="西贡"/>
  <tag k="alt_name:zh-Hant" v="西貢"/>
  <tag k="boundary" v="administrative"/>
  <tag k="is_in:country_code" v="VN"/>
  <tag k="ISO3166-2" v="VN-SG"/>
  <tag k="name" v="Thành phố Hồ Chí Minh"/>
  <tag k="name:cs" v="Ho Či Minovo Město"/>
  <tag k="name:en" v="Ho Chi Minh City"/>
  <tag k="name:eo" v="Ho-Chi-Minh-urbo"/>
  <tag k="name:fr" v="Hô Chi Minh-Ville"/>
  <tag k="name:hr" v="Grad Ho Chi Minh"/>
  <tag k="name:ja" v="ホーチミン市"/>
  <tag k="name:ko" v="호치민시"/>
  <tag k="name:ms" v="Kota Ho Chi Minh"/>
  <tag k="name:nl" v="Ho Chi Minhstad"/>
  <tag k="name:ru" v="Хошимин"/>
  <tag k="name:sk" v="Hočiminovo Mesto"/>
  <tag k="name:sr" v="Хо Ши Мин"/>
  <tag k="name:th" v="นครโฮจิมินห์"/>
  <tag k="name:vi" v="Thành phố Hồ Chí Minh"/>
  <tag k="name:vi-Hani" v="庯胡志明"/>
  <tag k="name:zh" v="胡志明市"/>
  <tag k="name:zh-Hans" v="胡志明市"/>
  <tag k="name:zh-Hant" v="胡志明市"/>
  <tag k="old_name" v="Gia Định;Sài Gòn – Gia Định"/>
  <tag k="population" v="9456700"/>
  <tag k="ref" v="TPHCM"/>
  <tag k="short_name" v="Tp. HCM"/>
  <tag k="short_name:en" v="HCMC"/>
  <tag k="short_name:vi" v="Tp. HCM"/>
  <tag k="type" v="boundary"/>
  <tag k="wikidata" v="Q1854"/>
  <tag k="wikipedia" v="vi:Thành phố Hồ Chí Minh"/>
  <tag k="wikivoyage" v="en:Ho Chi Minh City"/>
 </relation>
 <relation id="7138136" visible="true" version="35" changeset="178527348" timestamp="2026-02-14T02:05:15Z" user="KimChinhTri" uid="4892796">
  <member type="way" ref="1352135551" role="outer"/>
  <member type="way" ref="1478462293" role="outer"/>
  <member type="way" ref="1478462291" role="outer"/>
  <member type="way" ref="1478462294" role="outer"/>
  <member type="way" ref="1454092113" role="outer"/>
  <member type="way" ref="1454092114" role="outer"/>
  <member type="way" ref="1454092120" role="outer"/>
  <member type="way" ref="1454092137" role="outer"/>
  <member type="way" ref="501639812" role="outer"/>
  <member type="way" ref="286462023" role="outer"/>
  <member type="way" ref="1456511738" role="outer"/>
  <member type="way" ref="1456511737" role="outer"/>
  <member type="way" ref="485050427" role="outer"/>
  <member type="way" ref="1456511736" role="outer"/>
  <member type="way" ref="1430763755" role="outer"/>
  <member type="way" ref="1394467120" role="outer"/>
  <member type="way" ref="1430763731" role="outer"/>
  <member type="way" ref="1430763730" role="outer"/>
  <member type="way" ref="485524298" role="outer"/>
  <member type="way" ref="1456013779" role="outer"/>
  <member type="way" ref="1456013783" role="outer"/>
  <member type="way" ref="1456013775" role="outer"/>
  <member type="way" ref="1456013785" role="outer"/>
  <member type="way" ref="1456013805" role="outer"/>
  <member type="way" ref="1456013768" role="outer"/>
  <member type="way" ref="1456013804" role="outer"/>
  <member type="way" ref="1456013803" role="outer"/>
  <member type="way" ref="1456013802" role="outer"/>
  <member type="way" ref="1455936096" role="outer"/>
  <member type="node" ref="13093327057" role="label"/>
  <tag k="admin_level" v="6"/>
  <tag k="boundary" v="administrative"/>
  <tag k="name" v="Phường Thủ Đức"/>
  <tag k="population" v="118952"/>
  <tag k="population:date" v="2025-07-01"/>
  <tag k="source:population" v="gis.vn"/>
  <tag k="type" v="boundary"/>
  <tag k="wikidata" v="Q10828919"/>
 </relation>
 <relation id="7343271" visible="true" version="38" changeset="178548849" timestamp="2026-02-14T15:25:28Z" user="KimChinhTri" uid="4892796">
  <member type="way" ref="1477366991" role="outer"/>
  <member type="way" ref="1477366993" role="outer"/>
  <member type="way" ref="1477367001" role="outer"/>
  <member type="way" ref="1477367013" role="outer"/>
  <member type="way" ref="1477828129" role="outer"/>
  <member type="way" ref="1477828132" role="outer"/>
  <member type="way" ref="1477828133" role="outer"/>
  <member type="way" ref="1477828173" role="outer"/>
  <member type="way" ref="1478593842" role="outer"/>
  <member type="way" ref="501631551" role="outer"/>
  <member type="way" ref="1478593853" role="outer"/>
  <member type="way" ref="501639797" role="outer"/>
  <member type="way" ref="1454191301" role="outer"/>
  <member type="way" ref="1454191305" role="outer"/>
  <member type="way" ref="501639816" role="outer"/>
  <member type="way" ref="1478593869" role="outer"/>
  <member type="way" ref="1478593863" role="outer"/>
  <member type="way" ref="1454191269" role="outer"/>
  <member type="way" ref="1478593862" role="outer"/>
  <member type="way" ref="1454191262" role="outer"/>
  <member type="way" ref="1454092139" role="outer"/>
  <member type="way" ref="1454092112" role="outer"/>
  <member type="way" ref="1454092130" role="outer"/>
  <member type="way" ref="1478462319" role="outer"/>
  <member type="way" ref="1454092096" role="outer"/>
  <member type="way" ref="1478462315" role="outer"/>
  <member type="way" ref="1454092115" role="outer"/>
  <member type="way" ref="1478462295" role="outer"/>
  <member type="way" ref="1454092110" role="outer"/>
  <member type="way" ref="1477366990" role="outer"/>
  <member type="way" ref="1477366992" role="outer"/>
  <member type="way" ref="1477366994" role="outer"/>
  <member type="way" ref="1455936091" role="outer"/>
  <member type="way" ref="1477366998" role="outer"/>
  <member type="way" ref="1455936092" role="outer"/>
  <member type="way" ref="1455936093" role="outer"/>
  <member type="way" ref="1455936094" role="outer"/>
  <member type="way" ref="1455936095" role="outer"/>
  <member type="way" ref="1477828135" role="outer"/>
  <member type="way" ref="1477828136" role="outer"/>
  <member type="way" ref="1477828141" role="outer"/>
  <member type="way" ref="501622247" role="outer"/>
  <member type="way" ref="1352135551" role="outer"/>
  <member type="way" ref="1478462293" role="outer"/>
  <member type="way" ref="1478462291" role="outer"/>
  <member type="way" ref="1478462294" role="outer"/>
  <member type="node" ref="13093327058" role="label"/>
  <member type="relation" ref="20206813" role="subarea"/>
  <member type="relation" ref="20206814" role="subarea"/>
  <member type="relation" ref="20206815" role="subarea"/>
  <member type="relation" ref="20206816" role="subarea"/>
  <member type="relation" ref="20206817" role="subarea"/>
  <member type="relation" ref="20206818" role="subarea"/>
  <member type="relation" ref="20206819" role="subarea"/>
  <member type="relation" ref="20206820" role="subarea"/>
  <member type="relation" ref="20206821" role="subarea"/>
  <member type="relation" ref="20206822" role="subarea"/>
  <member type="relation" ref="20206823" role="subarea"/>
  <member type="relation" ref="20206824" role="subarea"/>
  <member type="relation" ref="20206825" role="subarea"/>
  <member type="relation" ref="20206826" role="subarea"/>
  <member type="relation" ref="20206827" role="subarea"/>
  <member type="relation" ref="20206828" role="subarea"/>
  <member type="relation" ref="20206829" role="subarea"/>
  <member type="relation" ref="20206830" role="subarea"/>
  <member type="relation" ref="20206831" role="subarea"/>
  <member type="relation" ref="20211321" role="subarea"/>
  <member type="relation" ref="20211322" role="subarea"/>
  <member type="relation" ref="20211323" role="subarea"/>
  <member type="relation" ref="20211324" role="subarea"/>
  <member type="relation" ref="20211325" role="subarea"/>
  <member type="relation" ref="20211326" role="subarea"/>
  <member type="relation" ref="20211327" role="subarea"/>
  <member type="relation" ref="20211328" role="subarea"/>
  <member type="relation" ref="20211329" role="subarea"/>
  <member type="relation" ref="20211330" role="subarea"/>
  <member type="relation" ref="20211331" role="subarea"/>
  <member type="relation" ref="20211332" role="subarea"/>
  <member type="relation" ref="20211333" role="subarea"/>
  <member type="relation" ref="20211334" role="subarea"/>
  <member type="relation" ref="20211335" role="subarea"/>
  <member type="relation" ref="20211336" role="subarea"/>
  <member type="relation" ref="20211337" role="subarea"/>
  <member type="relation" ref="20211338" role="subarea"/>
  <member type="relation" ref="20211339" role="subarea"/>
  <member type="relation" ref="20211340" role="subarea"/>
  <member type="relation" ref="20211341" role="subarea"/>
  <member type="relation" ref="20211342" role="subarea"/>
  <member type="relation" ref="20211343" role="subarea"/>
  <member type="relation" ref="20211344" role="subarea"/>
  <member type="relation" ref="20211345" role="subarea"/>
  <member type="relation" ref="20211346" role="subarea"/>
  <member type="relation" ref="20211347" role="subarea"/>
  <member type="relation" ref="20211348" role="subarea"/>
  <member type="relation" ref="20215881" role="subarea"/>
  <member type="relation" ref="20215882" role="subarea"/>
  <member type="relation" ref="20215883" role="subarea"/>
  <member type="relation" ref="20215884" role="subarea"/>
  <member type="relation" ref="20215885" role="subarea"/>
  <member type="relation" ref="20215886" role="subarea"/>
  <member type="relation" ref="20215887" role="subarea"/>
  <member type="relation" ref="20215888" role="subarea"/>
  <member type="relation" ref="20215889" role="subarea"/>
  <member type="relation" ref="20215890" role="subarea"/>
  <member type="relation" ref="20215891" role="subarea"/>
  <member type="relation" ref="20215892" role="subarea"/>
  <member type="relation" ref="20215893" role="subarea"/>
  <member type="relation" ref="20215894" role="subarea"/>
  <member type="relation" ref="20215895" role="subarea"/>
  <member type="relation" ref="20215896" role="subarea"/>
  <member type="relation" ref="20215897" role="subarea"/>
  <member type="relation" ref="20215898" role="subarea"/>
  <member type="relation" ref="20215899" role="subarea"/>
  <member type="relation" ref="20215900" role="subarea"/>
  <member type="relation" ref="20215901" role="subarea"/>
  <member type="relation" ref="20215902" role="subarea"/>
  <member type="relation" ref="20215903" role="subarea"/>
  <member type="relation" ref="20217945" role="subarea"/>
  <member type="relation" ref="20217946" role="subarea"/>
  <member type="relation" ref="20217947" role="subarea"/>
  <member type="relation" ref="20217948" role="subarea"/>
  <member type="relation" ref="20217949" role="subarea"/>
  <member type="relation" ref="20217950" role="subarea"/>
  <member type="relation" ref="20217951" role="subarea"/>
  <member type="relation" ref="20217952" role="subarea"/>
  <member type="relation" ref="20217953" role="subarea"/>
  <member type="relation" ref="20217954" role="subarea"/>
  <member type="relation" ref="20217955" role="subarea"/>
  <member type="relation" ref="20217956" role="subarea"/>
  <member type="relation" ref="20217957" role="subarea"/>
  <member type="relation" ref="20217958" role="subarea"/>
  <member type="relation" ref="20217959" role="subarea"/>
  <member type="relation" ref="20217960" role="subarea"/>
  <tag k="admin_level" v="6"/>
  <tag k="boundary" v="administrative"/>
  <tag k="name" v="Phường Tăng Nhơn Phú"/>
  <tag k="population" v="208233"/>
  <tag k="population:date" v="2025-07-01"/>
  <tag k="source:population" v="gis.vn"/>
  <tag k="type" v="boundary"/>
  <tag k="wikidata" v="Q10831357"/>
 </relation>
 <relation id="8427050" visible="true" version="32" changeset="178511807" timestamp="2026-02-13T16:04:10Z" user="KimChinhTri" uid="4892796">
  <member type="way" ref="1455936090" role="outer"/>
  <member type="way" ref="291501521" role="outer"/>
  <member type="way" ref="1455936089" role="outer"/>
  <member type="way" ref="1455936088" role="outer"/>
  <member type="way" ref="1455936078" role="outer"/>
  <member type="way" ref="1455936076" role="outer"/>
  <member type="way" ref="1455936075" role="outer"/>
  <member type="way" ref="1455936074" role="outer"/>
  <member type="way" ref="1455936071" role="outer"/>
  <member type="way" ref="1455936069" role="outer"/>
  <member type="way" ref="1455936070" role="outer"/>
  <member type="way" ref="1464859874" role="outer"/>
  <member type="way" ref="1455936072" role="outer"/>
  <member type="way" ref="1455936073" role="outer"/>
  <member type="way" ref="1464859870" role="outer"/>
  <member type="way" ref="1455936079" role="outer"/>
  <member type="way" ref="1455936080" role="outer"/>
  <member type="way" ref="1455936083" role="outer"/>
  <member type="way" ref="1464859866" role="outer"/>
  <member type="way" ref="1455936084" role="outer"/>
  <member type="way" ref="1455936085" role="outer"/>
  <member type="way" ref="1456013770" role="outer"/>
  <member type="way" ref="485524305" role="outer"/>
  <member type="way" ref="1464859867" role="outer"/>
  <member type="way" ref="501622247" role="outer"/>
  <member type="way" ref="1477828141" role="outer"/>
  <member type="way" ref="1477828136" role="outer"/>
  <member type="way" ref="1477828135" role="outer"/>
  <member type="way" ref="1455936095" role="outer"/>
  <member type="way" ref="1455936094" role="outer"/>
  <member type="way" ref="1455936093" role="outer"/>
  <member type="way" ref="1455936092" role="outer"/>
  <member type="way" ref="1477366998" role="outer"/>
  <member type="way" ref="1455936091" role="outer"/>
  <member type="way" ref="1477366994" role="outer"/>
  <member type="way" ref="1477366992" role="outer"/>
  <member type="way" ref="1477366990" role="outer"/>
  <member type="way" ref="291968450" role="outer"/>
  <member type="way" ref="485524298" role="outer"/>
  <member type="way" ref="1456013779" role="outer"/>
  <member type="way" ref="1456013783" role="outer"/>
  <member type="way" ref="1456013775" role="outer"/>
  <member type="way" ref="1456013785" role="outer"/>
  <member type="way" ref="1456013805" role="outer"/>
  <member type="way" ref="1456013768" role="outer"/>
  <member type="way" ref="1456013804" role="outer"/>
  <member type="way" ref="1456013803" role="outer"/>
  <member type="way" ref="1456013802" role="outer"/>
  <member type="way" ref="1455936096" role="outer"/>
  <member type="way" ref="485524303" role="outer"/>
  <member type="way" ref="1454686167" role="outer"/>
  <member type="way" ref="1394467127" role="outer"/>
  <member type="way" ref="1430763728" role="outer"/>
  <member type="way" ref="1430763729" role="outer"/>
  <member type="node" ref="13093758877" role="label"/>
  <member type="relation" ref="19916854" role="subarea"/>
  <member type="relation" ref="19916855" role="subarea"/>
  <member type="relation" ref="19916856" role="subarea"/>
  <member type="relation" ref="19916857" role="subarea"/>
  <member type="relation" ref="19916858" role="subarea"/>
  <member type="relation" ref="19916860" role="subarea"/>
  <member type="relation" ref="19916859" role="subarea"/>
  <member type="relation" ref="19916863" role="subarea"/>
  <member type="relation" ref="19916861" role="subarea"/>
  <member type="relation" ref="19916862" role="subarea"/>
  <member type="relation" ref="19916864" role="subarea"/>
  <member type="relation" ref="19916865" role="subarea"/>
  <member type="relation" ref="19916866" role="subarea"/>
  <member type="relation" ref="19916867" role="subarea"/>
  <member type="relation" ref="19916868" role="subarea"/>
  <member type="relation" ref="19916869" role="subarea"/>
  <member type="relation" ref="19916870" role="subarea"/>
  <member type="relation" ref="19916871" role="subarea"/>
  <member type="relation" ref="19916872" role="subarea"/>
  <member type="relation" ref="19916873" role="subarea"/>
  <member type="relation" ref="19916874" role="subarea"/>
  <member type="relation" ref="19916875" role="subarea"/>
  <member type="relation" ref="19916876" role="subarea"/>
  <member type="relation" ref="19916877" role="subarea"/>
  <member type="relation" ref="19916878" role="subarea"/>
  <member type="relation" ref="19916879" role="subarea"/>
  <member type="relation" ref="19916880" role="subarea"/>
  <member type="relation" ref="19916881" role="subarea"/>
  <member type="relation" ref="19916882" role="subarea"/>
  <member type="relation" ref="19916883" role="subarea"/>
  <member type="relation" ref="19916884" role="subarea"/>
  <member type="relation" ref="19916885" role="subarea"/>
  <member type="relation" ref="19916886" role="subarea"/>
  <member type="relation" ref="19916887" role="subarea"/>
  <member type="relation" ref="19916888" role="subarea"/>
  <member type="relation" ref="19916889" role="subarea"/>
  <member type="relation" ref="19916890" role="subarea"/>
  <member type="relation" ref="19916891" role="subarea"/>
  <member type="relation" ref="19916892" role="subarea"/>
  <member type="relation" ref="19916893" role="subarea"/>
  <member type="relation" ref="19917829" role="subarea"/>
  <member type="relation" ref="19917830" role="subarea"/>
  <member type="relation" ref="19917831" role="subarea"/>
  <member type="relation" ref="19917832" role="subarea"/>
  <member type="relation" ref="19917833" role="subarea"/>
  <member type="relation" ref="19917834" role="subarea"/>
  <member type="relation" ref="19917835" role="subarea"/>
  <member type="relation" ref="19917836" role="subarea"/>
  <member type="relation" ref="19917837" role="subarea"/>
  <member type="relation" ref="19917838" role="subarea"/>
  <member type="relation" ref="19917839" role="subarea"/>
  <member type="relation" ref="19917840" role="subarea"/>
  <member type="relation" ref="19917841" role="subarea"/>
  <member type="relation" ref="19917842" role="subarea"/>
  <member type="relation" ref="19917843" role="subarea"/>
  <member type="relation" ref="19917844" role="subarea"/>
  <member type="relation" ref="19917845" role="subarea"/>
  <member type="relation" ref="19917846" role="subarea"/>
  <member type="relation" ref="19917847" role="subarea"/>
  <member type="relation" ref="19917848" role="subarea"/>
  <member type="relation" ref="19917849" role="subarea"/>
  <member type="relation" ref="19917850" role="subarea"/>
  <member type="relation" ref="19917851" role="subarea"/>
  <tag k="admin_level" v="6"/>
  <tag k="boundary" v="administrative"/>
  <tag k="name" v="Phường Linh Xuân"/>
  <tag k="population" v="158334"/>
  <tag k="population:date" v="2025-07-01"/>
  <tag k="source:population" v="gis.vn"/>
  <tag k="type" v="boundary"/>
  <tag k="wikidata" v="Q10786316"/>
 </relation>
 <relation id="10020862" visible="true" version="5" changeset="149725297" timestamp="2024-04-08T09:16:18Z" user="phoenixsaigon1698" uid="3323343">
  <member type="way" ref="1270828724" role="from"/>
  <member type="node" ref="11789253357" role="via"/>
  <member type="way" ref="1270828726" role="to"/>
  <tag k="except" v="bicycle;moped;motorcycle"/>
  <tag k="restriction" v="no_u_turn"/>
  <tag k="type" v="restriction"/>
 </relation>
 <relation id="11919222" visible="true" version="17" changeset="178761183" timestamp="2026-02-19T09:10:33Z" user="Claudius Henrichs" uid="18069">
  <member type="node" ref="11586280334" role="stop_entry_only"/>
  <member type="way" ref="875447341" role="platform_entry_only"/>
  <member type="node" ref="11586280332" role="stop"/>
  <member type="way" ref="1344560387" role="platform"/>
  <member type="node" ref="11586280330" role="stop"/>
  <member type="way" ref="1344560384" role="platform"/>
  <member type="node" ref="11586280329" role="stop"/>
  <member type="way" ref="1344560383" role="platform"/>
  <member type="node" ref="11586280325" role="stop"/>
  <member type="way" ref="1344560381" role="platform"/>
  <member type="node" ref="11586280323" role="stop"/>
  <member type="way" ref="1344560379" role="platform"/>
  <member type="node" ref="9733886370" role="stop"/>
  <member type="way" ref="1344366438" role="platform"/>
  <member type="node" ref="11586280321" role="stop"/>
  <member type="way" ref="1344366436" role="platform"/>
  <member type="node" ref="11586280319" role="stop"/>
  <member type="way" ref="1344366435" role="platform"/>
  <member type="node" ref="11586280315" role="stop"/>
  <member type="way" ref="875450361" role="platform"/>
  <member type="node" ref="2890940318" role="stop"/>
  <member type="way" ref="1344366433" role="platform"/>
  <member type="node" ref="11586280312" role="stop"/>
  <member type="way" ref="1344366431" role="platform"/>
  <member type="node" ref="11586280311" role="stop"/>
  <member type="way" ref="1344366429" role="platform"/>
  <member type="node" ref="11586280309" role="stop_exit_only"/>
  <member type="way" ref="1344366430" role="platform_exit_only"/>
  <member type="way" ref="226572943" role=""/>
  <member type="way" ref="875447298" role=""/>
  <tag k="colour" v="#0079b8"/>
  <tag k="distance" v="19.1 km"/>
  <tag k="from" v="Bến xe Suối Tiên"/>
  <tag k="gauge" v="1435"/>
  <tag k="layer" v="2"/>
  <tag k="name" v="Suối Tiên - Bến Thành"/>
  <tag k="name:en" v="Suoi Tien - Ben Thanh"/>
  <tag k="name:fr" v="Suoi Tien - Ben Thanh"/>
  <tag k="name:id" v="Suoi Tien - Ben Thanh"/>
  <tag k="name:ja" v="ホーチミンメトロ1号線 (スオイティエン =&gt; ベンタイン)"/>
  <tag k="name:zh" v="仙泉 - 滨城"/>
  <tag k="network" v="Đường sắt đô thị Thành phố Hồ Chí Minh"/>
  <tag k="network:en" v="Ho Chi Minh City Metro"/>
  <tag k="network:ja" v="ホーチミンメトロ"/>
  <tag k="opening_date" v="2024-12-22"/>
  <tag k="operator" v="Ban Quản lý Đường sắt đô thị Thành phố Hồ Chí Minh"/>
  <tag k="public_transport:version" v="2"/>
  <tag k="ref" v="L1"/>
  <tag k="route" v="subway"/>
  <tag k="to" v="Bến Thành"/>
  <tag k="type" v="route"/>
  <tag k="voltage" v="1500"/>
  <tag k="wikidata" v="Q61132107"/>
  <tag k="wikipedia" v="vi:Tuyến 1 (Đường sắt đô thị Thành phố Hồ Chí Minh)"/>
 </relation>
 <relation id="11919223" visible="true" version="21" changeset="178761183" timestamp="2026-02-19T09:10:33Z" user="Claudius Henrichs" uid="18069">
  <member type="node" ref="11586280308" role="stop_entry_only"/>
  <member type="way" ref="1344366430" role="platform_entry_only"/>
  <member type="node" ref="11586280310" role="stop"/>
  <member type="way" ref="1344366429" role="platform"/>
  <member type="node" ref="11586280313" role="stop"/>
  <member type="way" ref="1344366431" role="platform"/>
  <member type="node" ref="11586280314" role="stop"/>
  <member type="way" ref="1344366432" role="platform"/>
  <member type="node" ref="11586280316" role="stop"/>
  <member type="way" ref="875450360" role="platform"/>
  <member type="node" ref="11586280320" role="stop"/>
  <member type="way" ref="1344366434" role="platform"/>
  <member type="node" ref="11586280322" role="stop"/>
  <member type="way" ref="1344366436" role="platform"/>
  <member type="node" ref="9733886226" role="stop"/>
  <member type="way" ref="1344366437" role="platform"/>
  <member type="node" ref="11586280324" role="stop"/>
  <member type="way" ref="1344560378" role="platform"/>
  <member type="node" ref="11586280326" role="stop"/>
  <member type="way" ref="1344560380" role="platform"/>
  <member type="node" ref="11586280328" role="stop"/>
  <member type="way" ref="1344560382" role="platform"/>
  <member type="node" ref="11586280331" role="stop"/>
  <member type="way" ref="1344560385" role="platform"/>
  <member type="node" ref="11586280333" role="stop"/>
  <member type="way" ref="1344560386" role="platform"/>
  <member type="node" ref="11586280335" role="stop_exit_only"/>
  <member type="way" ref="875447341" role="platform_exit_only"/>
  <member type="way" ref="493251147" role=""/>
  <member type="way" ref="469364067" role=""/>
  <tag k="charge:conditional" v="15000 VND @ (distance&lt;=5); 20000 VND @ (distance&gt;20); half_price @ (student OR pupil AND )"/>
  <tag k="colour" v="#0079b8"/>
  <tag k="distance" v="19.1 km"/>
  <tag k="from" v="Bến Thành"/>
  <tag k="gauge" v="1435"/>
  <tag k="layer" v="2"/>
  <tag k="name" v="Bến Thành - Suối Tiên"/>
  <tag k="name:en" v="Ben Thanh - Suoi Tien"/>
  <tag k="name:fr" v="Bên Thành - Suoi Tien"/>
  <tag k="name:id" v="Ben Thanh - Suoi Tien"/>
  <tag k="name:ja" v="ホーチミンメトロ1号線 (ベンタイン =&gt;スオイティエン)"/>
  <tag k="name:zh" v="滨城-仙泉"/>
  <tag k="network" v="Đường sắt đô thị Thành phố Hồ Chí Minh"/>
  <tag k="network:en" v="Ho Chi Minh City Metro"/>
  <tag k="opening_date" v="2024-12-22"/>
  <tag k="operator" v="Ban Quản lý Đường sắt đô thị Thành phố Hồ Chí Minh"/>
  <tag k="public_transport:version" v="2"/>
  <tag k="ref" v="L1"/>
  <tag k="route" v="subway"/>
  <tag k="to" v="Bến xe Suối Tiên"/>
  <tag k="type" v="route"/>
  <tag k="voltage" v="1500"/>
  <tag k="wikidata" v="Q61132107"/>
  <tag k="wikipedia" v="vi:Tuyến 1 (Đường sắt đô thị Thành phố Hồ Chí Minh)"/>
 </relation>
 <relation id="13813664" visible="true" version="11" changeset="180439600" timestamp="2026-03-26T07:11:39Z" user="Minh Nguyen" uid="33757">
  <member type="way" ref="842524171" role=""/>
  <member type="way" ref="1484447762" role=""/>
  <member type="way" ref="700296880" role=""/>
  <member type="way" ref="1484447761" role=""/>
  <member type="way" ref="818381167" role=""/>
  <member type="way" ref="1188387188" role=""/>
  <member type="way" ref="1285929045" role=""/>
  <member type="way" ref="1285929044" role=""/>
  <member type="way" ref="1285929047" role=""/>
  <member type="way" ref="1285929046" role=""/>
  <member type="way" ref="1285929048" role=""/>
  <member type="way" ref="1285929049" role=""/>
  <member type="way" ref="1285929051" role=""/>
  <member type="way" ref="1285929052" role=""/>
  <member type="way" ref="1285929053" role=""/>
  <member type="way" ref="1285929054" role=""/>
  <member type="way" ref="1286480673" role=""/>
  <member type="way" ref="1286480674" role=""/>
  <member type="way" ref="1286480676" role=""/>
  <member type="way" ref="1286480675" role=""/>
  <member type="way" ref="1286480677" role=""/>
  <member type="way" ref="1286480678" role=""/>
  <tag k="alt_name:zh" v="越南高鐵"/>
  <tag k="bridge" v="viaduct"/>
  <tag k="crossing" v="No any level crossing along vitenam HSR entire line"/>
  <tag k="distance" v="2,070 km (1,286.2 mi)"/>
  <tag k="electrified" v="contact_line"/>
  <tag k="from" v="Ga Đồng Đăng (Lạng Sơn)"/>
  <tag k="gauge" v="1435"/>
  <tag k="highspeed" v="yes"/>
  <tag k="maxspeed" v="250"/>
  <tag k="name" v="Đường sắt cao tốc Bắc - Nam"/>
  <tag k="name:en" v="Vietnam North–South Express Railway"/>
  <tag k="name:es" v="Tren de alta velocidad Hanoi - ciudad Ho Chi Minh"/>
  <tag k="name:fr" v="Ligne à grande vitesse Nord-Sud au Viêt Nam"/>
  <tag k="name:ja" v="ベトナム南北高速鉄道"/>
  <tag k="name:th" v="รถไฟความเร็วสูงสายเหนือ-ใต้ (เวียดนาม)"/>
  <tag k="name:zh" v="越南南北高速鐵路"/>
  <tag k="network" v="VN:railway"/>
  <tag k="proposed:railway" v="rail"/>
  <tag k="proposed:route" v="railway"/>
  <tag k="ref" v="ĐSCT"/>
  <tag k="to" v="Ga Năm Căn (Cà Mau)"/>
  <tag k="type" v="route"/>
  <tag k="wikidata" v="Q425889"/>
  <tag k="wikipedia" v="vi:Đường sắt cao tốc Bắc – Nam"/>
 </relation>
 <relation id="17151480" visible="true" version="6" changeset="178540253" timestamp="2026-02-14T11:31:35Z" user="桜吹雪" uid="19135489">
  <member type="relation" ref="11919223" role=""/>
  <member type="relation" ref="11919222" role=""/>
  <tag k="colour" v="#0079b8"/>
  <tag k="name" v="Line 1"/>
  <tag k="name:en" v="Line 1 (Ho Chi Minh City Metro)"/>
  <tag k="name:ja" v="ホーチミンメトロ1号線"/>
  <tag k="name:vi" v="Tuyến 1"/>
  <tag k="name:zh" v="胡志明市都市铁路1号线"/>
  <tag k="network" v="Đường sắt đô thị Thành phố Hồ Chí Minh"/>
  <tag k="network:en" v="Ho Chi Minh City Metro"/>
  <tag k="network:ja" v="ホーチミンメトロ"/>
  <tag k="network:wikidata" v="Q2198304"/>
  <tag k="operator" v="Management Authority of Urban Railways in Ho Chi Minh City"/>
  <tag k="ref" v="L1"/>
  <tag k="route_master" v="subway"/>
  <tag k="type" v="route_master"/>
  <tag k="wikidata" v="Q61132107"/>
  <tag k="wikipedia" v="ja:ホーチミン・メトロ1号線"/>
 </relation>
 <relation id="17375834" visible="true" version="80" changeset="180488880" timestamp="2026-03-27T07:54:03Z" user="Trần Thanh Tuấn" uid="16014056">
  <member type="node" ref="11753277688" role="platform_entry_only"/>
  <member type="node" ref="4615972584" role="platform"/>
  <member type="node" ref="3160545656" role="platform"/>
  <member type="node" ref="4615972579" role="platform"/>
  <member type="node" ref="6315672406" role="platform"/>
  <member type="node" ref="9667135118" role="platform"/>
  <member type="node" ref="4621858726" role="platform"/>
  <member type="node" ref="3151254798" role="platform"/>
  <member type="node" ref="3151254797" role="platform"/>
  <member type="node" ref="3116315714" role="platform"/>
  <member type="node" ref="1765166514" role="platform"/>
  <member type="node" ref="3150775230" role="platform"/>
  <member type="node" ref="11755160657" role="platform"/>
  <member type="node" ref="8995806225" role="platform"/>
  <member type="node" ref="8995806226" role="platform"/>
  <member type="node" ref="8995806227" role="platform"/>
  <member type="node" ref="8995806228" role="platform"/>
  <member type="node" ref="8995806230" role="platform"/>
  <member type="node" ref="8995806231" role="platform"/>
  <member type="node" ref="8995806236" role="platform"/>
  <member type="node" ref="8995419780" role="platform"/>
  <member type="node" ref="8995806239" role="platform"/>
  <member type="node" ref="8995806240" role="platform"/>
  <member type="node" ref="8995806241" role="platform"/>
  <member type="node" ref="8995806242" role="platform"/>
  <member type="node" ref="8995806243" role="platform"/>
  <member type="node" ref="9585048355" role="platform"/>
  <member type="node" ref="11363404641" role="platform"/>
  <member type="node" ref="11363404642" role="platform"/>
  <member type="node" ref="11755160658" role="platform"/>
  <member type="node" ref="11755160659" role="platform"/>
  <member type="node" ref="11755160660" role="platform"/>
  <member type="node" ref="11755160661" role="platform"/>
  <member type="node" ref="11755160662" role="platform"/>
  <member type="node" ref="11755160663" role="platform"/>
  <member type="node" ref="11755160664" role="platform"/>
  <member type="node" ref="11755160665" role="platform"/>
  <member type="node" ref="11755160666" role="platform"/>
  <member type="node" ref="3116282967" role="platform"/>
  <member type="node" ref="3230436392" role="platform"/>
  <member type="node" ref="3230436383" role="platform"/>
  <member type="node" ref="3116282962" role="platform"/>
  <member type="node" ref="2984717727" role="platform"/>
  <member type="node" ref="2984717726" role="platform"/>
  <member type="node" ref="2984717721" role="platform"/>
  <member type="node" ref="2984717719" role="platform"/>
  <member type="node" ref="11755184272" role="platform"/>
  <member type="node" ref="11755184273" role="platform"/>
  <member type="node" ref="2984625915" role="platform"/>
  <member type="node" ref="11755184275" role="platform"/>
  <member type="node" ref="11755184276" role="platform_exit_only"/>
  <member type="node" ref="12767882499" role="platform"/>
  <member type="way" ref="1030255268" role=""/>
  <member type="way" ref="1030257132" role=""/>
  <member type="way" ref="721740238" role=""/>
  <member type="way" ref="330374261" role=""/>
  <member type="way" ref="971864710" role=""/>
  <member type="way" ref="706397223" role=""/>
  <member type="way" ref="715555349" role=""/>
  <member type="way" ref="330532312" role=""/>
  <member type="way" ref="1265700912" role=""/>
  <member type="way" ref="715914020" role=""/>
  <member type="way" ref="1226411209" role=""/>
  <member type="way" ref="1265471310" role=""/>
  <member type="way" ref="716748281" role=""/>
  <member type="way" ref="715914019" role=""/>
  <member type="way" ref="716772938" role=""/>
  <member type="way" ref="716772937" role=""/>
  <member type="way" ref="716772936" role=""/>
  <member type="way" ref="716774358" role=""/>
  <member type="way" ref="717310025" role=""/>
  <member type="way" ref="1215981750" role=""/>
  <member type="way" ref="717310026" role=""/>
  <member type="way" ref="715914018" role=""/>
  <member type="way" ref="715914017" role=""/>
  <member type="way" ref="189067596" role=""/>
  <member type="way" ref="715914016" role=""/>
  <member type="way" ref="1344783036" role=""/>
  <member type="way" ref="715819445" role=""/>
  <member type="way" ref="467581823" role=""/>
  <member type="way" ref="220972416" role=""/>
  <member type="way" ref="1018412810" role=""/>
  <member type="way" ref="1018412809" role=""/>
  <member type="way" ref="1493349920" role=""/>
  <member type="way" ref="1380812752" role=""/>
  <member type="way" ref="1468556685" role=""/>
  <member type="way" ref="1468556687" role=""/>
  <member type="way" ref="330532335" role=""/>
  <member type="way" ref="715843008" role=""/>
  <member type="way" ref="715843010" role=""/>
  <member type="way" ref="1265471306" role=""/>
  <member type="way" ref="971692802" role=""/>
  <member type="way" ref="1389016079" role=""/>
  <member type="way" ref="1242387250" role=""/>
  <member type="way" ref="35113070" role=""/>
  <member type="way" ref="1359552376" role=""/>
  <member type="way" ref="1182800402" role=""/>
  <member type="way" ref="1359552381" role=""/>
  <member type="way" ref="715839334" role=""/>
  <member type="way" ref="723849326" role=""/>
  <member type="way" ref="1185915486" role=""/>
  <member type="way" ref="288732439" role=""/>
  <member type="way" ref="1144283676" role=""/>
  <member type="way" ref="817513414" role=""/>
  <member type="way" ref="1267006214" role=""/>
  <member type="way" ref="227739703" role=""/>
  <member type="way" ref="326849844" role=""/>
  <member type="way" ref="1201009711" role=""/>
  <member type="way" ref="193256696" role=""/>
  <member type="way" ref="1313420763" role=""/>
  <member type="way" ref="1267006215" role=""/>
  <member type="way" ref="747226800" role=""/>
  <member type="way" ref="326849845" role=""/>
  <member type="way" ref="408845370" role=""/>
  <member type="way" ref="747226801" role=""/>
  <member type="way" ref="1268643579" role=""/>
  <member type="way" ref="1391781905" role=""/>
  <member type="way" ref="58800527" role=""/>
  <member type="way" ref="1102263071" role=""/>
  <member type="way" ref="1173862243" role=""/>
  <member type="way" ref="1176140149" role=""/>
  <member type="way" ref="1184432371" role=""/>
  <member type="way" ref="1258912424" role=""/>
  <member type="way" ref="654864528" role=""/>
  <member type="way" ref="35113104" role=""/>
  <member type="way" ref="32577688" role=""/>
  <member type="way" ref="1267814252" role=""/>
  <member type="way" ref="1173856391" role=""/>
  <member type="way" ref="1267913083" role=""/>
  <member type="way" ref="599650678" role=""/>
  <member type="way" ref="1173855538" role=""/>
  <member type="way" ref="818992111" role=""/>
  <member type="way" ref="192512402" role=""/>
  <member type="way" ref="330532283" role=""/>
  <member type="way" ref="192512371" role=""/>
  <member type="way" ref="53551190" role=""/>
  <member type="way" ref="59986387" role=""/>
  <member type="way" ref="1344043030" role=""/>
  <member type="way" ref="1344797767" role=""/>
  <member type="way" ref="1344797761" role=""/>
  <member type="way" ref="977346737" role=""/>
  <member type="way" ref="404356160" role=""/>
  <member type="way" ref="977346738" role=""/>
  <member type="way" ref="192289472" role=""/>
  <member type="way" ref="306073180" role=""/>
  <member type="way" ref="1428979983" role=""/>
  <member type="way" ref="1346116868" role=""/>
  <member type="way" ref="1267913061" role=""/>
  <member type="way" ref="1449459857" role=""/>
  <member type="way" ref="1451410365" role=""/>
  <member type="way" ref="192289476" role=""/>
  <member type="way" ref="1343964564" role=""/>
  <member type="way" ref="1228548749" role=""/>
  <member type="way" ref="1441950911" role=""/>
  <member type="way" ref="1435974581" role=""/>
  <member type="way" ref="1441950913" role=""/>
  <member type="way" ref="404351362" role=""/>
  <member type="way" ref="1435974584" role=""/>
  <member type="way" ref="587812525" role=""/>
  <member type="way" ref="587812526" role=""/>
  <member type="way" ref="1156001595" role=""/>
  <member type="way" ref="604499634" role=""/>
  <member type="way" ref="719494696" role=""/>
  <member type="way" ref="566588297" role=""/>
  <member type="way" ref="566588298" role=""/>
  <member type="way" ref="1322906343" role=""/>
  <member type="way" ref="192289502" role=""/>
  <member type="way" ref="192289456" role=""/>
  <member type="way" ref="1435974596" role=""/>
  <member type="way" ref="192289504" role=""/>
  <member type="way" ref="719494701" role=""/>
  <member type="way" ref="1486306987" role=""/>
  <member type="way" ref="719488944" role=""/>
  <member type="way" ref="719488941" role=""/>
  <member type="way" ref="192289446" role=""/>
  <member type="way" ref="1179893875" role=""/>
  <member type="way" ref="1435976985" role=""/>
  <member type="way" ref="723889912" role=""/>
  <member type="way" ref="723889914" role=""/>
  <member type="way" ref="1322795556" role=""/>
  <member type="way" ref="723889913" role=""/>
  <member type="way" ref="191937834" role=""/>
  <member type="way" ref="1263684138" role=""/>
  <member type="way" ref="1263684130" role=""/>
  <member type="way" ref="720320623" role=""/>
  <member type="way" ref="1263684139" role=""/>
  <member type="way" ref="1263684136" role=""/>
  <member type="way" ref="720320624" role=""/>
  <member type="way" ref="59986383" role=""/>
  <member type="way" ref="32578431" role=""/>
  <member type="way" ref="1344368382" role=""/>
  <member type="way" ref="408229570" role=""/>
  <member type="way" ref="606903848" role=""/>
  <member type="way" ref="32577232" role=""/>
  <member type="way" ref="1396163001" role=""/>
  <member type="way" ref="1421078387" role=""/>
  <member type="way" ref="1396163000" role=""/>
  <member type="way" ref="408229568" role=""/>
  <member type="way" ref="1272185356" role=""/>
  <member type="way" ref="1344368378" role=""/>
  <member type="way" ref="1057552170" role=""/>
  <member type="way" ref="1073706930" role=""/>
  <member type="way" ref="1221434609" role=""/>
  <member type="way" ref="1203438638" role=""/>
  <member type="way" ref="408250489" role=""/>
  <member type="way" ref="1408702630" role=""/>
  <member type="way" ref="1317816170" role=""/>
  <member type="way" ref="1203438640" role=""/>
  <member type="way" ref="1317816171" role=""/>
  <member type="way" ref="802338945" role=""/>
  <member type="way" ref="330532340" role=""/>
  <member type="way" ref="191937850" role=""/>
  <member type="way" ref="1215970291" role=""/>
  <member type="way" ref="1215970290" role=""/>
  <member type="way" ref="720361261" role=""/>
  <member type="way" ref="1269264063" role=""/>
  <member type="way" ref="719482084" role=""/>
  <member type="way" ref="719462303" role=""/>
  <member type="way" ref="1435980094" role=""/>
  <member type="way" ref="404368566" role=""/>
  <member type="way" ref="1141872934" role=""/>
  <member type="way" ref="1141872937" role=""/>
  <member type="way" ref="718505943" role=""/>
  <member type="way" ref="718505944" role=""/>
  <member type="way" ref="1235783457" role=""/>
  <member type="way" ref="1278461443" role=""/>
  <member type="way" ref="722613242" role=""/>
  <member type="way" ref="1441950916" role=""/>
  <member type="way" ref="1441950917" role=""/>
  <member type="way" ref="722613243" role=""/>
  <member type="way" ref="290403929" role=""/>
  <member type="way" ref="1221478834" role=""/>
  <member type="way" ref="1221478830" role=""/>
  <member type="way" ref="1059661069" role=""/>
  <member type="way" ref="1059661070" role=""/>
  <member type="way" ref="185313613" role=""/>
  <member type="way" ref="1265471303" role=""/>
  <member type="way" ref="1110166573" role=""/>
  <member type="way" ref="1007188423" role=""/>
  <member type="way" ref="1165400859" role=""/>
  <member type="way" ref="223663125" role=""/>
  <member type="way" ref="1269264051" role=""/>
  <member type="way" ref="978419860" role=""/>
  <member type="way" ref="609426481" role=""/>
  <member type="way" ref="978419861" role=""/>
  <member type="way" ref="1435976976" role=""/>
  <tag k="charge" v="7000 VND"/>
  <tag k="colour" v="#4F0AFF"/>
  <tag k="fee" v="yes"/>
  <tag k="from" v="Bến xe Chợ Lớn"/>
  <tag k="interval" v="00:08-00:15"/>
  <tag k="name" v="Bến xe Chợ Lớn – Đại học Nông Lâm"/>
  <tag k="network" v="Xe buýt Thành phố Hồ Chí Minh"/>
  <tag k="network:wikidata" v="Q30919670"/>
  <tag k="opening_hours" v="Mo-Su 04:55-21:00"/>
  <tag k="operator" v="Công ty Cổ phần Xe khách Sài Gòn"/>
  <tag k="public_transport:version" v="2"/>
  <tag k="ref" v="06"/>
  <tag k="route" v="bus"/>
  <tag k="to" v="Đại học Nông Lâm"/>
  <tag k="type" v="route"/>
 </relation>
 <relation id="17375836" visible="true" version="2" changeset="157657857" timestamp="2024-10-09T07:05:45Z" user="edumiz624" uid="20881381">
  <member type="relation" ref="17375834" role=""/>
  <member type="relation" ref="17375835" role=""/>
  <tag k="name" v="Bến xe Chợ Lớn - Đại học Nông Lâm"/>
  <tag k="network" v="Xe buýt Thành phố Hồ Chí Minh"/>
  <tag k="network:wikidata" v="Q30919670"/>
  <tag k="operator" v="Công ty Cổ phần Xe khách Sài Gòn"/>
  <tag k="ref" v="06"/>
  <tag k="route_master" v="bus"/>
  <tag k="type" v="route_master"/>
 </relation>
 <relation id="17376396" visible="true" version="85" changeset="180334498" timestamp="2026-03-24T05:03:49Z" user="Trần Thanh Tuấn" uid="16014056">
  <member type="node" ref="9593196272" role="platform_entry_only"/>
  <member type="node" ref="3116882960" role="platform"/>
  <member type="node" ref="3116882962" role="platform"/>
  <member type="node" ref="11755528581" role="platform"/>
  <member type="node" ref="3116882966" role="platform"/>
  <member type="node" ref="4614188880" role="platform"/>
  <member type="node" ref="2392398232" role="platform"/>
  <member type="node" ref="4615972579" role="platform"/>
  <member type="node" ref="3116882975" role="platform"/>
  <member type="node" ref="3116882976" role="platform"/>
  <member type="node" ref="3116882980" role="platform"/>
  <member type="node" ref="9751137180" role="platform"/>
  <member type="node" ref="3116882983" role="platform"/>
  <member type="node" ref="5242148773" role="platform"/>
  <member type="node" ref="3116882987" role="platform"/>
  <member type="node" ref="3116882988" role="platform"/>
  <member type="node" ref="11755528589" role="platform"/>
  <member type="node" ref="3116882992" role="platform"/>
  <member type="node" ref="3116882994" role="platform"/>
  <member type="node" ref="3116882996" role="platform"/>
  <member type="node" ref="3116882997" role="platform"/>
  <member type="node" ref="3116882999" role="platform"/>
  <member type="node" ref="3116883004" role="platform"/>
  <member type="node" ref="11754611882" role="platform"/>
  <member type="node" ref="3372672461" role="platform"/>
  <member type="node" ref="1171615088" role="platform"/>
  <member type="node" ref="11755528596" role="platform"/>
  <member type="node" ref="1171615062" role="platform"/>
  <member type="node" ref="1271240171" role="platform"/>
  <member type="node" ref="1171615063" role="platform"/>
  <member type="node" ref="1171615064" role="platform"/>
  <member type="node" ref="1171615073" role="platform"/>
  <member type="node" ref="3141309028" role="platform"/>
  <member type="node" ref="1226457739" role="platform"/>
  <member type="node" ref="3141309629" role="platform"/>
  <member type="node" ref="4989081996" role="platform"/>
  <member type="node" ref="1226457742" role="platform"/>
  <member type="node" ref="3116339962" role="platform"/>
  <member type="node" ref="3116339964" role="platform"/>
  <member type="node" ref="1226494771" role="platform"/>
  <member type="node" ref="8995301271" role="platform"/>
  <member type="node" ref="8995806246" role="platform"/>
  <member type="node" ref="8995806250" role="platform"/>
  <member type="node" ref="11755528608" role="platform"/>
  <member type="node" ref="11755528610" role="platform"/>
  <member type="node" ref="3116353269" role="platform"/>
  <member type="node" ref="11755528611" role="platform"/>
  <member type="node" ref="3116353273" role="platform"/>
  <member type="node" ref="3116353274" role="platform"/>
  <member type="node" ref="3116353275" role="platform"/>
  <member type="node" ref="11755528612" role="platform"/>
  <member type="node" ref="3116353277" role="platform"/>
  <member type="node" ref="11755528615" role="platform"/>
  <member type="node" ref="3116353278" role="platform"/>
  <member type="node" ref="2984717728" role="platform"/>
  <member type="node" ref="2984717727" role="platform"/>
  <member type="node" ref="2984717726" role="platform"/>
  <member type="node" ref="2984717721" role="platform"/>
  <member type="node" ref="2984717719" role="platform"/>
  <member type="node" ref="11755184272" role="platform"/>
  <member type="node" ref="11755528617" role="platform"/>
  <member type="node" ref="11755184273" role="platform"/>
  <member type="node" ref="2984625915" role="platform"/>
  <member type="node" ref="11755528618" role="platform"/>
  <member type="node" ref="7183291637" role="platform"/>
  <member type="node" ref="11755528619" role="platform"/>
  <member type="node" ref="6543789617" role="platform"/>
  <member type="node" ref="6543789616" role="platform"/>
  <member type="node" ref="6742385295" role="platform"/>
  <member type="node" ref="4838067292" role="platform"/>
  <member type="node" ref="11755528620" role="platform"/>
  <member type="node" ref="11755528621" role="platform_exit_only"/>
  <member type="node" ref="11787220793" role="platform"/>
  <member type="way" ref="1265525401" role=""/>
  <member type="way" ref="1255936018" role=""/>
  <member type="way" ref="1010149952" role=""/>
  <member type="way" ref="919017043" role=""/>
  <member type="way" ref="919017042" role=""/>
  <member type="way" ref="193514969" role=""/>
  <member type="way" ref="1009761294" role=""/>
  <member type="way" ref="1009761292" role=""/>
  <member type="way" ref="1009761293" role=""/>
  <member type="way" ref="1009761297" role=""/>
  <member type="way" ref="799101177" role=""/>
  <member type="way" ref="228096693" role=""/>
  <member type="way" ref="193514968" role=""/>
  <member type="way" ref="721666955" role=""/>
  <member type="way" ref="1265525406" role=""/>
  <member type="way" ref="193514972" role=""/>
  <member type="way" ref="721704072" role=""/>
  <member type="way" ref="1009761304" role=""/>
  <member type="way" ref="1009761301" role=""/>
  <member type="way" ref="1009761300" role=""/>
  <member type="way" ref="193514976" role=""/>
  <member type="way" ref="1009761299" role=""/>
  <member type="way" ref="189017100" role=""/>
  <member type="way" ref="719969665" role=""/>
  <member type="way" ref="614724259" role=""/>
  <member type="way" ref="723184009" role=""/>
  <member type="way" ref="466067913" role=""/>
  <member type="way" ref="466008499" role=""/>
  <member type="way" ref="1265525408" role=""/>
  <member type="way" ref="32575864" role=""/>
  <member type="way" ref="722622675" role=""/>
  <member type="way" ref="466671837" role=""/>
  <member type="way" ref="623752778" role=""/>
  <member type="way" ref="716748281" role=""/>
  <member type="way" ref="715914019" role=""/>
  <member type="way" ref="716772938" role=""/>
  <member type="way" ref="716772937" role=""/>
  <member type="way" ref="716772936" role=""/>
  <member type="way" ref="221150538" role=""/>
  <member type="way" ref="719465515" role=""/>
  <member type="way" ref="1270907353" role=""/>
  <member type="way" ref="1270628961" role=""/>
  <member type="way" ref="719465514" role=""/>
  <member type="way" ref="1277704601" role=""/>
  <member type="way" ref="1269082103" role=""/>
  <member type="way" ref="408212916" role=""/>
  <member type="way" ref="1185441804" role=""/>
  <member type="way" ref="1488469980" role=""/>
  <member type="way" ref="220860889" role=""/>
  <member type="way" ref="1338226736" role=""/>
  <member type="way" ref="1338782256" role=""/>
  <member type="way" ref="1341471526" role=""/>
  <member type="way" ref="1296584904" role=""/>
  <member type="way" ref="1341471529" role=""/>
  <member type="way" ref="213726068" role=""/>
  <member type="way" ref="1322906347" role=""/>
  <member type="way" ref="213721187" role=""/>
  <member type="way" ref="1323053743" role=""/>
  <member type="way" ref="1265743181" role=""/>
  <member type="way" ref="297309165" role=""/>
  <member type="way" ref="197982856" role=""/>
  <member type="way" ref="195672066" role=""/>
  <member type="way" ref="702396717" role=""/>
  <member type="way" ref="1267048569" role=""/>
  <member type="way" ref="725158530" role=""/>
  <member type="way" ref="702396714" role=""/>
  <member type="way" ref="1267006218" role=""/>
  <member type="way" ref="211408582" role=""/>
  <member type="way" ref="1225349640" role=""/>
  <member type="way" ref="127306575" role=""/>
  <member type="way" ref="126759125" role=""/>
  <member type="way" ref="330071250" role=""/>
  <member type="way" ref="1413609457" role=""/>
  <member type="way" ref="1419976078" role=""/>
  <member type="way" ref="1225349644" role=""/>
  <member type="way" ref="327048051" role=""/>
  <member type="way" ref="83010306" role=""/>
  <member type="way" ref="1296261756" role=""/>
  <member type="way" ref="1282703812" role=""/>
  <member type="way" ref="1282703813" role=""/>
  <member type="way" ref="817909959" role=""/>
  <member type="way" ref="1197853015" role=""/>
  <member type="way" ref="1184435617" role=""/>
  <member type="way" ref="1184437261" role=""/>
  <member type="way" ref="366065242" role=""/>
  <member type="way" ref="1262096361" role=""/>
  <member type="way" ref="1262095919" role=""/>
  <member type="way" ref="1185472835" role=""/>
  <member type="way" ref="1185472834" role=""/>
  <member type="way" ref="1278390665" role=""/>
  <member type="way" ref="817906360" role=""/>
  <member type="way" ref="1331639089" role=""/>
  <member type="way" ref="1265822567" role=""/>
  <member type="way" ref="32585837" role=""/>
  <member type="way" ref="1329840020" role=""/>
  <member type="way" ref="1330537596" role=""/>
  <member type="way" ref="1329840021" role=""/>
  <member type="way" ref="408247780" role=""/>
  <member type="way" ref="1330786442" role=""/>
  <member type="way" ref="1330805319" role=""/>
  <member type="way" ref="138346606" role=""/>
  <member type="way" ref="138346603" role=""/>
  <member type="way" ref="694460678" role=""/>
  <member type="way" ref="817905978" role=""/>
  <member type="way" ref="330374254" role=""/>
  <member type="way" ref="1456869483" role=""/>
  <member type="way" ref="1330784594" role=""/>
  <member type="way" ref="1330784595" role=""/>
  <member type="way" ref="191666357" role=""/>
  <member type="way" ref="33103592" role=""/>
  <member type="way" ref="1330784598" role=""/>
  <member type="way" ref="1330784596" role=""/>
  <member type="way" ref="1411067484" role=""/>
  <member type="way" ref="193614216" role=""/>
  <member type="way" ref="330374266" role=""/>
  <member type="way" ref="1225826028" role=""/>
  <member type="way" ref="835972779" role=""/>
  <member type="way" ref="330374269" role=""/>
  <member type="way" ref="722367497" role=""/>
  <member type="way" ref="32582843" role=""/>
  <member type="way" ref="1008766763" role=""/>
  <member type="way" ref="32928944" role=""/>
  <member type="way" ref="722367500" role=""/>
  <member type="way" ref="722367499" role=""/>
  <member type="way" ref="722367502" role=""/>
  <member type="way" ref="308451238" role=""/>
  <member type="way" ref="1265525413" role=""/>
  <member type="way" ref="1161996189" role=""/>
  <member type="way" ref="368789462" role=""/>
  <member type="way" ref="1265525457" role=""/>
  <member type="way" ref="1126854346" role=""/>
  <member type="way" ref="606525370" role=""/>
  <member type="way" ref="404517878" role=""/>
  <member type="way" ref="1174687764" role=""/>
  <member type="way" ref="1174687763" role=""/>
  <member type="way" ref="1174687761" role=""/>
  <member type="way" ref="1174687762" role=""/>
  <member type="way" ref="1219668785" role=""/>
  <member type="way" ref="1219668784" role=""/>
  <member type="way" ref="1331884462" role=""/>
  <member type="way" ref="606547912" role=""/>
  <member type="way" ref="368785550" role=""/>
  <member type="way" ref="606521511" role=""/>
  <member type="way" ref="1156081393" role=""/>
  <member type="way" ref="1282361048" role=""/>
  <member type="way" ref="1265525440" role=""/>
  <member type="way" ref="606521503" role=""/>
  <member type="way" ref="32928902" role=""/>
  <member type="way" ref="607615098" role=""/>
  <member type="way" ref="607615097" role=""/>
  <member type="way" ref="224456765" role=""/>
  <member type="way" ref="1265525420" role=""/>
  <member type="way" ref="995149094" role=""/>
  <member type="way" ref="408229568" role=""/>
  <member type="way" ref="1272185356" role=""/>
  <member type="way" ref="1344368378" role=""/>
  <member type="way" ref="1057552170" role=""/>
  <member type="way" ref="1073706930" role=""/>
  <member type="way" ref="1221434609" role=""/>
  <member type="way" ref="1203438638" role=""/>
  <member type="way" ref="408250489" role=""/>
  <member type="way" ref="1408702630" role=""/>
  <member type="way" ref="1317816170" role=""/>
  <member type="way" ref="1203438640" role=""/>
  <member type="way" ref="1317816171" role=""/>
  <member type="way" ref="802338945" role=""/>
  <member type="way" ref="330532340" role=""/>
  <member type="way" ref="191937850" role=""/>
  <member type="way" ref="1215970291" role=""/>
  <member type="way" ref="1215970290" role=""/>
  <member type="way" ref="720361261" role=""/>
  <member type="way" ref="1269264063" role=""/>
  <member type="way" ref="719482084" role=""/>
  <member type="way" ref="719462303" role=""/>
  <member type="way" ref="1435980094" role=""/>
  <member type="way" ref="404368566" role=""/>
  <member type="way" ref="1141872934" role=""/>
  <member type="way" ref="1141872937" role=""/>
  <member type="way" ref="718505943" role=""/>
  <member type="way" ref="718505944" role=""/>
  <member type="way" ref="1235783457" role=""/>
  <member type="way" ref="1278461443" role=""/>
  <member type="way" ref="722613242" role=""/>
  <member type="way" ref="1441950916" role=""/>
  <member type="way" ref="1441950917" role=""/>
  <member type="way" ref="722613243" role=""/>
  <member type="way" ref="290403929" role=""/>
  <member type="way" ref="1221478834" role=""/>
  <member type="way" ref="1221478830" role=""/>
  <member type="way" ref="722541344" role=""/>
  <member type="way" ref="1021845069" role=""/>
  <member type="way" ref="566555201" role=""/>
  <member type="way" ref="977346744" role=""/>
  <member type="way" ref="722544493" role=""/>
  <member type="way" ref="1360096415" role=""/>
  <member type="way" ref="1012315232" role=""/>
  <member type="way" ref="1021065772" role=""/>
  <member type="way" ref="1021065774" role=""/>
  <member type="way" ref="1012315235" role=""/>
  <member type="way" ref="1411102034" role=""/>
  <member type="way" ref="1271931191" role=""/>
  <member type="way" ref="1012316328" role=""/>
  <member type="way" ref="1265525421" role=""/>
  <member type="way" ref="743232322" role=""/>
  <member type="way" ref="1163316778" role=""/>
  <member type="way" ref="1163316774" role=""/>
  <member type="way" ref="1220817439" role=""/>
  <member type="way" ref="743232320" role=""/>
  <member type="way" ref="619030684" role=""/>
  <member type="way" ref="1269082118" role=""/>
  <member type="way" ref="608214355" role=""/>
  <member type="way" ref="1269082112" role=""/>
  <member type="way" ref="211848193" role=""/>
  <member type="way" ref="1265525425" role=""/>
  <member type="way" ref="1267694062" role=""/>
  <member type="way" ref="291445894" role=""/>
  <member type="way" ref="1269264057" role=""/>
  <member type="way" ref="747175559" role=""/>
  <member type="way" ref="1267095233" role=""/>
  <member type="way" ref="1489694990" role=""/>
  <member type="way" ref="327427169" role=""/>
  <member type="way" ref="1269264052" role=""/>
  <member type="way" ref="1391858648" role=""/>
  <member type="way" ref="724387036" role=""/>
  <member type="way" ref="32581295" role=""/>
  <member type="way" ref="1265525423" role=""/>
  <member type="way" ref="1269082118" role=""/>
  <member type="way" ref="1265525433" role=""/>
  <member type="way" ref="736470716" role=""/>
  <tag k="charge" v="7000 VND"/>
  <tag k="colour" v="#4F0AFF"/>
  <tag k="fee" v="yes"/>
  <tag k="from" v="Bến xe Quận 8"/>
  <tag k="interval" v="00:04-00:15"/>
  <tag k="name" v="Bến xe Quận 8 - Đại học Quốc gia"/>
  <tag k="network" v="Xe buýt Thành phố Hồ Chí Minh"/>
  <tag k="network:wikidata" v="Q30919670"/>
  <tag k="opening_hours" v="Mo-Su 04:30-22:00"/>
  <tag k="operator" v="Công ty Cổ phần Xe khách Phương Trang - FUTA Bus Lines"/>
  <tag k="public_transport:version" v="2"/>
  <tag k="ref" v="08"/>
  <tag k="route" v="bus"/>
  <tag k="to" v="Đại học Quốc gia"/>
  <tag k="type" v="route"/>
 </relation>
 <relation id="17376398" visible="true" version="3" changeset="179388091" timestamp="2026-03-05T09:57:37Z" user="edumiz624" uid="20881381">
  <member type="relation" ref="17376396" role=""/>
  <member type="relation" ref="17376397" role=""/>
  <tag k="name" v="Bến xe Quận 8 - Đại học Quốc gia"/>
  <tag k="network" v="Xe buýt Thành phố Hồ Chí Minh"/>
  <tag k="network:wikidata" v="Q30919670"/>
  <tag k="operator" v="Công ty Cổ phần Xe khách Phương Trang - FUTA Bus Lines"/>
  <tag k="ref" v="08"/>
  <tag k="route_master" v="bus"/>
  <tag k="type" v="route_master"/>
 </relation>
 <relation id="17378945" visible="true" version="77" changeset="180518755" timestamp="2026-03-27T19:37:52Z" user="HoangQuanHDFPV" uid="22644759">
  <member type="node" ref="11755528621" role="platform_entry_only"/>
  <member type="node" ref="2984626239" role="platform"/>
  <member type="node" ref="6742352526" role="platform"/>
  <member type="node" ref="4765823672" role="platform"/>
  <member type="node" ref="11755528620" role="platform"/>
  <member type="node" ref="11755528622" role="platform"/>
  <member type="node" ref="7183291636" role="platform"/>
  <member type="node" ref="11755184279" role="platform"/>
  <member type="node" ref="11755184280" role="platform"/>
  <member type="node" ref="3148967606" role="platform"/>
  <member type="node" ref="11335586132" role="platform"/>
  <member type="node" ref="11337172377" role="platform"/>
  <member type="node" ref="11337172375" role="platform"/>
  <member type="node" ref="11337172379" role="platform"/>
  <member type="node" ref="11755184285" role="platform"/>
  <member type="node" ref="11337172374" role="platform"/>
  <member type="node" ref="11337172378" role="platform"/>
  <member type="node" ref="11704307870" role="platform"/>
  <member type="node" ref="11755184286" role="platform"/>
  <member type="node" ref="11755184287" role="platform"/>
  <member type="node" ref="2673074380" role="platform"/>
  <member type="node" ref="11755184289" role="platform"/>
  <member type="node" ref="11625828069" role="platform"/>
  <member type="node" ref="11755184290" role="platform"/>
  <member type="node" ref="11755184291" role="platform"/>
  <member type="node" ref="11782827574" role="platform"/>
  <member type="node" ref="1497313167" role="platform"/>
  <member type="node" ref="3162543049" role="platform"/>
  <member type="node" ref="5199014721" role="platform"/>
  <member type="node" ref="3162508870" role="platform"/>
  <member type="node" ref="3162508871" role="platform"/>
  <member type="node" ref="11771724353" role="platform"/>
  <member type="node" ref="3162508872" role="platform"/>
  <member type="node" ref="11768103489" role="platform"/>
  <member type="node" ref="11757109507" role="platform"/>
  <member type="node" ref="3162506784" role="platform"/>
  <member type="node" ref="4646788531" role="platform"/>
  <member type="node" ref="11755184342" role="platform"/>
  <member type="node" ref="11755184343" role="platform"/>
  <member type="node" ref="11755184344" role="platform"/>
  <member type="node" ref="3160527872" role="platform"/>
  <member type="node" ref="11755184345" role="platform"/>
  <member type="node" ref="11755184346" role="platform"/>
  <member type="node" ref="11755184347" role="platform"/>
  <member type="node" ref="4623078286" role="platform"/>
  <member type="node" ref="3150110708" role="platform"/>
  <member type="node" ref="11755184349" role="platform"/>
  <member type="node" ref="11755184350" role="platform"/>
  <member type="node" ref="11755184351" role="platform"/>
  <member type="node" ref="9667135117" role="platform"/>
  <member type="node" ref="11755184300" role="platform"/>
  <member type="node" ref="3116315721" role="platform"/>
  <member type="node" ref="2392398227" role="platform"/>
  <member type="node" ref="4614188879" role="platform"/>
  <member type="node" ref="9042277025" role="platform"/>
  <member type="node" ref="9042277026" role="platform"/>
  <member type="node" ref="11766257769" role="platform"/>
  <member type="node" ref="11766257770" role="platform"/>
  <member type="node" ref="11757109508" role="platform"/>
  <member type="node" ref="11766257771" role="platform"/>
  <member type="node" ref="11766257772" role="platform"/>
  <member type="node" ref="3160562076" role="platform"/>
  <member type="node" ref="11766257774" role="platform"/>
  <member type="node" ref="11766257775" role="platform"/>
  <member type="node" ref="3160562074" role="platform"/>
  <member type="node" ref="11757081909" role="platform"/>
  <member type="node" ref="11757081910" role="platform"/>
  <member type="node" ref="11757081911" role="platform"/>
  <member type="node" ref="9587252977" role="platform_exit_only"/>
  <member type="node" ref="6841128309" role="platform"/>
  <member type="node" ref="12451337730" role="platform"/>
  <member type="node" ref="3148967611" role="platform"/>
  <member type="way" ref="736470716" role=""/>
  <member type="way" ref="1244827205" role=""/>
  <member type="way" ref="1265525435" role=""/>
  <member type="way" ref="1269082118" role=""/>
  <member type="way" ref="608214355" role=""/>
  <member type="way" ref="1265525424" role=""/>
  <member type="way" ref="1267694074" role=""/>
  <member type="way" ref="32581295" role=""/>
  <member type="way" ref="724387037" role=""/>
  <member type="way" ref="1269264054" role=""/>
  <member type="way" ref="1391858650" role=""/>
  <member type="way" ref="1265525428" role=""/>
  <member type="way" ref="1269264043" role=""/>
  <member type="way" ref="1265525429" role=""/>
  <member type="way" ref="327427168" role=""/>
  <member type="way" ref="747175560" role=""/>
  <member type="way" ref="1265525427" role=""/>
  <member type="way" ref="1269264059" role=""/>
  <member type="way" ref="291445895" role=""/>
  <member type="way" ref="291445892" role=""/>
  <member type="way" ref="1269264053" role=""/>
  <member type="way" ref="291445897" role=""/>
  <member type="way" ref="1267694074" role=""/>
  <member type="way" ref="1265525423" role=""/>
  <member type="way" ref="1269082118" role=""/>
  <member type="way" ref="619030684" role=""/>
  <member type="way" ref="743232320" role=""/>
  <member type="way" ref="1411102033" role=""/>
  <member type="way" ref="1102615852" role=""/>
  <member type="way" ref="1102615854" role=""/>
  <member type="way" ref="743232319" role=""/>
  <member type="way" ref="1265525438" role=""/>
  <member type="way" ref="1315050998" role=""/>
  <member type="way" ref="1221477947" role=""/>
  <member type="way" ref="1221477948" role=""/>
  <member type="way" ref="32899358" role=""/>
  <member type="way" ref="1221478831" role=""/>
  <member type="way" ref="1221478835" role=""/>
  <member type="way" ref="1087001352" role=""/>
  <member type="way" ref="1346116875" role=""/>
  <member type="way" ref="1451410369" role=""/>
  <member type="way" ref="1319661272" role=""/>
  <member type="way" ref="1220429670" role=""/>
  <member type="way" ref="1087001353" role=""/>
  <member type="way" ref="1087001356" role=""/>
  <member type="way" ref="610137696" role=""/>
  <member type="way" ref="610137703" role=""/>
  <member type="way" ref="718505945" role=""/>
  <member type="way" ref="1463428417" role=""/>
  <member type="way" ref="610137706" role=""/>
  <member type="way" ref="1435980097" role=""/>
  <member type="way" ref="722051479" role=""/>
  <member type="way" ref="610137708" role=""/>
  <member type="way" ref="211840922" role=""/>
  <member type="way" ref="1270139985" role=""/>
  <member type="way" ref="218227253" role=""/>
  <member type="way" ref="722058131" role=""/>
  <member type="way" ref="1435977458" role=""/>
  <member type="way" ref="722058129" role=""/>
  <member type="way" ref="1435977459" role=""/>
  <member type="way" ref="722059136" role=""/>
  <member type="way" ref="1435976994" role=""/>
  <member type="way" ref="722059134" role=""/>
  <member type="way" ref="1435976993" role=""/>
  <member type="way" ref="722059133" role=""/>
  <member type="way" ref="606240980" role=""/>
  <member type="way" ref="722059828" role=""/>
  <member type="way" ref="1322795553" role=""/>
  <member type="way" ref="606240977" role=""/>
  <member type="way" ref="722308479" role=""/>
  <member type="way" ref="722308478" role=""/>
  <member type="way" ref="1435976980" role=""/>
  <member type="way" ref="236502610" role=""/>
  <member type="way" ref="192289449" role=""/>
  <member type="way" ref="1179893872" role=""/>
  <member type="way" ref="1179893877" role=""/>
  <member type="way" ref="1435974593" role=""/>
  <member type="way" ref="604469774" role=""/>
  <member type="way" ref="1104932698" role=""/>
  <member type="way" ref="604469777" role=""/>
  <member type="way" ref="1346116861" role=""/>
  <member type="way" ref="566594769" role=""/>
  <member type="way" ref="723560789" role=""/>
  <member type="way" ref="1435974587" role=""/>
  <member type="way" ref="1435974588" role=""/>
  <member type="way" ref="1220307737" role=""/>
  <member type="way" ref="1220307738" role=""/>
  <member type="way" ref="719495581" role=""/>
  <member type="way" ref="1220307329" role=""/>
  <member type="way" ref="1220307330" role=""/>
  <member type="way" ref="404353953" role=""/>
  <member type="way" ref="1343964570" role=""/>
  <member type="way" ref="404353952" role=""/>
  <member type="way" ref="1346116855" role=""/>
  <member type="way" ref="1274615190" role=""/>
  <member type="way" ref="1346116858" role=""/>
  <member type="way" ref="1278461447" role=""/>
  <member type="way" ref="1291185292" role=""/>
  <member type="way" ref="1278461448" role=""/>
  <member type="way" ref="1464490349" role=""/>
  <member type="way" ref="192289484" role=""/>
  <member type="way" ref="1424698019" role=""/>
  <member type="way" ref="1346116866" role=""/>
  <member type="way" ref="192289478" role=""/>
  <member type="way" ref="978724174" role=""/>
  <member type="way" ref="978724173" role=""/>
  <member type="way" ref="1344797769" role=""/>
  <member type="way" ref="1453156276" role=""/>
  <member type="way" ref="1434431137" role=""/>
  <member type="way" ref="1344797764" role=""/>
  <member type="way" ref="855212185" role=""/>
  <member type="way" ref="33103624" role=""/>
  <member type="way" ref="1265743196" role=""/>
  <member type="way" ref="55880235" role=""/>
  <member type="way" ref="1421503181" role=""/>
  <member type="way" ref="977523910" role=""/>
  <member type="way" ref="330532364" role=""/>
  <member type="way" ref="1278461429" role=""/>
  <member type="way" ref="1265471308" role=""/>
  <member type="way" ref="971692819" role=""/>
  <member type="way" ref="1265700913" role=""/>
  <member type="way" ref="192512353" role=""/>
  <member type="way" ref="192512312" role=""/>
  <member type="way" ref="192512363" role=""/>
  <member type="way" ref="326771003" role=""/>
  <member type="way" ref="211408041" role=""/>
  <member type="way" ref="35114264" role=""/>
  <member type="way" ref="1463428421" role=""/>
  <member type="way" ref="1493495956" role=""/>
  <member type="way" ref="189165798" role=""/>
  <member type="way" ref="408241500" role=""/>
  <member type="way" ref="1199357654" role=""/>
  <member type="way" ref="1361942026" role=""/>
  <member type="way" ref="189165791" role=""/>
  <member type="way" ref="408247778" role=""/>
  <member type="way" ref="1265822555" role=""/>
  <member type="way" ref="1225428616" role=""/>
  <member type="way" ref="1177480626" role=""/>
  <member type="way" ref="1177480625" role=""/>
  <member type="way" ref="706343734" role=""/>
  <member type="way" ref="1198467815" role=""/>
  <member type="way" ref="1198467816" role=""/>
  <member type="way" ref="1265822568" role=""/>
  <member type="way" ref="1464602837" role=""/>
  <member type="way" ref="1267462159" role=""/>
  <member type="way" ref="35115167" role=""/>
  <member type="way" ref="326849849" role=""/>
  <member type="way" ref="326849848" role=""/>
  <member type="way" ref="220216393" role=""/>
  <member type="way" ref="220216407" role=""/>
  <member type="way" ref="1267006216" role=""/>
  <member type="way" ref="654858165" role=""/>
  <member type="way" ref="654858167" role=""/>
  <member type="way" ref="1177449288" role=""/>
  <member type="way" ref="35115031" role=""/>
  <member type="way" ref="1174215951" role=""/>
  <member type="way" ref="1265471325" role=""/>
  <member type="way" ref="1265743179" role=""/>
  <member type="way" ref="235283467" role=""/>
  <member type="way" ref="818991379" role=""/>
  <member type="way" ref="818991380" role=""/>
  <member type="way" ref="817504917" role=""/>
  <member type="way" ref="470506018" role=""/>
  <member type="way" ref="1214778165" role=""/>
  <member type="way" ref="810655772" role=""/>
  <member type="way" ref="723834477" role=""/>
  <member type="way" ref="468434637" role=""/>
  <member type="way" ref="468434638" role=""/>
  <member type="way" ref="1232179871" role=""/>
  <member type="way" ref="717714087" role=""/>
  <member type="way" ref="1267828462" role=""/>
  <member type="way" ref="1303524687" role=""/>
  <member type="way" ref="607582833" role=""/>
  <member type="way" ref="32577684" role=""/>
  <member type="way" ref="1178203610" role=""/>
  <member type="way" ref="1178203609" role=""/>
  <member type="way" ref="971692805" role=""/>
  <member type="way" ref="1265471328" role=""/>
  <member type="way" ref="1265471329" role=""/>
  <member type="way" ref="466900849" role=""/>
  <member type="way" ref="1173638566" role=""/>
  <member type="way" ref="1265471330" role=""/>
  <member type="way" ref="210268958" role=""/>
  <member type="way" ref="1179695684" role=""/>
  <member type="way" ref="717325443" role=""/>
  <member type="way" ref="717325442" role=""/>
  <member type="way" ref="1265525446" role=""/>
  <member type="way" ref="717325444" role=""/>
  <member type="way" ref="716809429" role=""/>
  <member type="way" ref="716914325" role=""/>
  <member type="way" ref="466671832" role=""/>
  <member type="way" ref="623752774" role=""/>
  <member type="way" ref="466671837" role=""/>
  <member type="way" ref="722622674" role=""/>
  <member type="way" ref="466671834" role=""/>
  <member type="way" ref="977120849" role=""/>
  <member type="way" ref="1226411870" role=""/>
  <member type="way" ref="1486223477" role=""/>
  <member type="way" ref="471067921" role=""/>
  <member type="way" ref="713808806" role=""/>
  <member type="way" ref="713808807" role=""/>
  <member type="way" ref="721740241" role=""/>
  <member type="way" ref="721740238" role=""/>
  <member type="way" ref="330374261" role=""/>
  <member type="way" ref="971864710" role=""/>
  <member type="way" ref="971864709" role=""/>
  <member type="way" ref="189027809" role=""/>
  <member type="way" ref="476903112" role=""/>
  <member type="way" ref="721735296" role=""/>
  <member type="way" ref="697064432" role=""/>
  <member type="way" ref="715522579" role=""/>
  <member type="way" ref="715522578" role=""/>
  <member type="way" ref="697064436" role=""/>
  <member type="way" ref="612818755" role=""/>
  <member type="way" ref="33572195" role=""/>
  <member type="way" ref="612818752" role=""/>
  <member type="way" ref="1214452678" role=""/>
  <member type="way" ref="706562604" role=""/>
  <member type="way" ref="706562600" role=""/>
  <member type="way" ref="706562602" role=""/>
  <member type="way" ref="1270595446" role=""/>
  <member type="way" ref="1332564952" role=""/>
  <member type="way" ref="254032690" role=""/>
  <member type="way" ref="1287998028" role=""/>
  <member type="way" ref="1287998029" role=""/>
  <member type="way" ref="714061440" role=""/>
  <member type="way" ref="714061441" role=""/>
  <member type="way" ref="1273545103" role=""/>
  <member type="way" ref="1275903826" role=""/>
  <member type="way" ref="1265700909" role=""/>
  <member type="way" ref="227520319" role=""/>
  <member type="way" ref="1344677946" role=""/>
  <member type="way" ref="612501703" role=""/>
  <member type="way" ref="612501705" role=""/>
  <member type="way" ref="612501706" role=""/>
  <member type="way" ref="1265700919" role=""/>
  <member type="way" ref="298375568" role=""/>
  <member type="way" ref="227520314" role=""/>
  <member type="way" ref="227520317" role=""/>
  <member type="way" ref="1285833338" role=""/>
  <member type="way" ref="1435980099" role=""/>
  <tag k="charge" v="7000 VND"/>
  <tag k="colour" v="#4F0AFF"/>
  <tag k="fee" v="yes"/>
  <tag k="from" v="Đại học Quốc gia"/>
  <tag k="interval" v="00:15-00:25"/>
  <tag k="name" v="Đại học Quốc gia - Bến xe Miền Tây"/>
  <tag k="network" v="Xe buýt Thành phố Hồ Chí Minh"/>
  <tag k="network:wikidata" v="Q30919670"/>
  <tag k="opening_hours" v="Mo-Su 04:45-21:00"/>
  <tag k="operator" v="Công ty Cổ phần Xe khách Sài Gòn"/>
  <tag k="public_transport:version" v="2"/>
  <tag k="ref" v="10"/>
  <tag k="route" v="bus"/>
  <tag k="to" v="Bến xe Miền Tây"/>
  <tag k="type" v="route"/>
 </relation>
 <relation id="17378946" visible="true" version="74" changeset="180334498" timestamp="2026-03-24T05:03:49Z" user="Trần Thanh Tuấn" uid="16014056">
  <member type="node" ref="9587252977" role="platform_entry_only"/>
  <member type="node" ref="3160552800" role="platform"/>
  <member type="node" ref="3160552801" role="platform"/>
  <member type="node" ref="11768041158" role="platform"/>
  <member type="node" ref="11768041159" role="platform"/>
  <member type="node" ref="11768041160" role="platform"/>
  <member type="node" ref="11768041161" role="platform"/>
  <member type="node" ref="11768041162" role="platform"/>
  <member type="node" ref="5772562649" role="platform"/>
  <member type="node" ref="11768041163" role="platform"/>
  <member type="node" ref="9042278313" role="platform"/>
  <member type="node" ref="11755184302" role="platform"/>
  <member type="node" ref="9042278316" role="platform"/>
  <member type="node" ref="4614188880" role="platform"/>
  <member type="node" ref="2392398232" role="platform"/>
  <member type="node" ref="4615972579" role="platform"/>
  <member type="node" ref="6315672406" role="platform"/>
  <member type="node" ref="9667135118" role="platform"/>
  <member type="node" ref="3116315718" role="platform"/>
  <member type="node" ref="11755184303" role="platform"/>
  <member type="node" ref="11755184304" role="platform"/>
  <member type="node" ref="11755184305" role="platform"/>
  <member type="node" ref="4623078285" role="platform"/>
  <member type="node" ref="4623079391" role="platform"/>
  <member type="node" ref="3150775221" role="platform"/>
  <member type="node" ref="3150775223" role="platform"/>
  <member type="node" ref="11757109512" role="platform"/>
  <member type="node" ref="11813095034" role="platform"/>
  <member type="node" ref="3116339946" role="platform"/>
  <member type="node" ref="11813095035" role="platform"/>
  <member type="node" ref="3116339948" role="platform"/>
  <member type="node" ref="3116339949" role="platform"/>
  <member type="node" ref="3116339950" role="platform"/>
  <member type="node" ref="3116339951" role="platform"/>
  <member type="node" ref="3116339952" role="platform"/>
  <member type="node" ref="3116339953" role="platform"/>
  <member type="node" ref="3116339954" role="platform"/>
  <member type="node" ref="11757109514" role="platform"/>
  <member type="node" ref="3162543050" role="platform"/>
  <member type="node" ref="11782827572" role="platform"/>
  <member type="node" ref="11782827573" role="platform"/>
  <member type="node" ref="9585048355" role="platform"/>
  <member type="node" ref="11363404641" role="platform"/>
  <member type="node" ref="11363404642" role="platform"/>
  <member type="node" ref="11755160658" role="platform"/>
  <member type="node" ref="11755160659" role="platform"/>
  <member type="node" ref="11755160660" role="platform"/>
  <member type="node" ref="11755160661" role="platform"/>
  <member type="node" ref="11755160662" role="platform"/>
  <member type="node" ref="11755160663" role="platform"/>
  <member type="node" ref="11755160664" role="platform"/>
  <member type="node" ref="11755160665" role="platform"/>
  <member type="node" ref="11789253345" role="platform"/>
  <member type="node" ref="3230448898" role="platform"/>
  <member type="node" ref="3230448899" role="platform"/>
  <member type="node" ref="11771724343" role="platform"/>
  <member type="node" ref="11755184272" role="platform"/>
  <member type="node" ref="11755528617" role="platform"/>
  <member type="node" ref="11755184273" role="platform"/>
  <member type="node" ref="2984625915" role="platform"/>
  <member type="node" ref="11755528618" role="platform"/>
  <member type="node" ref="7183291637" role="platform"/>
  <member type="node" ref="11755528619" role="platform"/>
  <member type="node" ref="6543789617" role="platform"/>
  <member type="node" ref="6543789616" role="platform"/>
  <member type="node" ref="6742385295" role="platform"/>
  <member type="node" ref="4838067292" role="platform"/>
  <member type="node" ref="11755528620" role="platform"/>
  <member type="node" ref="11755528621" role="platform_exit_only"/>
  <member type="node" ref="12451337732" role="platform"/>
  <member type="node" ref="11787220793" role="platform"/>
  <member type="way" ref="1285833338" role=""/>
  <member type="way" ref="975991761" role=""/>
  <member type="way" ref="327181437" role=""/>
  <member type="way" ref="612501704" role=""/>
  <member type="way" ref="703300033" role=""/>
  <member type="way" ref="1270628946" role=""/>
  <member type="way" ref="1265700918" role=""/>
  <member type="way" ref="1273545102" role=""/>
  <member type="way" ref="714061441" role=""/>
  <member type="way" ref="714061439" role=""/>
  <member type="way" ref="1287998029" role=""/>
  <member type="way" ref="1287998028" role=""/>
  <member type="way" ref="254032690" role=""/>
  <member type="way" ref="1332564952" role=""/>
  <member type="way" ref="1270628948" role=""/>
  <member type="way" ref="1332564951" role=""/>
  <member type="way" ref="706562603" role=""/>
  <member type="way" ref="706562600" role=""/>
  <member type="way" ref="706562601" role=""/>
  <member type="way" ref="612818750" role=""/>
  <member type="way" ref="612818763" role=""/>
  <member type="way" ref="612818758" role=""/>
  <member type="way" ref="697064437" role=""/>
  <member type="way" ref="715522582" role=""/>
  <member type="way" ref="697064432" role=""/>
  <member type="way" ref="721735296" role=""/>
  <member type="way" ref="721738758" role=""/>
  <member type="way" ref="463031681" role=""/>
  <member type="way" ref="971952463" role=""/>
  <member type="way" ref="189017054" role=""/>
  <member type="way" ref="977120848" role=""/>
  <member type="way" ref="1265525447" role=""/>
  <member type="way" ref="1265525408" role=""/>
  <member type="way" ref="32575864" role=""/>
  <member type="way" ref="722622675" role=""/>
  <member type="way" ref="466671837" role=""/>
  <member type="way" ref="623752778" role=""/>
  <member type="way" ref="716748281" role=""/>
  <member type="way" ref="715914019" role=""/>
  <member type="way" ref="716772938" role=""/>
  <member type="way" ref="716772937" role=""/>
  <member type="way" ref="716772936" role=""/>
  <member type="way" ref="716774358" role=""/>
  <member type="way" ref="717310025" role=""/>
  <member type="way" ref="1215981750" role=""/>
  <member type="way" ref="717310026" role=""/>
  <member type="way" ref="715914018" role=""/>
  <member type="way" ref="715914017" role=""/>
  <member type="way" ref="189067596" role=""/>
  <member type="way" ref="715914016" role=""/>
  <member type="way" ref="1344783036" role=""/>
  <member type="way" ref="1018414094" role=""/>
  <member type="way" ref="330532328" role=""/>
  <member type="way" ref="719951933" role=""/>
  <member type="way" ref="1018414095" role=""/>
  <member type="way" ref="1268643569" role=""/>
  <member type="way" ref="1268643583" role=""/>
  <member type="way" ref="1265471311" role=""/>
  <member type="way" ref="1178204264" role=""/>
  <member type="way" ref="1178204263" role=""/>
  <member type="way" ref="289862908" role=""/>
  <member type="way" ref="717714099" role=""/>
  <member type="way" ref="1265700922" role=""/>
  <member type="way" ref="714014819" role=""/>
  <member type="way" ref="717610815" role=""/>
  <member type="way" ref="714014817" role=""/>
  <member type="way" ref="1267886073" role=""/>
  <member type="way" ref="468434636" role=""/>
  <member type="way" ref="1018414105" role=""/>
  <member type="way" ref="35114928" role=""/>
  <member type="way" ref="1018414104" role=""/>
  <member type="way" ref="1018414103" role=""/>
  <member type="way" ref="1018414102" role=""/>
  <member type="way" ref="1018414108" role=""/>
  <member type="way" ref="189165773" role=""/>
  <member type="way" ref="1018414111" role=""/>
  <member type="way" ref="327097661" role=""/>
  <member type="way" ref="723832756" role=""/>
  <member type="way" ref="1331550078" role=""/>
  <member type="way" ref="1331550079" role=""/>
  <member type="way" ref="1307177179" role=""/>
  <member type="way" ref="1056695383" role=""/>
  <member type="way" ref="408246127" role=""/>
  <member type="way" ref="723594455" role=""/>
  <member type="way" ref="723823267" role=""/>
  <member type="way" ref="723823266" role=""/>
  <member type="way" ref="408246393" role=""/>
  <member type="way" ref="1275903827" role=""/>
  <member type="way" ref="327074920" role=""/>
  <member type="way" ref="1267462152" role=""/>
  <member type="way" ref="1422795956" role=""/>
  <member type="way" ref="1422795957" role=""/>
  <member type="way" ref="408153725" role=""/>
  <member type="way" ref="408246548" role=""/>
  <member type="way" ref="1225428614" role=""/>
  <member type="way" ref="1173848121" role=""/>
  <member type="way" ref="1173848122" role=""/>
  <member type="way" ref="189165780" role=""/>
  <member type="way" ref="1351997281" role=""/>
  <member type="way" ref="1361942027" role=""/>
  <member type="way" ref="53553363" role=""/>
  <member type="way" ref="1412520605" role=""/>
  <member type="way" ref="1268643578" role=""/>
  <member type="way" ref="53553128" role=""/>
  <member type="way" ref="1463428422" role=""/>
  <member type="way" ref="189165785" role=""/>
  <member type="way" ref="53553099" role=""/>
  <member type="way" ref="1453156273" role=""/>
  <member type="way" ref="1344043029" role=""/>
  <member type="way" ref="192512333" role=""/>
  <member type="way" ref="192512365" role=""/>
  <member type="way" ref="192512383" role=""/>
  <member type="way" ref="1265700924" role=""/>
  <member type="way" ref="971692798" role=""/>
  <member type="way" ref="977346734" role=""/>
  <member type="way" ref="1278461430" role=""/>
  <member type="way" ref="1421503182" role=""/>
  <member type="way" ref="192512337" role=""/>
  <member type="way" ref="330532283" role=""/>
  <member type="way" ref="192512371" role=""/>
  <member type="way" ref="53551190" role=""/>
  <member type="way" ref="59986387" role=""/>
  <member type="way" ref="1344043030" role=""/>
  <member type="way" ref="1344797767" role=""/>
  <member type="way" ref="1344797761" role=""/>
  <member type="way" ref="977346737" role=""/>
  <member type="way" ref="404356160" role=""/>
  <member type="way" ref="977346738" role=""/>
  <member type="way" ref="192289472" role=""/>
  <member type="way" ref="306073180" role=""/>
  <member type="way" ref="1428979983" role=""/>
  <member type="way" ref="1346116868" role=""/>
  <member type="way" ref="1267913061" role=""/>
  <member type="way" ref="1449459857" role=""/>
  <member type="way" ref="1451410365" role=""/>
  <member type="way" ref="192289476" role=""/>
  <member type="way" ref="1343964564" role=""/>
  <member type="way" ref="1228548749" role=""/>
  <member type="way" ref="1441950911" role=""/>
  <member type="way" ref="1435974581" role=""/>
  <member type="way" ref="1441950913" role=""/>
  <member type="way" ref="404351362" role=""/>
  <member type="way" ref="1435974584" role=""/>
  <member type="way" ref="587812525" role=""/>
  <member type="way" ref="587812526" role=""/>
  <member type="way" ref="1156001595" role=""/>
  <member type="way" ref="604499634" role=""/>
  <member type="way" ref="719494696" role=""/>
  <member type="way" ref="566588297" role=""/>
  <member type="way" ref="566588298" role=""/>
  <member type="way" ref="1322906343" role=""/>
  <member type="way" ref="192289502" role=""/>
  <member type="way" ref="192289456" role=""/>
  <member type="way" ref="1435974595" role=""/>
  <member type="way" ref="719494703" role=""/>
  <member type="way" ref="1435976975" role=""/>
  <member type="way" ref="1486306987" role=""/>
  <member type="way" ref="719488944" role=""/>
  <member type="way" ref="719488941" role=""/>
  <member type="way" ref="192289446" role=""/>
  <member type="way" ref="1179893875" role=""/>
  <member type="way" ref="1435976985" role=""/>
  <member type="way" ref="723889912" role=""/>
  <member type="way" ref="723889914" role=""/>
  <member type="way" ref="1322795556" role=""/>
  <member type="way" ref="723889913" role=""/>
  <member type="way" ref="191937834" role=""/>
  <member type="way" ref="1263684138" role=""/>
  <member type="way" ref="1263684130" role=""/>
  <member type="way" ref="1263684135" role=""/>
  <member type="way" ref="719482081" role=""/>
  <member type="way" ref="330532348" role=""/>
  <member type="way" ref="1228592565" role=""/>
  <member type="way" ref="720360984" role=""/>
  <member type="way" ref="404368564" role=""/>
  <member type="way" ref="719494700" role=""/>
  <member type="way" ref="1269264063" role=""/>
  <member type="way" ref="719482084" role=""/>
  <member type="way" ref="719462303" role=""/>
  <member type="way" ref="1435980094" role=""/>
  <member type="way" ref="404368566" role=""/>
  <member type="way" ref="1141872934" role=""/>
  <member type="way" ref="1141872937" role=""/>
  <member type="way" ref="718505943" role=""/>
  <member type="way" ref="718505944" role=""/>
  <member type="way" ref="1235783457" role=""/>
  <member type="way" ref="1278461443" role=""/>
  <member type="way" ref="722613242" role=""/>
  <member type="way" ref="1441950916" role=""/>
  <member type="way" ref="1441950917" role=""/>
  <member type="way" ref="722613243" role=""/>
  <member type="way" ref="290403929" role=""/>
  <member type="way" ref="1221478834" role=""/>
  <member type="way" ref="1221478830" role=""/>
  <member type="way" ref="722541344" role=""/>
  <member type="way" ref="1021845069" role=""/>
  <member type="way" ref="566555201" role=""/>
  <member type="way" ref="977346744" role=""/>
  <member type="way" ref="722544493" role=""/>
  <member type="way" ref="1360096415" role=""/>
  <member type="way" ref="1012315232" role=""/>
  <member type="way" ref="1021065772" role=""/>
  <member type="way" ref="1021065774" role=""/>
  <member type="way" ref="1012315235" role=""/>
  <member type="way" ref="1411102034" role=""/>
  <member type="way" ref="1271931191" role=""/>
  <member type="way" ref="1012316328" role=""/>
  <member type="way" ref="1265525421" role=""/>
  <member type="way" ref="743232322" role=""/>
  <member type="way" ref="1163316778" role=""/>
  <member type="way" ref="1163316774" role=""/>
  <member type="way" ref="1220817439" role=""/>
  <member type="way" ref="743232320" role=""/>
  <member type="way" ref="619030684" role=""/>
  <member type="way" ref="1269082118" role=""/>
  <member type="way" ref="608214355" role=""/>
  <member type="way" ref="1269082112" role=""/>
  <member type="way" ref="211848193" role=""/>
  <member type="way" ref="1265525425" role=""/>
  <member type="way" ref="1267694062" role=""/>
  <member type="way" ref="291445894" role=""/>
  <member type="way" ref="1269264057" role=""/>
  <member type="way" ref="747175559" role=""/>
  <member type="way" ref="1267095233" role=""/>
  <member type="way" ref="1489694990" role=""/>
  <member type="way" ref="327427169" role=""/>
  <member type="way" ref="1269264052" role=""/>
  <member type="way" ref="1391858648" role=""/>
  <member type="way" ref="724387036" role=""/>
  <member type="way" ref="32581295" role=""/>
  <member type="way" ref="1265525423" role=""/>
  <member type="way" ref="1269082118" role=""/>
  <member type="way" ref="1265525433" role=""/>
  <member type="way" ref="736470716" role=""/>
  <member type="way" ref="1435976976" role=""/>
  <tag k="charge" v="7000 VND"/>
  <tag k="colour" v="#4F0AFF"/>
  <tag k="fee" v="yes"/>
  <tag k="from" v="Bến xe Miền Tây"/>
  <tag k="interval" v="00:15-00:25"/>
  <tag k="name" v="Bến xe Miền Tây - Đại học Quốc gia"/>
  <tag k="network" v="Xe buýt Thành phố Hồ Chí Minh"/>
  <tag k="network:wikidata" v="Q30919670"/>
  <tag k="opening_hours" v="Mo-Su 04:45-21:00"/>
  <tag k="operator" v="Công ty Cổ phần Xe khách Sài Gòn"/>
  <tag k="public_transport:version" v="2"/>
  <tag k="ref" v="10"/>
  <tag k="route" v="bus"/>
  <tag k="to" v="Đại học Quốc gia"/>
  <tag k="type" v="route"/>
 </relation>
 <relation id="17378947" visible="true" version="3" changeset="157657857" timestamp="2024-10-09T07:05:45Z" user="edumiz624" uid="20881381">
  <member type="relation" ref="17378945" role=""/>
  <member type="relation" ref="17378946" role=""/>
  <tag k="name" v="Đại học Quốc gia - Bến xe Miền Tây"/>
  <tag k="network" v="Xe buýt Thành phố Hồ Chí Minh"/>
  <tag k="network:wikidata" v="Q30919670"/>
  <tag k="operator" v="Công ty Cổ phần Xe khách Sài Gòn"/>
  <tag k="ref" v="10"/>
  <tag k="route_master" v="bus"/>
  <tag k="type" v="route_master"/>
 </relation>
 <relation id="17431070" visible="true" version="54" changeset="179993773" timestamp="2026-03-17T09:28:27Z" user="edumiz624" uid="20881381">
  <member type="node" ref="4616360490" role="platform"/>
  <member type="node" ref="6315672385" role="platform"/>
  <member type="node" ref="6956317386" role="platform"/>
  <member type="node" ref="9402954182" role="platform"/>
  <member type="node" ref="9470667891" role="platform"/>
  <member type="node" ref="7739047808" role="platform"/>
  <member type="node" ref="6128564185" role="platform"/>
  <member type="node" ref="3168095079" role="platform"/>
  <member type="node" ref="3168095080" role="platform"/>
  <member type="node" ref="11771724349" role="platform"/>
  <member type="node" ref="11771724338" role="platform"/>
  <member type="node" ref="8995806236" role="platform"/>
  <member type="node" ref="8995419780" role="platform"/>
  <member type="node" ref="8995806239" role="platform"/>
  <member type="node" ref="8995806240" role="platform"/>
  <member type="node" ref="8995806241" role="platform"/>
  <member type="node" ref="8995806242" role="platform"/>
  <member type="node" ref="8995806243" role="platform"/>
  <member type="node" ref="9585048355" role="platform"/>
  <member type="node" ref="11363404641" role="platform"/>
  <member type="node" ref="11363404642" role="platform"/>
  <member type="node" ref="11755160658" role="platform"/>
  <member type="node" ref="11755160659" role="platform"/>
  <member type="node" ref="11755160660" role="platform"/>
  <member type="node" ref="11755160661" role="platform"/>
  <member type="node" ref="11755160662" role="platform"/>
  <member type="node" ref="11755160663" role="platform"/>
  <member type="node" ref="11755160664" role="platform"/>
  <member type="node" ref="11755160665" role="platform"/>
  <member type="node" ref="11789253345" role="platform"/>
  <member type="node" ref="3230448898" role="platform"/>
  <member type="node" ref="3230448899" role="platform"/>
  <member type="node" ref="11771724343" role="platform"/>
  <member type="node" ref="11755184272" role="platform"/>
  <member type="node" ref="11755528617" role="platform"/>
  <member type="node" ref="11755184273" role="platform"/>
  <member type="node" ref="2984625915" role="platform"/>
  <member type="node" ref="11787220791" role="platform"/>
  <member type="node" ref="6775983736" role="platform"/>
  <member type="node" ref="11787220792" role="platform"/>
  <member type="node" ref="6742352526" role="platform"/>
  <member type="node" ref="4765823672" role="platform"/>
  <member type="node" ref="11755528620" role="platform"/>
  <member type="node" ref="11755528621" role="platform_exit_only"/>
  <member type="node" ref="10741748105" role="platform_entry_only"/>
  <member type="node" ref="12451337729" role="platform"/>
  <member type="node" ref="12451337732" role="platform"/>
  <member type="node" ref="9470667890" role="platform"/>
  <member type="way" ref="1265213596" role=""/>
  <member type="way" ref="1174192435" role=""/>
  <member type="way" ref="285894645" role=""/>
  <member type="way" ref="1218693155" role=""/>
  <member type="way" ref="682105048" role=""/>
  <member type="way" ref="682107400" role=""/>
  <member type="way" ref="550955110" role=""/>
  <member type="way" ref="1267006225" role=""/>
  <member type="way" ref="682105050" role=""/>
  <member type="way" ref="817119560" role=""/>
  <member type="way" ref="1267913078" role=""/>
  <member type="way" ref="1217870281" role=""/>
  <member type="way" ref="1128344409" role=""/>
  <member type="way" ref="326848007" role=""/>
  <member type="way" ref="1019513540" role=""/>
  <member type="way" ref="719035066" role=""/>
  <member type="way" ref="703812263" role=""/>
  <member type="way" ref="1018203944" role=""/>
  <member type="way" ref="1265997675" role=""/>
  <member type="way" ref="1174209077" role=""/>
  <member type="way" ref="1185248892" role=""/>
  <member type="way" ref="1232849513" role=""/>
  <member type="way" ref="1232849516" role=""/>
  <member type="way" ref="1428265591" role=""/>
  <member type="way" ref="1428265592" role=""/>
  <member type="way" ref="35113743" role=""/>
  <member type="way" ref="329878186" role=""/>
  <member type="way" ref="747231131" role=""/>
  <member type="way" ref="678315474" role=""/>
  <member type="way" ref="803279638" role=""/>
  <member type="way" ref="1391882256" role=""/>
  <member type="way" ref="803279640" role=""/>
  <member type="way" ref="1414094279" role=""/>
  <member type="way" ref="1265822570" role=""/>
  <member type="way" ref="1157160322" role=""/>
  <member type="way" ref="1177448206" role=""/>
  <member type="way" ref="803279639" role=""/>
  <member type="way" ref="1162554504" role=""/>
  <member type="way" ref="971692799" role=""/>
  <member type="way" ref="35113306" role=""/>
  <member type="way" ref="1267462154" role=""/>
  <member type="way" ref="1267462155" role=""/>
  <member type="way" ref="408845370" role=""/>
  <member type="way" ref="747226801" role=""/>
  <member type="way" ref="1268643579" role=""/>
  <member type="way" ref="1391781905" role=""/>
  <member type="way" ref="58800527" role=""/>
  <member type="way" ref="1102263071" role=""/>
  <member type="way" ref="1173862243" role=""/>
  <member type="way" ref="1176140149" role=""/>
  <member type="way" ref="1184432371" role=""/>
  <member type="way" ref="1258912424" role=""/>
  <member type="way" ref="654864528" role=""/>
  <member type="way" ref="35113104" role=""/>
  <member type="way" ref="32577688" role=""/>
  <member type="way" ref="1267814252" role=""/>
  <member type="way" ref="1173856391" role=""/>
  <member type="way" ref="1267913083" role=""/>
  <member type="way" ref="599650678" role=""/>
  <member type="way" ref="1173855538" role=""/>
  <member type="way" ref="818992111" role=""/>
  <member type="way" ref="192512402" role=""/>
  <member type="way" ref="330532283" role=""/>
  <member type="way" ref="192512371" role=""/>
  <member type="way" ref="53551190" role=""/>
  <member type="way" ref="59986387" role=""/>
  <member type="way" ref="1344043030" role=""/>
  <member type="way" ref="1344797767" role=""/>
  <member type="way" ref="1344797761" role=""/>
  <member type="way" ref="977346737" role=""/>
  <member type="way" ref="404356160" role=""/>
  <member type="way" ref="977346738" role=""/>
  <member type="way" ref="192289472" role=""/>
  <member type="way" ref="306073180" role=""/>
  <member type="way" ref="1428979983" role=""/>
  <member type="way" ref="1346116868" role=""/>
  <member type="way" ref="1267913061" role=""/>
  <member type="way" ref="1449459857" role=""/>
  <member type="way" ref="1451410365" role=""/>
  <member type="way" ref="192289476" role=""/>
  <member type="way" ref="1343964564" role=""/>
  <member type="way" ref="1228548749" role=""/>
  <member type="way" ref="1441950911" role=""/>
  <member type="way" ref="1435974581" role=""/>
  <member type="way" ref="1441950913" role=""/>
  <member type="way" ref="404351362" role=""/>
  <member type="way" ref="1435974584" role=""/>
  <member type="way" ref="587812525" role=""/>
  <member type="way" ref="587812526" role=""/>
  <member type="way" ref="1156001595" role=""/>
  <member type="way" ref="604499634" role=""/>
  <member type="way" ref="719494696" role=""/>
  <member type="way" ref="566588297" role=""/>
  <member type="way" ref="566588298" role=""/>
  <member type="way" ref="1322906343" role=""/>
  <member type="way" ref="192289502" role=""/>
  <member type="way" ref="192289456" role=""/>
  <member type="way" ref="1435974595" role=""/>
  <member type="way" ref="719494703" role=""/>
  <member type="way" ref="1435976975" role=""/>
  <member type="way" ref="1486306987" role=""/>
  <member type="way" ref="719488944" role=""/>
  <member type="way" ref="719488941" role=""/>
  <member type="way" ref="192289446" role=""/>
  <member type="way" ref="1179893875" role=""/>
  <member type="way" ref="1435976985" role=""/>
  <member type="way" ref="723889912" role=""/>
  <member type="way" ref="723889914" role=""/>
  <member type="way" ref="1322795556" role=""/>
  <member type="way" ref="723889913" role=""/>
  <member type="way" ref="191937834" role=""/>
  <member type="way" ref="1263684138" role=""/>
  <member type="way" ref="1263684130" role=""/>
  <member type="way" ref="1263684135" role=""/>
  <member type="way" ref="719482081" role=""/>
  <member type="way" ref="330532348" role=""/>
  <member type="way" ref="1228592565" role=""/>
  <member type="way" ref="720360984" role=""/>
  <member type="way" ref="404368564" role=""/>
  <member type="way" ref="719494700" role=""/>
  <member type="way" ref="1269264063" role=""/>
  <member type="way" ref="719482084" role=""/>
  <member type="way" ref="719462303" role=""/>
  <member type="way" ref="1435980094" role=""/>
  <member type="way" ref="404368566" role=""/>
  <member type="way" ref="1141872934" role=""/>
  <member type="way" ref="1141872937" role=""/>
  <member type="way" ref="718505943" role=""/>
  <member type="way" ref="718505944" role=""/>
  <member type="way" ref="1235783457" role=""/>
  <member type="way" ref="1278461443" role=""/>
  <member type="way" ref="722613242" role=""/>
  <member type="way" ref="1441950916" role=""/>
  <member type="way" ref="1441950917" role=""/>
  <member type="way" ref="722613243" role=""/>
  <member type="way" ref="290403929" role=""/>
  <member type="way" ref="1221478834" role=""/>
  <member type="way" ref="1221478830" role=""/>
  <member type="way" ref="1059661069" role=""/>
  <member type="way" ref="1059661070" role=""/>
  <member type="way" ref="185313613" role=""/>
  <member type="way" ref="1265471303" role=""/>
  <member type="way" ref="1110166573" role=""/>
  <member type="way" ref="1007188423" role=""/>
  <member type="way" ref="1165400859" role=""/>
  <member type="way" ref="223663125" role=""/>
  <member type="way" ref="203218307" role=""/>
  <member type="way" ref="1178378891" role=""/>
  <member type="way" ref="203218309" role=""/>
  <member type="way" ref="1419190528" role=""/>
  <member type="way" ref="211845503" role=""/>
  <member type="way" ref="1489695007" role=""/>
  <member type="way" ref="1419192216" role=""/>
  <member type="way" ref="1419190526" role=""/>
  <member type="way" ref="1489694991" role=""/>
  <member type="way" ref="327427168" role=""/>
  <member type="way" ref="747175560" role=""/>
  <member type="way" ref="1265525427" role=""/>
  <member type="way" ref="1269264059" role=""/>
  <member type="way" ref="291445895" role=""/>
  <member type="way" ref="291445892" role=""/>
  <member type="way" ref="1269264053" role=""/>
  <member type="way" ref="291445897" role=""/>
  <member type="way" ref="1267694074" role=""/>
  <member type="way" ref="1265525423" role=""/>
  <member type="way" ref="1269082118" role=""/>
  <member type="way" ref="1265525433" role=""/>
  <member type="way" ref="736470716" role=""/>
  <member type="way" ref="1435976976" role=""/>
  <tag k="charge" v="6000 VND"/>
  <tag k="colour" v="#4F0AFF"/>
  <tag k="fee" v="yes"/>
  <tag k="from" v="Bến Thành"/>
  <tag k="interval" v="00:10-00:30"/>
  <tag k="name" v="Bến Thành - Đại học Quốc gia"/>
  <tag k="network" v="Xe buýt Thành phố Hồ Chí Minh"/>
  <tag k="network:wikidata" v="Q30919670"/>
  <tag k="opening_hours" v="Mo-Su 05:10-18:15"/>
  <tag k="operator" v="Công ty Cổ phần Xe khách Sài Gòn"/>
  <tag k="public_transport:version" v="2"/>
  <tag k="ref" v="52"/>
  <tag k="route" v="bus"/>
  <tag k="to" v="Đại học Quốc gia"/>
  <tag k="type" v="route"/>
 </relation>
 <relation id="17431071" visible="true" version="51" changeset="179993773" timestamp="2026-03-17T09:28:27Z" user="edumiz624" uid="20881381">
  <member type="node" ref="6543789616" role="platform"/>
  <member type="node" ref="6742385295" role="platform"/>
  <member type="node" ref="11789253325" role="platform"/>
  <member type="node" ref="3164002580" role="platform"/>
  <member type="node" ref="11789253327" role="platform"/>
  <member type="node" ref="11760154429" role="platform"/>
  <member type="node" ref="11755184275" role="platform"/>
  <member type="node" ref="11755184278" role="platform"/>
  <member type="node" ref="11755184279" role="platform"/>
  <member type="node" ref="11755184280" role="platform"/>
  <member type="node" ref="3148967606" role="platform"/>
  <member type="node" ref="11335586132" role="platform"/>
  <member type="node" ref="11337172377" role="platform"/>
  <member type="node" ref="11337172375" role="platform"/>
  <member type="node" ref="11337172379" role="platform"/>
  <member type="node" ref="11755184285" role="platform"/>
  <member type="node" ref="11337172374" role="platform"/>
  <member type="node" ref="11337172378" role="platform"/>
  <member type="node" ref="11704307870" role="platform"/>
  <member type="node" ref="11755184286" role="platform"/>
  <member type="node" ref="11755184287" role="platform"/>
  <member type="node" ref="2673074380" role="platform"/>
  <member type="node" ref="11755184289" role="platform"/>
  <member type="node" ref="11625828069" role="platform"/>
  <member type="node" ref="11755184290" role="platform"/>
  <member type="node" ref="11755184291" role="platform"/>
  <member type="node" ref="9206593010" role="platform"/>
  <member type="node" ref="8995301276" role="platform"/>
  <member type="node" ref="9052897241" role="platform"/>
  <member type="node" ref="8995301280" role="platform"/>
  <member type="node" ref="8995301281" role="platform"/>
  <member type="node" ref="8995301286" role="platform"/>
  <member type="node" ref="8995806238" role="platform"/>
  <member type="node" ref="8995419783" role="platform"/>
  <member type="node" ref="8995419784" role="platform"/>
  <member type="node" ref="11771724338" role="platform"/>
  <member type="node" ref="11754611890" role="platform"/>
  <member type="node" ref="3168120097" role="platform"/>
  <member type="node" ref="11754611892" role="platform"/>
  <member type="node" ref="11773317351" role="platform"/>
  <member type="node" ref="6789351748" role="platform"/>
  <member type="node" ref="3166133532" role="platform"/>
  <member type="node" ref="3334343861" role="platform"/>
  <member type="node" ref="10741748105" role="platform_exit_only"/>
  <member type="node" ref="11755528621" role="platform_entry_only"/>
  <member type="node" ref="12451337730" role="platform"/>
  <member type="node" ref="12451337731" role="platform"/>
  <member type="node" ref="4838067292" role="platform"/>
  <member type="node" ref="11787220793" role="platform"/>
  <member type="node" ref="13095375534" role="platform"/>
  <member type="way" ref="736470716" role=""/>
  <member type="way" ref="1244827205" role=""/>
  <member type="way" ref="1265525435" role=""/>
  <member type="way" ref="1269082118" role=""/>
  <member type="way" ref="608214355" role=""/>
  <member type="way" ref="1269082112" role=""/>
  <member type="way" ref="211848193" role=""/>
  <member type="way" ref="1265525425" role=""/>
  <member type="way" ref="1267694062" role=""/>
  <member type="way" ref="291445894" role=""/>
  <member type="way" ref="1269264057" role=""/>
  <member type="way" ref="747175559" role=""/>
  <member type="way" ref="1267095233" role=""/>
  <member type="way" ref="1489694990" role=""/>
  <member type="way" ref="327427169" role=""/>
  <member type="way" ref="1269264052" role=""/>
  <member type="way" ref="1391858648" role=""/>
  <member type="way" ref="1391858649" role=""/>
  <member type="way" ref="1391858650" role=""/>
  <member type="way" ref="1265525428" role=""/>
  <member type="way" ref="853575373" role=""/>
  <member type="way" ref="730125454" role=""/>
  <member type="way" ref="32588302" role=""/>
  <member type="way" ref="1489695007" role=""/>
  <member type="way" ref="211845503" role=""/>
  <member type="way" ref="1489695008" role=""/>
  <member type="way" ref="1419190529" role=""/>
  <member type="way" ref="203218309" role=""/>
  <member type="way" ref="1269082111" role=""/>
  <member type="way" ref="1269264045" role=""/>
  <member type="way" ref="1265471305" role=""/>
  <member type="way" ref="1165400859" role=""/>
  <member type="way" ref="223663125" role=""/>
  <member type="way" ref="1269264051" role=""/>
  <member type="way" ref="978419860" role=""/>
  <member type="way" ref="1269264055" role=""/>
  <member type="way" ref="566554096" role=""/>
  <member type="way" ref="978419859" role=""/>
  <member type="way" ref="1269082107" role=""/>
  <member type="way" ref="1023104420" role=""/>
  <member type="way" ref="1228547905" role=""/>
  <member type="way" ref="1059662692" role=""/>
  <member type="way" ref="1059662693" role=""/>
  <member type="way" ref="1059424318" role=""/>
  <member type="way" ref="1346116875" role=""/>
  <member type="way" ref="1451410369" role=""/>
  <member type="way" ref="1319661272" role=""/>
  <member type="way" ref="1220429670" role=""/>
  <member type="way" ref="1087001353" role=""/>
  <member type="way" ref="1087001356" role=""/>
  <member type="way" ref="610137696" role=""/>
  <member type="way" ref="610137703" role=""/>
  <member type="way" ref="718505945" role=""/>
  <member type="way" ref="1463428417" role=""/>
  <member type="way" ref="610137706" role=""/>
  <member type="way" ref="1435980097" role=""/>
  <member type="way" ref="722051479" role=""/>
  <member type="way" ref="610137708" role=""/>
  <member type="way" ref="211840922" role=""/>
  <member type="way" ref="1270139985" role=""/>
  <member type="way" ref="218227253" role=""/>
  <member type="way" ref="722058131" role=""/>
  <member type="way" ref="1435977458" role=""/>
  <member type="way" ref="722058129" role=""/>
  <member type="way" ref="1435977459" role=""/>
  <member type="way" ref="722059136" role=""/>
  <member type="way" ref="1435976994" role=""/>
  <member type="way" ref="722059134" role=""/>
  <member type="way" ref="1435976993" role=""/>
  <member type="way" ref="722059133" role=""/>
  <member type="way" ref="606240980" role=""/>
  <member type="way" ref="722059828" role=""/>
  <member type="way" ref="1322795553" role=""/>
  <member type="way" ref="606240977" role=""/>
  <member type="way" ref="722308479" role=""/>
  <member type="way" ref="722308478" role=""/>
  <member type="way" ref="1435976980" role=""/>
  <member type="way" ref="236502610" role=""/>
  <member type="way" ref="192289449" role=""/>
  <member type="way" ref="1179893872" role=""/>
  <member type="way" ref="1179893877" role=""/>
  <member type="way" ref="1435974593" role=""/>
  <member type="way" ref="604469774" role=""/>
  <member type="way" ref="1104932698" role=""/>
  <member type="way" ref="604469777" role=""/>
  <member type="way" ref="1346116861" role=""/>
  <member type="way" ref="566594769" role=""/>
  <member type="way" ref="723560789" role=""/>
  <member type="way" ref="1435974587" role=""/>
  <member type="way" ref="1435974588" role=""/>
  <member type="way" ref="1220307737" role=""/>
  <member type="way" ref="1220307738" role=""/>
  <member type="way" ref="719495581" role=""/>
  <member type="way" ref="1220307329" role=""/>
  <member type="way" ref="1220307330" role=""/>
  <member type="way" ref="404353953" role=""/>
  <member type="way" ref="1343964570" role=""/>
  <member type="way" ref="404353952" role=""/>
  <member type="way" ref="1346116855" role=""/>
  <member type="way" ref="1274615190" role=""/>
  <member type="way" ref="1346116858" role=""/>
  <member type="way" ref="1278461447" role=""/>
  <member type="way" ref="1291185292" role=""/>
  <member type="way" ref="1278461448" role=""/>
  <member type="way" ref="1464490349" role=""/>
  <member type="way" ref="192289484" role=""/>
  <member type="way" ref="1424698019" role=""/>
  <member type="way" ref="1346116866" role=""/>
  <member type="way" ref="192289478" role=""/>
  <member type="way" ref="978724174" role=""/>
  <member type="way" ref="978724173" role=""/>
  <member type="way" ref="1344797769" role=""/>
  <member type="way" ref="1453156276" role=""/>
  <member type="way" ref="1434431137" role=""/>
  <member type="way" ref="1344797764" role=""/>
  <member type="way" ref="855212185" role=""/>
  <member type="way" ref="33103624" role=""/>
  <member type="way" ref="1265743196" role=""/>
  <member type="way" ref="55880235" role=""/>
  <member type="way" ref="1421503181" role=""/>
  <member type="way" ref="977523910" role=""/>
  <member type="way" ref="330532364" role=""/>
  <member type="way" ref="1278461429" role=""/>
  <member type="way" ref="1265471308" role=""/>
  <member type="way" ref="971692819" role=""/>
  <member type="way" ref="1265700913" role=""/>
  <member type="way" ref="971692797" role=""/>
  <member type="way" ref="1265700924" role=""/>
  <member type="way" ref="231982479" role=""/>
  <member type="way" ref="1173855540" role=""/>
  <member type="way" ref="681539364" role=""/>
  <member type="way" ref="818992113" role=""/>
  <member type="way" ref="1267913087" role=""/>
  <member type="way" ref="1173856389" role=""/>
  <member type="way" ref="1267814249" role=""/>
  <member type="way" ref="1173856388" role=""/>
  <member type="way" ref="231983063" role=""/>
  <member type="way" ref="1223106781" role=""/>
  <member type="way" ref="231983062" role=""/>
  <member type="way" ref="1258912423" role=""/>
  <member type="way" ref="1184432370" role=""/>
  <member type="way" ref="1177490459" role=""/>
  <member type="way" ref="1173862241" role=""/>
  <member type="way" ref="330539272" role=""/>
  <member type="way" ref="58800527" role=""/>
  <member type="way" ref="1391781905" role=""/>
  <member type="way" ref="1268643579" role=""/>
  <member type="way" ref="1390471276" role=""/>
  <member type="way" ref="193256699" role=""/>
  <member type="way" ref="747226803" role=""/>
  <member type="way" ref="35113306" role=""/>
  <member type="way" ref="1267462154" role=""/>
  <member type="way" ref="1267462155" role=""/>
  <member type="way" ref="1162554504" role=""/>
  <member type="way" ref="803279639" role=""/>
  <member type="way" ref="1177448206" role=""/>
  <member type="way" ref="1157160322" role=""/>
  <member type="way" ref="1265822554" role=""/>
  <member type="way" ref="1391882256" role=""/>
  <member type="way" ref="803279638" role=""/>
  <member type="way" ref="758852506" role=""/>
  <member type="way" ref="749986988" role=""/>
  <member type="way" ref="329878183" role=""/>
  <member type="way" ref="1267913090" role=""/>
  <member type="way" ref="1343964595" role=""/>
  <member type="way" ref="1368966929" role=""/>
  <member type="way" ref="329878184" role=""/>
  <member type="way" ref="1267913093" role=""/>
  <member type="way" ref="703812379" role=""/>
  <member type="way" ref="719035063" role=""/>
  <member type="way" ref="1128344410" role=""/>
  <member type="way" ref="1128345002" role=""/>
  <member type="way" ref="1185864079" role=""/>
  <member type="way" ref="1128345001" role=""/>
  <member type="way" ref="1132278756" role=""/>
  <member type="way" ref="245571623" role=""/>
  <member type="way" ref="1220049397" role=""/>
  <member type="way" ref="723893361" role=""/>
  <member type="way" ref="326770977" role=""/>
  <member type="way" ref="1289160316" role=""/>
  <member type="way" ref="1175008029" role=""/>
  <member type="way" ref="1185425438" role=""/>
  <member type="way" ref="1019411753" role=""/>
  <member type="way" ref="1435980099" role=""/>
  <member type="node" ref="12435161749" role="platform"/>
  <tag k="charge" v="6000 VND"/>
  <tag k="colour" v="#4F0AFF"/>
  <tag k="fee" v="yes"/>
  <tag k="from" v="Đại học Quốc gia"/>
  <tag k="interval" v="00:10-00:30"/>
  <tag k="name" v="Đại học Quốc gia - Bến Thành"/>
  <tag k="network" v="Xe buýt Thành phố Hồ Chí Minh"/>
  <tag k="network:wikidata" v="Q30919670"/>
  <tag k="opening_hours" v="Mo-Su 05:10-18:15"/>
  <tag k="operator" v="Công ty Cổ phần Xe khách Sài Gòn"/>
  <tag k="public_transport:version" v="2"/>
  <tag k="ref" v="52"/>
  <tag k="route" v="bus"/>
  <tag k="to" v="Bến Thành"/>
  <tag k="type" v="route"/>
 </relation>
 <relation id="17431072" visible="true" version="3" changeset="157716152" timestamp="2024-10-10T13:35:29Z" user="edumiz624" uid="20881381">
  <member type="relation" ref="17431070" role=""/>
  <member type="relation" ref="17431071" role=""/>
  <tag k="name" v="Bến Thành - Đại học Quốc gia"/>
  <tag k="network" v="Xe buýt Thành phố Hồ Chí Minh"/>
  <tag k="network:wikidata" v="Q30919670"/>
  <tag k="operator" v="Công ty Cổ phần Xe khách Sài Gòn"/>
  <tag k="ref" v="52"/>
  <tag k="route_master" v="bus"/>
  <tag k="type" v="route_master"/>
 </relation>
 <relation id="17431073" visible="true" version="57" changeset="179993773" timestamp="2026-03-17T09:28:27Z" user="edumiz624" uid="20881381">
  <member type="node" ref="9052922920" role="platform_entry_only"/>
  <member type="node" ref="11768103485" role="platform"/>
  <member type="node" ref="11782827570" role="platform"/>
  <member type="node" ref="11753277694" role="platform"/>
  <member type="node" ref="6315351599" role="platform"/>
  <member type="node" ref="11753277695" role="platform"/>
  <member type="node" ref="5416310315" role="platform"/>
  <member type="node" ref="3166140583" role="platform"/>
  <member type="node" ref="11755160658" role="platform"/>
  <member type="node" ref="11755160665" role="platform"/>
  <member type="node" ref="11789253350" role="platform"/>
  <member type="node" ref="3185767532" role="platform"/>
  <member type="node" ref="3164004056" role="platform"/>
  <member type="node" ref="11755528618" role="platform"/>
  <member type="node" ref="7183291637" role="platform"/>
  <member type="node" ref="6543789617" role="platform"/>
  <member type="node" ref="2984626239" role="platform"/>
  <member type="node" ref="6742352526" role="platform"/>
  <member type="node" ref="6741814225" role="platform"/>
  <member type="node" ref="11773635256" role="platform"/>
  <member type="node" ref="11773635257" role="platform"/>
  <member type="node" ref="11773635258" role="platform"/>
  <member type="node" ref="11773635259" role="platform"/>
  <member type="node" ref="11773635260" role="platform"/>
  <member type="node" ref="11773635263" role="platform_exit_only"/>
  <member type="node" ref="9470667890" role="platform"/>
  <member type="node" ref="6315672832" role="platform"/>
  <member type="node" ref="3148967611" role="platform"/>
  <member type="node" ref="11768103486" role="platform"/>
  <member type="node" ref="3160583012" role="platform"/>
  <member type="node" ref="9470667891" role="platform"/>
  <member type="node" ref="7520799016" role="platform"/>
  <member type="node" ref="11793308592" role="platform"/>
  <member type="node" ref="11775484747" role="platform"/>
  <member type="node" ref="3166140582" role="platform"/>
  <member type="node" ref="3166144990" role="platform"/>
  <member type="node" ref="3166144992" role="platform"/>
  <member type="node" ref="3166144873" role="platform"/>
  <member type="node" ref="11755160659" role="platform"/>
  <member type="node" ref="11755160660" role="platform"/>
  <member type="node" ref="11755160661" role="platform"/>
  <member type="node" ref="11755160662" role="platform"/>
  <member type="node" ref="11755160663" role="platform"/>
  <member type="node" ref="11755160664" role="platform"/>
  <member type="node" ref="11789253345" role="platform"/>
  <member type="node" ref="3230448898" role="platform"/>
  <member type="node" ref="3230448899" role="platform"/>
  <member type="node" ref="12451337732" role="platform"/>
  <member type="node" ref="12886584086" role="platform"/>
  <member type="node" ref="3107514191" role="platform"/>
  <member type="node" ref="3107514190" role="platform"/>
  <member type="node" ref="11845929831" role="platform"/>
  <member type="node" ref="3185767536" role="platform"/>
  <member type="node" ref="11787220789" role="platform"/>
  <member type="node" ref="11787220790" role="platform"/>
  <member type="node" ref="11760154425" role="platform"/>
  <member type="node" ref="3107514194" role="platform"/>
  <member type="node" ref="11760154426" role="platform"/>
  <member type="node" ref="11760154427" role="platform"/>
  <member type="node" ref="11755184278" role="platform"/>
  <member type="node" ref="11755528618" role="platform"/>
  <member type="node" ref="7183291637" role="platform"/>
  <member type="node" ref="11755528619" role="platform"/>
  <member type="way" ref="1269264060" role=""/>
  <member type="way" ref="1253458369" role=""/>
  <member type="way" ref="330374295" role=""/>
  <member type="way" ref="1265471309" role=""/>
  <member type="way" ref="1265471299" role=""/>
  <member type="way" ref="1265471306" role=""/>
  <member type="way" ref="971692802" role=""/>
  <member type="way" ref="1389016079" role=""/>
  <member type="way" ref="35114732" role=""/>
  <member type="way" ref="1262474511" role=""/>
  <member type="way" ref="1262474510" role=""/>
  <member type="way" ref="716746057" role=""/>
  <member type="way" ref="716746055" role=""/>
  <member type="way" ref="1359546563" role=""/>
  <member type="way" ref="1359546562" role=""/>
  <member type="way" ref="1120414527" role=""/>
  <member type="way" ref="289968627" role=""/>
  <member type="way" ref="1267006205" role=""/>
  <member type="way" ref="1268643587" role=""/>
  <member type="way" ref="1185215939" role=""/>
  <member type="way" ref="472412762" role=""/>
  <member type="way" ref="466642759" role=""/>
  <member type="way" ref="1268643572" role=""/>
  <member type="way" ref="472412761" role=""/>
  <member type="way" ref="1220451731" role=""/>
  <member type="way" ref="1268643574" role=""/>
  <member type="way" ref="1220451734" role=""/>
  <member type="way" ref="610415948" role=""/>
  <member type="way" ref="1319661276" role=""/>
  <member type="way" ref="696114974" role=""/>
  <member type="way" ref="724091816" role=""/>
  <member type="way" ref="724091817" role=""/>
  <member type="way" ref="703307393" role=""/>
  <member type="way" ref="722054810" role=""/>
  <member type="way" ref="703307396" role=""/>
  <member type="way" ref="817119560" role=""/>
  <member type="way" ref="1267913078" role=""/>
  <member type="way" ref="1217870281" role=""/>
  <member type="way" ref="1128344409" role=""/>
  <member type="way" ref="326848007" role=""/>
  <member type="way" ref="1019513540" role=""/>
  <member type="way" ref="719035056" role=""/>
  <member type="way" ref="703812263" role=""/>
  <member type="way" ref="1271931188" role=""/>
  <member type="way" ref="621157032" role=""/>
  <member type="way" ref="1027351472" role=""/>
  <member type="way" ref="1182433767" role=""/>
  <member type="way" ref="267605894" role=""/>
  <member type="way" ref="165367634" role=""/>
  <member type="way" ref="1468791546" role=""/>
  <member type="way" ref="718479775" role=""/>
  <member type="way" ref="323397719" role=""/>
  <member type="way" ref="306072865" role=""/>
  <member type="way" ref="1046359810" role=""/>
  <member type="way" ref="1010817386" role=""/>
  <member type="way" ref="1144581243" role=""/>
  <member type="way" ref="1040378572" role=""/>
  <member type="way" ref="817277696" role=""/>
  <member type="way" ref="1278461440" role=""/>
  <member type="way" ref="1278461442" role=""/>
  <member type="way" ref="817117940" role=""/>
  <member type="way" ref="193085712" role=""/>
  <member type="way" ref="193085717" role=""/>
  <member type="way" ref="193085687" role=""/>
  <member type="way" ref="58800534" role=""/>
  <member type="way" ref="166002618" role=""/>
  <member type="way" ref="165919737" role=""/>
  <member type="way" ref="179122344" role=""/>
  <member type="way" ref="1267462157" role=""/>
  <member type="way" ref="1030367239" role=""/>
  <member type="way" ref="179122343" role=""/>
  <member type="way" ref="1289038185" role=""/>
  <member type="way" ref="1324930338" role=""/>
  <member type="way" ref="1267269197" role=""/>
  <member type="way" ref="525277407" role=""/>
  <member type="way" ref="1416277570" role=""/>
  <member type="way" ref="977346738" role=""/>
  <member type="way" ref="192289472" role=""/>
  <member type="way" ref="306073180" role=""/>
  <member type="way" ref="1428979983" role=""/>
  <member type="way" ref="1346116868" role=""/>
  <member type="way" ref="1267913061" role=""/>
  <member type="way" ref="1449459857" role=""/>
  <member type="way" ref="1451410365" role=""/>
  <member type="way" ref="192289476" role=""/>
  <member type="way" ref="1343964564" role=""/>
  <member type="way" ref="1228548749" role=""/>
  <member type="way" ref="1441950911" role=""/>
  <member type="way" ref="1435974581" role=""/>
  <member type="way" ref="1441950913" role=""/>
  <member type="way" ref="404351362" role=""/>
  <member type="way" ref="1435974584" role=""/>
  <member type="way" ref="587812525" role=""/>
  <member type="way" ref="719495577" role=""/>
  <member type="way" ref="604499634" role=""/>
  <member type="way" ref="719494696" role=""/>
  <member type="way" ref="566588297" role=""/>
  <member type="way" ref="566588298" role=""/>
  <member type="way" ref="1322906343" role=""/>
  <member type="way" ref="192289502" role=""/>
  <member type="way" ref="192289456" role=""/>
  <member type="way" ref="1435974596" role=""/>
  <member type="way" ref="192289504" role=""/>
  <member type="way" ref="719494701" role=""/>
  <member type="way" ref="1486306987" role=""/>
  <member type="way" ref="719488944" role=""/>
  <member type="way" ref="719488941" role=""/>
  <member type="way" ref="192289446" role=""/>
  <member type="way" ref="1179893875" role=""/>
  <member type="way" ref="1435976985" role=""/>
  <member type="way" ref="723889912" role=""/>
  <member type="way" ref="723889914" role=""/>
  <member type="way" ref="1322795556" role=""/>
  <member type="way" ref="723889913" role=""/>
  <member type="way" ref="191937834" role=""/>
  <member type="way" ref="1263684138" role=""/>
  <member type="way" ref="1263684130" role=""/>
  <member type="way" ref="1263684135" role=""/>
  <member type="way" ref="719482081" role=""/>
  <member type="way" ref="330532348" role=""/>
  <member type="way" ref="1228592565" role=""/>
  <member type="way" ref="720360984" role=""/>
  <member type="way" ref="720360983" role=""/>
  <member type="way" ref="719494700" role=""/>
  <member type="way" ref="1269264063" role=""/>
  <member type="way" ref="720361263" role=""/>
  <member type="way" ref="1269264064" role=""/>
  <member type="way" ref="1275903810" role=""/>
  <member type="way" ref="566567148" role=""/>
  <member type="way" ref="1269264065" role=""/>
  <member type="way" ref="32577436" role=""/>
  <member type="way" ref="1277704618" role=""/>
  <member type="way" ref="1424698028" role=""/>
  <member type="way" ref="408793253" role=""/>
  <member type="way" ref="1269264066" role=""/>
  <member type="way" ref="1264517777" role=""/>
  <member type="way" ref="1262111240" role=""/>
  <member type="way" ref="704809313" role=""/>
  <member type="way" ref="685351782" role=""/>
  <member type="way" ref="685351780" role=""/>
  <member type="way" ref="1090660388" role=""/>
  <member type="way" ref="568398674" role=""/>
  <member type="way" ref="1269082105" role=""/>
  <member type="way" ref="1228548598" role=""/>
  <member type="way" ref="1390471288" role=""/>
  <member type="way" ref="1344368367" role=""/>
  <member type="way" ref="1228548600" role=""/>
  <member type="way" ref="1344368372" role=""/>
  <member type="way" ref="1183329374" role=""/>
  <member type="way" ref="1178717246" role=""/>
  <member type="way" ref="1061265028" role=""/>
  <member type="way" ref="1269264056" role=""/>
  <member type="way" ref="978419859" role=""/>
  <member type="way" ref="1269082106" role=""/>
  <member type="way" ref="1269082108" role=""/>
  <member type="way" ref="223663130" role=""/>
  <member type="way" ref="53500785" role=""/>
  <member type="way" ref="1265997660" role=""/>
  <member type="way" ref="1007227878" role=""/>
  <member type="way" ref="1059661074" role=""/>
  <member type="way" ref="1059661073" role=""/>
  <member type="way" ref="290403929" role=""/>
  <member type="way" ref="1221478834" role=""/>
  <member type="way" ref="1221478830" role=""/>
  <member type="way" ref="722541344" role=""/>
  <member type="way" ref="1021845069" role=""/>
  <member type="way" ref="566555201" role=""/>
  <member type="way" ref="977346744" role=""/>
  <member type="way" ref="722544493" role=""/>
  <member type="way" ref="1360096415" role=""/>
  <member type="way" ref="1012315232" role=""/>
  <member type="way" ref="1021065772" role=""/>
  <member type="way" ref="1021065774" role=""/>
  <member type="way" ref="1012315235" role=""/>
  <member type="way" ref="1411102034" role=""/>
  <member type="way" ref="1271931191" role=""/>
  <member type="way" ref="1012316328" role=""/>
  <member type="way" ref="1265525421" role=""/>
  <member type="way" ref="743232322" role=""/>
  <member type="way" ref="1163316778" role=""/>
  <member type="way" ref="1163316774" role=""/>
  <member type="way" ref="1220817439" role=""/>
  <member type="way" ref="743232320" role=""/>
  <member type="way" ref="619030684" role=""/>
  <member type="way" ref="1269082118" role=""/>
  <member type="way" ref="608214355" role=""/>
  <member type="way" ref="1265525424" role=""/>
  <member type="way" ref="1267694074" role=""/>
  <member type="way" ref="32581295" role=""/>
  <member type="way" ref="724387037" role=""/>
  <member type="way" ref="1269264054" role=""/>
  <member type="way" ref="1391858650" role=""/>
  <member type="way" ref="1265525428" role=""/>
  <member type="way" ref="1269264043" role=""/>
  <member type="way" ref="1265525429" role=""/>
  <member type="way" ref="327427168" role=""/>
  <member type="way" ref="747175560" role=""/>
  <member type="way" ref="1265525427" role=""/>
  <member type="way" ref="1269264059" role=""/>
  <member type="way" ref="291445895" role=""/>
  <member type="way" ref="291445892" role=""/>
  <member type="way" ref="1265525436" role=""/>
  <member type="way" ref="1265525425" role=""/>
  <member type="way" ref="1344344478" role=""/>
  <member type="way" ref="1267694063" role=""/>
  <member type="way" ref="1489694992" role=""/>
  <member type="way" ref="1489694996" role=""/>
  <member type="way" ref="860379967" role=""/>
  <member type="way" ref="290318808" role=""/>
  <member type="way" ref="606923269" role=""/>
  <member type="way" ref="1489694998" role=""/>
  <member type="way" ref="291365469" role=""/>
  <member type="way" ref="974910911" role=""/>
  <member type="way" ref="974910912" role=""/>
  <member type="way" ref="695773675" role=""/>
  <member type="way" ref="1267694066" role=""/>
  <member type="way" ref="1267694067" role=""/>
  <member type="way" ref="1267694069" role=""/>
  <member type="way" ref="1267694071" role=""/>
  <member type="way" ref="1267694068" role=""/>
  <member type="way" ref="1435976976" role=""/>
  <tag k="charge" v="7000 VND"/>
  <tag k="colour" v="#76C04D"/>
  <tag k="fee" v="yes"/>
  <tag k="from" v="Đường Lê Hồng Phong"/>
  <tag k="interval" v="00:07-00:20"/>
  <tag k="name" v="Lê Hồng Phong - Đại học Quốc gia"/>
  <tag k="network" v="Xe buýt Thành phố Hồ Chí Minh"/>
  <tag k="network:wikidata" v="Q30919670"/>
  <tag k="opening_hours" v="Mo-Su 04:45-22:00"/>
  <tag k="operator" v="Công ty TNHH Dịch vụ Vận tải sinh thái Vinbus"/>
  <tag k="public_transport:version" v="2"/>
  <tag k="ref" v="53"/>
  <tag k="route" v="bus"/>
  <tag k="to" v="Đại học Quốc gia"/>
  <tag k="type" v="route"/>
 </relation>
 <relation id="17431074" visible="true" version="61" changeset="179993773" timestamp="2026-03-17T09:28:27Z" user="edumiz624" uid="20881381">
  <member type="node" ref="11773635265" role="platform"/>
  <member type="node" ref="11773635266" role="platform"/>
  <member type="node" ref="4838067240" role="platform"/>
  <member type="node" ref="4765854022" role="platform"/>
  <member type="node" ref="4766201337" role="platform"/>
  <member type="node" ref="11787220793" role="platform"/>
  <member type="node" ref="4838067292" role="platform"/>
  <member type="node" ref="11755528620" role="platform"/>
  <member type="node" ref="7183291636" role="platform"/>
  <member type="node" ref="11760154430" role="platform"/>
  <member type="node" ref="11760154435" role="platform"/>
  <member type="node" ref="11789253353" role="platform"/>
  <member type="node" ref="11789253354" role="platform"/>
  <member type="node" ref="11337172379" role="platform"/>
  <member type="node" ref="2673074380" role="platform"/>
  <member type="node" ref="11771724347" role="platform"/>
  <member type="node" ref="3124681592" role="platform"/>
  <member type="node" ref="9402954190" role="platform"/>
  <member type="node" ref="6789351748" role="platform"/>
  <member type="node" ref="3166133532" role="platform"/>
  <member type="node" ref="3334343861" role="platform"/>
  <member type="node" ref="11768041164" role="platform"/>
  <member type="node" ref="11754611901" role="platform"/>
  <member type="node" ref="8995419807" role="platform"/>
  <member type="node" ref="8995419810" role="platform"/>
  <member type="node" ref="9052922920" role="platform_exit_only"/>
  <member type="node" ref="11773635263" role="platform_entry_only"/>
  <member type="node" ref="6742385295" role="platform"/>
  <member type="node" ref="11755528622" role="platform"/>
  <member type="node" ref="6841128309" role="platform"/>
  <member type="node" ref="11760154429" role="platform"/>
  <member type="node" ref="11755184275" role="platform"/>
  <member type="node" ref="11760154431" role="platform"/>
  <member type="node" ref="11760154433" role="platform"/>
  <member type="node" ref="11760154434" role="platform"/>
  <member type="node" ref="11789253328" role="platform"/>
  <member type="node" ref="11789253329" role="platform"/>
  <member type="node" ref="12237338976" role="platform"/>
  <member type="node" ref="12886584087" role="platform"/>
  <member type="node" ref="3084820248" role="platform"/>
  <member type="node" ref="11861142604" role="platform"/>
  <member type="node" ref="3107514189" role="platform"/>
  <member type="node" ref="11335586132" role="platform"/>
  <member type="node" ref="12451337730" role="platform"/>
  <member type="node" ref="11337172377" role="platform"/>
  <member type="node" ref="11337172375" role="platform"/>
  <member type="node" ref="11755184285" role="platform"/>
  <member type="node" ref="11337172374" role="platform"/>
  <member type="node" ref="11337172378" role="platform"/>
  <member type="node" ref="11704307870" role="platform"/>
  <member type="node" ref="11755184286" role="platform"/>
  <member type="node" ref="11755184287" role="platform"/>
  <member type="node" ref="11627173669" role="platform"/>
  <member type="node" ref="12435545083" role="platform"/>
  <member type="node" ref="3166144991" role="platform"/>
  <member type="node" ref="11775484746" role="platform"/>
  <member type="node" ref="3016612589" role="platform"/>
  <member type="node" ref="7520799030" role="platform"/>
  <member type="node" ref="9468454790" role="platform"/>
  <member type="node" ref="9468454791" role="platform"/>
  <member type="node" ref="11768041165" role="platform"/>
  <member type="node" ref="8995419808" role="platform"/>
  <member type="node" ref="8995419812" role="platform"/>
  <member type="node" ref="13095375534" role="platform"/>
  <member type="node" ref="13619847102" role="platform"/>
  <member type="way" ref="1267694068" role=""/>
  <member type="way" ref="1267694071" role=""/>
  <member type="way" ref="1267694069" role=""/>
  <member type="way" ref="1267694067" role=""/>
  <member type="way" ref="1267694066" role=""/>
  <member type="way" ref="695773675" role=""/>
  <member type="way" ref="974910912" role=""/>
  <member type="way" ref="974910910" role=""/>
  <member type="way" ref="1489695001" role=""/>
  <member type="way" ref="291365468" role=""/>
  <member type="way" ref="211848194" role=""/>
  <member type="way" ref="290318811" role=""/>
  <member type="way" ref="1344344490" role=""/>
  <member type="way" ref="1162433136" role=""/>
  <member type="way" ref="291445894" role=""/>
  <member type="way" ref="1269264057" role=""/>
  <member type="way" ref="747175559" role=""/>
  <member type="way" ref="1267095233" role=""/>
  <member type="way" ref="1489694990" role=""/>
  <member type="way" ref="327427169" role=""/>
  <member type="way" ref="1269264052" role=""/>
  <member type="way" ref="724387036" role=""/>
  <member type="way" ref="32581295" role=""/>
  <member type="way" ref="1265525423" role=""/>
  <member type="way" ref="1269082118" role=""/>
  <member type="way" ref="619030684" role=""/>
  <member type="way" ref="743232320" role=""/>
  <member type="way" ref="1411102033" role=""/>
  <member type="way" ref="1102615852" role=""/>
  <member type="way" ref="1102615854" role=""/>
  <member type="way" ref="743232319" role=""/>
  <member type="way" ref="1265525438" role=""/>
  <member type="way" ref="1315050998" role=""/>
  <member type="way" ref="1221477947" role=""/>
  <member type="way" ref="1221477948" role=""/>
  <member type="way" ref="1228808019" role=""/>
  <member type="way" ref="1059661075" role=""/>
  <member type="way" ref="1059661076" role=""/>
  <member type="way" ref="1344344461" role=""/>
  <member type="way" ref="185313601" role=""/>
  <member type="way" ref="1165400860" role=""/>
  <member type="way" ref="1269264045" role=""/>
  <member type="way" ref="1265471305" role=""/>
  <member type="way" ref="1165400859" role=""/>
  <member type="way" ref="223663125" role=""/>
  <member type="way" ref="1269264051" role=""/>
  <member type="way" ref="978419860" role=""/>
  <member type="way" ref="1269264055" role=""/>
  <member type="way" ref="1007227884" role=""/>
  <member type="way" ref="1061265030" role=""/>
  <member type="way" ref="1061265023" role=""/>
  <member type="way" ref="1463428403" role=""/>
  <member type="way" ref="1344368365" role=""/>
  <member type="way" ref="1183329376" role=""/>
  <member type="way" ref="1463428420" role=""/>
  <member type="way" ref="1344368366" role=""/>
  <member type="way" ref="1173573028" role=""/>
  <member type="way" ref="1344368355" role=""/>
  <member type="way" ref="1178717248" role=""/>
  <member type="way" ref="1080678534" role=""/>
  <member type="way" ref="1154405807" role=""/>
  <member type="way" ref="1154405808" role=""/>
  <member type="way" ref="1154405806" role=""/>
  <member type="way" ref="997093438" role=""/>
  <member type="way" ref="1422244532" role=""/>
  <member type="way" ref="1015442474" role=""/>
  <member type="way" ref="447644202" role=""/>
  <member type="way" ref="1015442478" role=""/>
  <member type="way" ref="1262111240" role=""/>
  <member type="way" ref="1264517777" role=""/>
  <member type="way" ref="1269264066" role=""/>
  <member type="way" ref="408793253" role=""/>
  <member type="way" ref="1424698028" role=""/>
  <member type="way" ref="1277704618" role=""/>
  <member type="way" ref="32577436" role=""/>
  <member type="way" ref="1269264065" role=""/>
  <member type="way" ref="566567148" role=""/>
  <member type="way" ref="1275903810" role=""/>
  <member type="way" ref="1215970290" role=""/>
  <member type="way" ref="218227253" role=""/>
  <member type="way" ref="722058131" role=""/>
  <member type="way" ref="1435977458" role=""/>
  <member type="way" ref="722058129" role=""/>
  <member type="way" ref="1435977459" role=""/>
  <member type="way" ref="722059136" role=""/>
  <member type="way" ref="1435976994" role=""/>
  <member type="way" ref="722059134" role=""/>
  <member type="way" ref="1435976993" role=""/>
  <member type="way" ref="722059133" role=""/>
  <member type="way" ref="606240980" role=""/>
  <member type="way" ref="722059828" role=""/>
  <member type="way" ref="1322795553" role=""/>
  <member type="way" ref="606240977" role=""/>
  <member type="way" ref="722308479" role=""/>
  <member type="way" ref="722308478" role=""/>
  <member type="way" ref="1435976980" role=""/>
  <member type="way" ref="236502610" role=""/>
  <member type="way" ref="192289449" role=""/>
  <member type="way" ref="1179893872" role=""/>
  <member type="way" ref="1179893877" role=""/>
  <member type="way" ref="1435974593" role=""/>
  <member type="way" ref="604469774" role=""/>
  <member type="way" ref="1104932698" role=""/>
  <member type="way" ref="604469777" role=""/>
  <member type="way" ref="1346116861" role=""/>
  <member type="way" ref="566594769" role=""/>
  <member type="way" ref="723560789" role=""/>
  <member type="way" ref="1435974587" role=""/>
  <member type="way" ref="1435974588" role=""/>
  <member type="way" ref="1220307737" role=""/>
  <member type="way" ref="1220307738" role=""/>
  <member type="way" ref="719495581" role=""/>
  <member type="way" ref="1220307329" role=""/>
  <member type="way" ref="1220307330" role=""/>
  <member type="way" ref="404353953" role=""/>
  <member type="way" ref="1343964570" role=""/>
  <member type="way" ref="404353952" role=""/>
  <member type="way" ref="1346116855" role=""/>
  <member type="way" ref="1274615190" role=""/>
  <member type="way" ref="1346116858" role=""/>
  <member type="way" ref="1278461447" role=""/>
  <member type="way" ref="1291185292" role=""/>
  <member type="way" ref="1278461448" role=""/>
  <member type="way" ref="1464490349" role=""/>
  <member type="way" ref="192289484" role=""/>
  <member type="way" ref="1424698019" role=""/>
  <member type="way" ref="1346116866" role=""/>
  <member type="way" ref="192289478" role=""/>
  <member type="way" ref="978724174" role=""/>
  <member type="way" ref="978724173" role=""/>
  <member type="way" ref="1267040018" role=""/>
  <member type="way" ref="58800536" role=""/>
  <member type="way" ref="1428196421" role=""/>
  <member type="way" ref="33574430" role=""/>
  <member type="way" ref="1344043035" role=""/>
  <member type="way" ref="1344797773" role=""/>
  <member type="way" ref="1006083161" role=""/>
  <member type="way" ref="1415228306" role=""/>
  <member type="way" ref="1344043028" role=""/>
  <member type="way" ref="838511275" role=""/>
  <member type="way" ref="179122357" role=""/>
  <member type="way" ref="33574429" role=""/>
  <member type="way" ref="35114038" role=""/>
  <member type="way" ref="58800530" role=""/>
  <member type="way" ref="58800529" role=""/>
  <member type="way" ref="193085698" role=""/>
  <member type="way" ref="1218661462" role=""/>
  <member type="way" ref="1278461431" role=""/>
  <member type="way" ref="817117938" role=""/>
  <member type="way" ref="874533294" role=""/>
  <member type="way" ref="986725618" role=""/>
  <member type="way" ref="1485632375" role=""/>
  <member type="way" ref="233001268" role=""/>
  <member type="way" ref="1083439168" role=""/>
  <member type="way" ref="1151133823" role=""/>
  <member type="way" ref="1461789904" role=""/>
  <member type="way" ref="1083439170" role=""/>
  <member type="way" ref="1461789905" role=""/>
  <member type="way" ref="696974352" role=""/>
  <member type="way" ref="326848005" role=""/>
  <member type="way" ref="327181429" role=""/>
  <member type="way" ref="1391340873" role=""/>
  <member type="way" ref="193085683" role=""/>
  <member type="way" ref="409294121" role=""/>
  <member type="way" ref="1177488209" role=""/>
  <member type="way" ref="1271931190" role=""/>
  <member type="way" ref="1018203946" role=""/>
  <member type="way" ref="1265997677" role=""/>
  <member type="way" ref="703812379" role=""/>
  <member type="way" ref="719035061" role=""/>
  <member type="way" ref="719035064" role=""/>
  <member type="way" ref="1128344410" role=""/>
  <member type="way" ref="1185864079" role=""/>
  <member type="way" ref="1128345001" role=""/>
  <member type="way" ref="1132278756" role=""/>
  <member type="way" ref="245571623" role=""/>
  <member type="way" ref="1220049397" role=""/>
  <member type="way" ref="723893361" role=""/>
  <member type="way" ref="326770977" role=""/>
  <member type="way" ref="1289160316" role=""/>
  <member type="way" ref="1175008029" role=""/>
  <member type="way" ref="1185425438" role=""/>
  <member type="way" ref="1265213606" role=""/>
  <member type="way" ref="326770976" role=""/>
  <member type="way" ref="1185424339" role=""/>
  <member type="way" ref="327097648" role=""/>
  <member type="way" ref="289968627" role=""/>
  <member type="way" ref="1120414528" role=""/>
  <member type="way" ref="1359546565" role=""/>
  <member type="way" ref="1359546564" role=""/>
  <member type="way" ref="716746056" role=""/>
  <member type="way" ref="716746057" role=""/>
  <member type="way" ref="715818180" role=""/>
  <member type="way" ref="1359552387" role=""/>
  <member type="way" ref="1359552384" role=""/>
  <member type="way" ref="1359552382" role=""/>
  <member type="way" ref="1184422967" role=""/>
  <member type="way" ref="1359552378" role=""/>
  <member type="way" ref="327181435" role=""/>
  <member type="way" ref="327097636" role=""/>
  <member type="way" ref="431656677" role=""/>
  <member type="way" ref="1265743199" role=""/>
  <member type="way" ref="1265743197" role=""/>
  <member type="way" ref="32588432" role=""/>
  <member type="way" ref="719474784" role=""/>
  <member type="way" ref="719464889" role=""/>
  <member type="way" ref="719476079" role=""/>
  <member type="way" ref="719464888" role=""/>
  <member type="way" ref="1269264068" role=""/>
  <member type="way" ref="724472695" role=""/>
  <tag k="charge" v="7000 VND"/>
  <tag k="colour" v="#76C04D"/>
  <tag k="fee" v="yes"/>
  <tag k="from" v="Đại học Quốc gia"/>
  <tag k="interval" v="00:07-00:20"/>
  <tag k="name" v="Đại học Quốc gia - Lê Hồng Phong"/>
  <tag k="network" v="Xe buýt Thành phố Hồ Chí Minh"/>
  <tag k="network:wikidata" v="Q30919670"/>
  <tag k="opening_hours" v="Mo-Su 04:45-22:00"/>
  <tag k="operator" v="Công ty TNHH Dịch vụ Vận tải sinh thái Vinbus"/>
  <tag k="public_transport:version" v="2"/>
  <tag k="ref" v="53"/>
  <tag k="route" v="bus"/>
  <tag k="to" v="Đường Lê Hồng Phong"/>
  <tag k="type" v="route"/>
 </relation>
 <relation id="17431075" visible="true" version="5" changeset="179495467" timestamp="2026-03-07T14:39:06Z" user="edumiz624" uid="20881381">
  <member type="relation" ref="17431073" role=""/>
  <member type="relation" ref="17431074" role=""/>
  <tag k="name" v="Lê Hồng Phong - Đại học Quốc gia"/>
  <tag k="network" v="Xe buýt Thành phố Hồ Chí Minh"/>
  <tag k="network:wikidata" v="Q30919670"/>
  <tag k="operator" v="Công ty TNHH Dịch vụ Vận tải sinh thái Vinbus"/>
  <tag k="ref" v="53"/>
  <tag k="route_master" v="bus"/>
  <tag k="type" v="route_master"/>
 </relation>
 <relation id="17432868" visible="true" version="70" changeset="180488880" timestamp="2026-03-27T07:54:03Z" user="Trần Thanh Tuấn" uid="16014056">
  <member type="node" ref="11753277688" role="platform_entry_only"/>
  <member type="node" ref="9042278313" role="platform"/>
  <member type="node" ref="9042278316" role="platform"/>
  <member type="node" ref="4614188880" role="platform"/>
  <member type="node" ref="2392398232" role="platform"/>
  <member type="node" ref="4615972579" role="platform"/>
  <member type="node" ref="6315672406" role="platform"/>
  <member type="node" ref="9667135118" role="platform"/>
  <member type="node" ref="4621858726" role="platform"/>
  <member type="node" ref="3151254798" role="platform"/>
  <member type="node" ref="3151254797" role="platform"/>
  <member type="node" ref="3116315714" role="platform"/>
  <member type="node" ref="1765166514" role="platform"/>
  <member type="node" ref="3171506752" role="platform"/>
  <member type="node" ref="11782827569" role="platform"/>
  <member type="node" ref="5604189222" role="platform"/>
  <member type="node" ref="11782827570" role="platform"/>
  <member type="node" ref="11753277694" role="platform"/>
  <member type="node" ref="6315351599" role="platform"/>
  <member type="node" ref="9402954176" role="platform"/>
  <member type="node" ref="9470667891" role="platform"/>
  <member type="node" ref="7520799016" role="platform"/>
  <member type="node" ref="5416310315" role="platform"/>
  <member type="node" ref="11793308592" role="platform"/>
  <member type="node" ref="11775484747" role="platform"/>
  <member type="node" ref="3166140583" role="platform"/>
  <member type="node" ref="3166140582" role="platform"/>
  <member type="node" ref="3166144990" role="platform"/>
  <member type="node" ref="3166144992" role="platform"/>
  <member type="node" ref="11755160658" role="platform"/>
  <member type="node" ref="11755160659" role="platform"/>
  <member type="node" ref="11755160660" role="platform"/>
  <member type="node" ref="11755160661" role="platform"/>
  <member type="node" ref="11755160662" role="platform"/>
  <member type="node" ref="11755160663" role="platform"/>
  <member type="node" ref="11755160664" role="platform"/>
  <member type="node" ref="11755160665" role="platform"/>
  <member type="node" ref="11755160666" role="platform"/>
  <member type="node" ref="3116282967" role="platform"/>
  <member type="node" ref="3230436392" role="platform"/>
  <member type="node" ref="3230436383" role="platform"/>
  <member type="node" ref="3116282962" role="platform"/>
  <member type="node" ref="2984717727" role="platform"/>
  <member type="node" ref="2984717726" role="platform"/>
  <member type="node" ref="2984717721" role="platform"/>
  <member type="node" ref="2984717719" role="platform"/>
  <member type="node" ref="2024973266" role="platform"/>
  <member type="node" ref="3185949681" role="platform"/>
  <member type="node" ref="3185949682" role="platform"/>
  <member type="node" ref="11789253360" role="platform"/>
  <member type="node" ref="11789253361" role="platform"/>
  <member type="node" ref="3185949683" role="platform"/>
  <member type="node" ref="3185949684" role="platform"/>
  <member type="node" ref="3185949685" role="platform"/>
  <member type="node" ref="3185949686" role="platform"/>
  <member type="node" ref="11789253366" role="platform"/>
  <member type="node" ref="11789253367" role="platform"/>
  <member type="node" ref="11789253368" role="platform"/>
  <member type="node" ref="11789305169" role="platform"/>
  <member type="node" ref="11789305170" role="platform"/>
  <member type="node" ref="11789305171" role="platform"/>
  <member type="node" ref="11789305172" role="platform"/>
  <member type="node" ref="11789305174" role="platform"/>
  <member type="node" ref="11755528619" role="platform"/>
  <member type="node" ref="4765785888" role="platform_exit_only"/>
  <member type="node" ref="12212047754" role="platform"/>
  <member type="node" ref="12216140086" role="platform"/>
  <member type="node" ref="3166144873" role="platform"/>
  <member type="node" ref="12767882499" role="platform"/>
  <member type="node" ref="9470667890" role="platform"/>
  <member type="node" ref="6315672832" role="platform"/>
  <member type="node" ref="11789305173" role="platform"/>
  <member type="way" ref="1030255268" role=""/>
  <member type="way" ref="1030257132" role=""/>
  <member type="way" ref="721740238" role=""/>
  <member type="way" ref="721738756" role=""/>
  <member type="way" ref="463031681" role=""/>
  <member type="way" ref="971952463" role=""/>
  <member type="way" ref="189017054" role=""/>
  <member type="way" ref="977120848" role=""/>
  <member type="way" ref="1265525447" role=""/>
  <member type="way" ref="1265525408" role=""/>
  <member type="way" ref="32575864" role=""/>
  <member type="way" ref="722622675" role=""/>
  <member type="way" ref="466671837" role=""/>
  <member type="way" ref="623752778" role=""/>
  <member type="way" ref="716748281" role=""/>
  <member type="way" ref="715914019" role=""/>
  <member type="way" ref="716772938" role=""/>
  <member type="way" ref="716772937" role=""/>
  <member type="way" ref="716772936" role=""/>
  <member type="way" ref="716774358" role=""/>
  <member type="way" ref="717310025" role=""/>
  <member type="way" ref="1215981750" role=""/>
  <member type="way" ref="717310026" role=""/>
  <member type="way" ref="715914018" role=""/>
  <member type="way" ref="715914017" role=""/>
  <member type="way" ref="189067596" role=""/>
  <member type="way" ref="715914016" role=""/>
  <member type="way" ref="1344783036" role=""/>
  <member type="way" ref="715819445" role=""/>
  <member type="way" ref="467581823" role=""/>
  <member type="way" ref="220972416" role=""/>
  <member type="way" ref="1018412810" role=""/>
  <member type="way" ref="1018412809" role=""/>
  <member type="way" ref="1493349920" role=""/>
  <member type="way" ref="1380812752" role=""/>
  <member type="way" ref="330532332" role=""/>
  <member type="way" ref="724157949" role=""/>
  <member type="way" ref="718499095" role=""/>
  <member type="way" ref="1225812110" role=""/>
  <member type="way" ref="1225812112" role=""/>
  <member type="way" ref="1225812111" role=""/>
  <member type="way" ref="466122296" role=""/>
  <member type="way" ref="1206785149" role=""/>
  <member type="way" ref="1268643572" role=""/>
  <member type="way" ref="472412761" role=""/>
  <member type="way" ref="1220451731" role=""/>
  <member type="way" ref="1268643574" role=""/>
  <member type="way" ref="1220451734" role=""/>
  <member type="way" ref="610415948" role=""/>
  <member type="way" ref="1319661276" role=""/>
  <member type="way" ref="696114974" role=""/>
  <member type="way" ref="724091816" role=""/>
  <member type="way" ref="724091817" role=""/>
  <member type="way" ref="703307393" role=""/>
  <member type="way" ref="722054810" role=""/>
  <member type="way" ref="703307396" role=""/>
  <member type="way" ref="817119560" role=""/>
  <member type="way" ref="1267913078" role=""/>
  <member type="way" ref="1217870281" role=""/>
  <member type="way" ref="1128344409" role=""/>
  <member type="way" ref="326848007" role=""/>
  <member type="way" ref="1019513540" role=""/>
  <member type="way" ref="719035056" role=""/>
  <member type="way" ref="703812263" role=""/>
  <member type="way" ref="1271931188" role=""/>
  <member type="way" ref="621157032" role=""/>
  <member type="way" ref="1027351472" role=""/>
  <member type="way" ref="1182433767" role=""/>
  <member type="way" ref="267605894" role=""/>
  <member type="way" ref="165367634" role=""/>
  <member type="way" ref="1468791546" role=""/>
  <member type="way" ref="718479775" role=""/>
  <member type="way" ref="323397719" role=""/>
  <member type="way" ref="306072865" role=""/>
  <member type="way" ref="1046359810" role=""/>
  <member type="way" ref="1010817386" role=""/>
  <member type="way" ref="1144581243" role=""/>
  <member type="way" ref="1040378572" role=""/>
  <member type="way" ref="817277696" role=""/>
  <member type="way" ref="1278461440" role=""/>
  <member type="way" ref="1278461442" role=""/>
  <member type="way" ref="817117940" role=""/>
  <member type="way" ref="193085712" role=""/>
  <member type="way" ref="193085717" role=""/>
  <member type="way" ref="193085687" role=""/>
  <member type="way" ref="58800534" role=""/>
  <member type="way" ref="166002618" role=""/>
  <member type="way" ref="165919737" role=""/>
  <member type="way" ref="179122344" role=""/>
  <member type="way" ref="1267462157" role=""/>
  <member type="way" ref="1030367239" role=""/>
  <member type="way" ref="179122343" role=""/>
  <member type="way" ref="1289038185" role=""/>
  <member type="way" ref="1324930338" role=""/>
  <member type="way" ref="1267269197" role=""/>
  <member type="way" ref="525277407" role=""/>
  <member type="way" ref="1416277570" role=""/>
  <member type="way" ref="977346738" role=""/>
  <member type="way" ref="192289472" role=""/>
  <member type="way" ref="306073180" role=""/>
  <member type="way" ref="1428979983" role=""/>
  <member type="way" ref="1346116868" role=""/>
  <member type="way" ref="1267913061" role=""/>
  <member type="way" ref="1449459857" role=""/>
  <member type="way" ref="1451410365" role=""/>
  <member type="way" ref="192289476" role=""/>
  <member type="way" ref="1343964564" role=""/>
  <member type="way" ref="1228548749" role=""/>
  <member type="way" ref="1441950911" role=""/>
  <member type="way" ref="1435974581" role=""/>
  <member type="way" ref="1441950913" role=""/>
  <member type="way" ref="404351362" role=""/>
  <member type="way" ref="1435974584" role=""/>
  <member type="way" ref="587812525" role=""/>
  <member type="way" ref="719495577" role=""/>
  <member type="way" ref="604499634" role=""/>
  <member type="way" ref="719494696" role=""/>
  <member type="way" ref="566588297" role=""/>
  <member type="way" ref="566588298" role=""/>
  <member type="way" ref="1322906343" role=""/>
  <member type="way" ref="192289502" role=""/>
  <member type="way" ref="192289456" role=""/>
  <member type="way" ref="1435974595" role=""/>
  <member type="way" ref="719494703" role=""/>
  <member type="way" ref="1435976975" role=""/>
  <member type="way" ref="1486306987" role=""/>
  <member type="way" ref="719488944" role=""/>
  <member type="way" ref="719488941" role=""/>
  <member type="way" ref="192289446" role=""/>
  <member type="way" ref="1179893875" role=""/>
  <member type="way" ref="1435976985" role=""/>
  <member type="way" ref="723889912" role=""/>
  <member type="way" ref="723889914" role=""/>
  <member type="way" ref="1322795556" role=""/>
  <member type="way" ref="723889913" role=""/>
  <member type="way" ref="191937834" role=""/>
  <member type="way" ref="1263684138" role=""/>
  <member type="way" ref="1263684130" role=""/>
  <member type="way" ref="720320623" role=""/>
  <member type="way" ref="1263684139" role=""/>
  <member type="way" ref="1263684136" role=""/>
  <member type="way" ref="720320624" role=""/>
  <member type="way" ref="59986383" role=""/>
  <member type="way" ref="32578431" role=""/>
  <member type="way" ref="1344368382" role=""/>
  <member type="way" ref="408229570" role=""/>
  <member type="way" ref="606903848" role=""/>
  <member type="way" ref="32577232" role=""/>
  <member type="way" ref="1396163001" role=""/>
  <member type="way" ref="1344368385" role=""/>
  <member type="way" ref="1396163000" role=""/>
  <member type="way" ref="408229568" role=""/>
  <member type="way" ref="1272185356" role=""/>
  <member type="way" ref="1344368378" role=""/>
  <member type="way" ref="1057552170" role=""/>
  <member type="way" ref="1073706930" role=""/>
  <member type="way" ref="1221434609" role=""/>
  <member type="way" ref="1203438638" role=""/>
  <member type="way" ref="408250489" role=""/>
  <member type="way" ref="1408702630" role=""/>
  <member type="way" ref="1317816170" role=""/>
  <member type="way" ref="1203438640" role=""/>
  <member type="way" ref="1317816171" role=""/>
  <member type="way" ref="802338945" role=""/>
  <member type="way" ref="330532340" role=""/>
  <member type="way" ref="191937850" role=""/>
  <member type="way" ref="1215970291" role=""/>
  <member type="way" ref="1215970290" role=""/>
  <member type="way" ref="720361261" role=""/>
  <member type="way" ref="720361262" role=""/>
  <member type="way" ref="722556033" role=""/>
  <member type="way" ref="722556034" role=""/>
  <member type="way" ref="191937848" role=""/>
  <member type="way" ref="1270828724" role=""/>
  <member type="way" ref="722357075" role=""/>
  <member type="way" ref="191937846" role=""/>
  <member type="way" ref="1344344440" role=""/>
  <member type="way" ref="1215956912" role=""/>
  <member type="way" ref="1215957881" role=""/>
  <member type="way" ref="1215956911" role=""/>
  <member type="way" ref="704892961" role=""/>
  <member type="way" ref="1273081476" role=""/>
  <member type="way" ref="1273081475" role=""/>
  <member type="way" ref="724068830" role=""/>
  <member type="way" ref="724068939" role=""/>
  <member type="way" ref="722542337" role=""/>
  <member type="way" ref="724070776" role=""/>
  <member type="way" ref="724070773" role=""/>
  <member type="way" ref="724070771" role=""/>
  <member type="way" ref="724070770" role=""/>
  <member type="way" ref="724070767" role=""/>
  <member type="way" ref="1272225922" role=""/>
  <member type="way" ref="724070766" role=""/>
  <member type="way" ref="722547006" role=""/>
  <member type="way" ref="722547007" role=""/>
  <member type="way" ref="32899363" role=""/>
  <member type="way" ref="723251386" role=""/>
  <member type="way" ref="723251385" role=""/>
  <member type="way" ref="32899364" role=""/>
  <member type="way" ref="1269264075" role=""/>
  <member type="way" ref="1276098336" role=""/>
  <member type="way" ref="32581289" role=""/>
  <member type="way" ref="1272556246" role=""/>
  <member type="way" ref="1272557142" role=""/>
  <member type="way" ref="1269264076" role=""/>
  <member type="way" ref="608487591" role=""/>
  <member type="way" ref="1271931193" role=""/>
  <member type="way" ref="1160098469" role=""/>
  <member type="way" ref="1160098471" role=""/>
  <member type="way" ref="1160098468" role=""/>
  <member type="way" ref="1160098466" role=""/>
  <member type="way" ref="566557986" role=""/>
  <member type="way" ref="1012316328" role=""/>
  <member type="way" ref="1265525421" role=""/>
  <member type="way" ref="1160102613" role=""/>
  <member type="way" ref="1160102616" role=""/>
  <member type="way" ref="1160102615" role=""/>
  <member type="way" ref="1059687555" role=""/>
  <member type="way" ref="1269264078" role=""/>
  <member type="way" ref="1289525933" role=""/>
  <member type="way" ref="1289525932" role=""/>
  <member type="way" ref="1269264079" role=""/>
  <member type="way" ref="721973862" role=""/>
  <member type="way" ref="1269264080" role=""/>
  <member type="way" ref="1269264081" role=""/>
  <member type="way" ref="721973864" role=""/>
  <member type="way" ref="1270139982" role=""/>
  <member type="way" ref="1435976976" role=""/>
  <tag k="charge" v="7000 VND"/>
  <tag k="colour" v="#4F0AFF"/>
  <tag k="fee" v="yes"/>
  <tag k="from" v="Bến xe Chợ Lớn"/>
  <tag k="interval" v="00:09-00:13"/>
  <tag k="name" v="Bến xe Chợ Lớn - Bến xe Miền Đông mới"/>
  <tag k="network" v="Xe buýt Thành phố Hồ Chí Minh"/>
  <tag k="network:wikidata" v="Q30919670"/>
  <tag k="opening_hours" v="Mo-Su 05:00-21:00"/>
  <tag k="operator" v="Hợp tác xã vận tải xe buýt Quyết Thắng"/>
  <tag k="public_transport:version" v="2"/>
  <tag k="ref" v="56"/>
  <tag k="route" v="bus"/>
  <tag k="to" v="Bến xe Miền Đông mới"/>
  <tag k="type" v="route"/>
 </relation>
 <relation id="17432869" visible="true" version="75" changeset="180488880" timestamp="2026-03-27T07:54:03Z" user="Trần Thanh Tuấn" uid="16014056">
  <member type="node" ref="4765785888" role="platform_entry_only"/>
  <member type="node" ref="11793308574" role="platform"/>
  <member type="node" ref="11793308575" role="platform"/>
  <member type="node" ref="11793308576" role="platform"/>
  <member type="node" ref="11793308577" role="platform"/>
  <member type="node" ref="11793308578" role="platform"/>
  <member type="node" ref="11793308579" role="platform"/>
  <member type="node" ref="11793308580" role="platform"/>
  <member type="node" ref="11793308581" role="platform"/>
  <member type="node" ref="11793308582" role="platform"/>
  <member type="node" ref="11793308583" role="platform"/>
  <member type="node" ref="11793308584" role="platform"/>
  <member type="node" ref="11793308585" role="platform"/>
  <member type="node" ref="11793308586" role="platform"/>
  <member type="node" ref="11793308587" role="platform"/>
  <member type="node" ref="4269790394" role="platform"/>
  <member type="node" ref="11793308588" role="platform"/>
  <member type="node" ref="11793308589" role="platform"/>
  <member type="node" ref="2984717715" role="platform"/>
  <member type="node" ref="2984717720" role="platform"/>
  <member type="node" ref="11755528624" role="platform"/>
  <member type="node" ref="3116282957" role="platform"/>
  <member type="node" ref="2984717730" role="platform"/>
  <member type="node" ref="11755184283" role="platform"/>
  <member type="node" ref="11755184284" role="platform"/>
  <member type="node" ref="3537461545" role="platform"/>
  <member type="node" ref="3230436394" role="platform"/>
  <member type="node" ref="11337172379" role="platform"/>
  <member type="node" ref="11755184285" role="platform"/>
  <member type="node" ref="11337172374" role="platform"/>
  <member type="node" ref="11337172378" role="platform"/>
  <member type="node" ref="11704307870" role="platform"/>
  <member type="node" ref="11755184286" role="platform"/>
  <member type="node" ref="11755184287" role="platform"/>
  <member type="node" ref="2673074380" role="platform"/>
  <member type="node" ref="11627173669" role="platform"/>
  <member type="node" ref="3166144991" role="platform"/>
  <member type="node" ref="11771724347" role="platform"/>
  <member type="node" ref="11775484746" role="platform"/>
  <member type="node" ref="3016612589" role="platform"/>
  <member type="node" ref="3124681592" role="platform"/>
  <member type="node" ref="7520799030" role="platform"/>
  <member type="node" ref="9468454790" role="platform"/>
  <member type="node" ref="9468454791" role="platform"/>
  <member type="node" ref="9402954189" role="platform"/>
  <member type="node" ref="6795152088" role="platform"/>
  <member type="node" ref="11868497864" role="platform"/>
  <member type="node" ref="11773317353" role="platform"/>
  <member type="node" ref="5423964121" role="platform"/>
  <member type="node" ref="5423964222" role="platform"/>
  <member type="node" ref="11782827578" role="platform"/>
  <member type="node" ref="11782827579" role="platform"/>
  <member type="node" ref="6315687788" role="platform"/>
  <member type="node" ref="6315685296" role="platform"/>
  <member type="node" ref="1765166512" role="platform"/>
  <member type="node" ref="11755184295" role="platform"/>
  <member type="node" ref="11755184296" role="platform"/>
  <member type="node" ref="11755184297" role="platform"/>
  <member type="node" ref="4621858725" role="platform"/>
  <member type="node" ref="3116315718" role="platform"/>
  <member type="node" ref="3185778722" role="platform"/>
  <member type="node" ref="9667135117" role="platform"/>
  <member type="node" ref="11755184300" role="platform"/>
  <member type="node" ref="3116315721" role="platform"/>
  <member type="node" ref="2392398227" role="platform"/>
  <member type="node" ref="4614188879" role="platform"/>
  <member type="node" ref="9042277025" role="platform"/>
  <member type="node" ref="9042277026" role="platform"/>
  <member type="node" ref="11753277688" role="platform_exit_only"/>
  <member type="node" ref="11625833669" role="platform"/>
  <member type="node" ref="12212047737" role="platform"/>
  <member type="node" ref="12435545083" role="platform"/>
  <member type="node" ref="12767882500" role="platform"/>
  <member type="node" ref="13095375534" role="platform"/>
  <member type="node" ref="13619847102" role="platform"/>
  <member type="way" ref="721973861" role=""/>
  <member type="way" ref="721973863" role=""/>
  <member type="way" ref="32588315" role=""/>
  <member type="way" ref="1289525932" role=""/>
  <member type="way" ref="721958956" role=""/>
  <member type="way" ref="1271931192" role=""/>
  <member type="way" ref="1269264076" role=""/>
  <member type="way" ref="1272557142" role=""/>
  <member type="way" ref="1272556246" role=""/>
  <member type="way" ref="32581289" role=""/>
  <member type="way" ref="1276098336" role=""/>
  <member type="way" ref="723249435" role=""/>
  <member type="way" ref="607221725" role=""/>
  <member type="way" ref="1278461379" role=""/>
  <member type="way" ref="723251389" role=""/>
  <member type="way" ref="607221723" role=""/>
  <member type="way" ref="722361728" role=""/>
  <member type="way" ref="722361727" role=""/>
  <member type="way" ref="722547009" role=""/>
  <member type="way" ref="724079955" role=""/>
  <member type="way" ref="724106903" role=""/>
  <member type="way" ref="724079954" role=""/>
  <member type="way" ref="722361739" role=""/>
  <member type="way" ref="724081804" role=""/>
  <member type="way" ref="724081802" role=""/>
  <member type="way" ref="607249905" role=""/>
  <member type="way" ref="1273081475" role=""/>
  <member type="way" ref="1273081476" role=""/>
  <member type="way" ref="704892961" role=""/>
  <member type="way" ref="1215956911" role=""/>
  <member type="way" ref="1215957881" role=""/>
  <member type="way" ref="1215956912" role=""/>
  <member type="way" ref="1344344440" role=""/>
  <member type="way" ref="191937846" role=""/>
  <member type="way" ref="1270828726" role=""/>
  <member type="way" ref="723249849" role=""/>
  <member type="way" ref="1272225923" role=""/>
  <member type="way" ref="1137128326" role=""/>
  <member type="way" ref="720361263" role=""/>
  <member type="way" ref="1269264064" role=""/>
  <member type="way" ref="1265471307" role=""/>
  <member type="way" ref="1215966887" role=""/>
  <member type="way" ref="330532340" role=""/>
  <member type="way" ref="802338945" role=""/>
  <member type="way" ref="1317816171" role=""/>
  <member type="way" ref="1317816169" role=""/>
  <member type="way" ref="1408702630" role=""/>
  <member type="way" ref="408250489" role=""/>
  <member type="way" ref="1203438638" role=""/>
  <member type="way" ref="1203438639" role=""/>
  <member type="way" ref="1073706930" role=""/>
  <member type="way" ref="1057552170" role=""/>
  <member type="way" ref="1344368378" role=""/>
  <member type="way" ref="1272185356" role=""/>
  <member type="way" ref="408229568" role=""/>
  <member type="way" ref="32577232" role=""/>
  <member type="way" ref="606903848" role=""/>
  <member type="way" ref="408229570" role=""/>
  <member type="way" ref="1344368382" role=""/>
  <member type="way" ref="32578431" role=""/>
  <member type="way" ref="59986383" role=""/>
  <member type="way" ref="720320625" role=""/>
  <member type="way" ref="722059828" role=""/>
  <member type="way" ref="1322795553" role=""/>
  <member type="way" ref="606240977" role=""/>
  <member type="way" ref="722308479" role=""/>
  <member type="way" ref="722308478" role=""/>
  <member type="way" ref="1435976980" role=""/>
  <member type="way" ref="236502610" role=""/>
  <member type="way" ref="192289449" role=""/>
  <member type="way" ref="1179893872" role=""/>
  <member type="way" ref="1179893877" role=""/>
  <member type="way" ref="1435974593" role=""/>
  <member type="way" ref="604469774" role=""/>
  <member type="way" ref="1104932698" role=""/>
  <member type="way" ref="604469777" role=""/>
  <member type="way" ref="1346116861" role=""/>
  <member type="way" ref="566594769" role=""/>
  <member type="way" ref="723560789" role=""/>
  <member type="way" ref="1435974587" role=""/>
  <member type="way" ref="1435974588" role=""/>
  <member type="way" ref="1220307737" role=""/>
  <member type="way" ref="1220307738" role=""/>
  <member type="way" ref="719495581" role=""/>
  <member type="way" ref="1220307329" role=""/>
  <member type="way" ref="1220307330" role=""/>
  <member type="way" ref="404353953" role=""/>
  <member type="way" ref="1343964570" role=""/>
  <member type="way" ref="404353952" role=""/>
  <member type="way" ref="1346116855" role=""/>
  <member type="way" ref="1274615190" role=""/>
  <member type="way" ref="1346116858" role=""/>
  <member type="way" ref="1278461447" role=""/>
  <member type="way" ref="1291185292" role=""/>
  <member type="way" ref="1278461448" role=""/>
  <member type="way" ref="1464490349" role=""/>
  <member type="way" ref="192289484" role=""/>
  <member type="way" ref="1424698019" role=""/>
  <member type="way" ref="1346116866" role=""/>
  <member type="way" ref="192289478" role=""/>
  <member type="way" ref="978724174" role=""/>
  <member type="way" ref="978724173" role=""/>
  <member type="way" ref="1267040018" role=""/>
  <member type="way" ref="58800536" role=""/>
  <member type="way" ref="1428196421" role=""/>
  <member type="way" ref="33574430" role=""/>
  <member type="way" ref="1344043035" role=""/>
  <member type="way" ref="1344797773" role=""/>
  <member type="way" ref="1006083161" role=""/>
  <member type="way" ref="1415228306" role=""/>
  <member type="way" ref="1344043028" role=""/>
  <member type="way" ref="838511275" role=""/>
  <member type="way" ref="179122357" role=""/>
  <member type="way" ref="33574429" role=""/>
  <member type="way" ref="409014810" role=""/>
  <member type="way" ref="193085737" role=""/>
  <member type="way" ref="193085708" role=""/>
  <member type="way" ref="193085698" role=""/>
  <member type="way" ref="1218661462" role=""/>
  <member type="way" ref="1278461431" role=""/>
  <member type="way" ref="817117938" role=""/>
  <member type="way" ref="874533294" role=""/>
  <member type="way" ref="986725618" role=""/>
  <member type="way" ref="1485632375" role=""/>
  <member type="way" ref="233001268" role=""/>
  <member type="way" ref="1083439168" role=""/>
  <member type="way" ref="1151133823" role=""/>
  <member type="way" ref="1461789904" role=""/>
  <member type="way" ref="1083439170" role=""/>
  <member type="way" ref="1461789905" role=""/>
  <member type="way" ref="696974352" role=""/>
  <member type="way" ref="326848005" role=""/>
  <member type="way" ref="327181429" role=""/>
  <member type="way" ref="1391340873" role=""/>
  <member type="way" ref="193085683" role=""/>
  <member type="way" ref="409294121" role=""/>
  <member type="way" ref="1177488209" role=""/>
  <member type="way" ref="1271931190" role=""/>
  <member type="way" ref="1018203946" role=""/>
  <member type="way" ref="1265997677" role=""/>
  <member type="way" ref="703812379" role=""/>
  <member type="way" ref="719035061" role=""/>
  <member type="way" ref="719035064" role=""/>
  <member type="way" ref="1128344410" role=""/>
  <member type="way" ref="1128345002" role=""/>
  <member type="way" ref="1185864079" role=""/>
  <member type="way" ref="1128345001" role=""/>
  <member type="way" ref="719043756" role=""/>
  <member type="way" ref="1423071621" role=""/>
  <member type="way" ref="1423071618" role=""/>
  <member type="way" ref="1265743177" role=""/>
  <member type="way" ref="1265743176" role=""/>
  <member type="way" ref="1265743189" role=""/>
  <member type="way" ref="1267138239" role=""/>
  <member type="way" ref="466200149" role=""/>
  <member type="way" ref="192680173" role=""/>
  <member type="way" ref="1265743191" role=""/>
  <member type="way" ref="724125651" role=""/>
  <member type="way" ref="1220172472" role=""/>
  <member type="way" ref="724060392" role=""/>
  <member type="way" ref="215424982" role=""/>
  <member type="way" ref="817914015" role=""/>
  <member type="way" ref="703307398" role=""/>
  <member type="way" ref="722054809" role=""/>
  <member type="way" ref="1268643580" role=""/>
  <member type="way" ref="1220451732" role=""/>
  <member type="way" ref="1268643574" role=""/>
  <member type="way" ref="431068519" role=""/>
  <member type="way" ref="472412761" role=""/>
  <member type="way" ref="1269264062" role=""/>
  <member type="way" ref="466642759" role=""/>
  <member type="way" ref="1206785149" role=""/>
  <member type="way" ref="1206785151" role=""/>
  <member type="way" ref="1225812111" role=""/>
  <member type="way" ref="1206785150" role=""/>
  <member type="way" ref="1225812110" role=""/>
  <member type="way" ref="718499095" role=""/>
  <member type="way" ref="1268643582" role=""/>
  <member type="way" ref="1380945812" role=""/>
  <member type="way" ref="1468556685" role=""/>
  <member type="way" ref="1380812752" role=""/>
  <member type="way" ref="1493349920" role=""/>
  <member type="way" ref="1018412807" role=""/>
  <member type="way" ref="1018412806" role=""/>
  <member type="way" ref="1018412805" role=""/>
  <member type="way" ref="1018412812" role=""/>
  <member type="way" ref="468653970" role=""/>
  <member type="way" ref="330532328" role=""/>
  <member type="way" ref="719486327" role=""/>
  <member type="way" ref="330532314" role=""/>
  <member type="way" ref="210268958" role=""/>
  <member type="way" ref="1179695684" role=""/>
  <member type="way" ref="717325443" role=""/>
  <member type="way" ref="717325442" role=""/>
  <member type="way" ref="1265525446" role=""/>
  <member type="way" ref="717325444" role=""/>
  <member type="way" ref="716809429" role=""/>
  <member type="way" ref="716914325" role=""/>
  <member type="way" ref="466671832" role=""/>
  <member type="way" ref="623752774" role=""/>
  <member type="way" ref="466671837" role=""/>
  <member type="way" ref="722622674" role=""/>
  <member type="way" ref="466671834" role=""/>
  <member type="way" ref="977120849" role=""/>
  <member type="way" ref="1226411870" role=""/>
  <member type="way" ref="1486223477" role=""/>
  <member type="way" ref="471067921" role=""/>
  <member type="way" ref="493222444" role=""/>
  <member type="way" ref="971692811" role=""/>
  <member type="way" ref="1265213595" role=""/>
  <member type="way" ref="1421078387" role=""/>
  <tag k="charge" v="7000 VND"/>
  <tag k="colour" v="#4F0AFF"/>
  <tag k="fee" v="yes"/>
  <tag k="from" v="Bến xe Miền Đông mới"/>
  <tag k="interval" v="00:09-00:13"/>
  <tag k="name" v="Bến xe Miền Đông mới - Bến xe Chợ Lớn"/>
  <tag k="network" v="Xe buýt Thành phố Hồ Chí Minh"/>
  <tag k="network:wikidata" v="Q30919670"/>
  <tag k="opening_hours" v="Mo-Su 05:00-21:00"/>
  <tag k="operator" v="Hợp tác xã vận tải xe buýt Quyết Thắng"/>
  <tag k="public_transport:version" v="2"/>
  <tag k="ref" v="56"/>
  <tag k="route" v="bus"/>
  <tag k="to" v="Bến xe Chợ Mới"/>
  <tag k="type" v="route"/>
 </relation>
 <relation id="17432870" visible="true" version="3" changeset="157627489" timestamp="2024-10-08T13:39:17Z" user="edumiz624" uid="20881381">
  <member type="relation" ref="17432868" role=""/>
  <member type="relation" ref="17432869" role=""/>
  <tag k="name" v="Bến xe Chợ Lớn - Bến xe Miền Đông mới"/>
  <tag k="network" v="Xe buýt Thành phố Hồ Chí Minh"/>
  <tag k="network:wikidata" v="Q30919670"/>
  <tag k="operator" v="Hợp tác xã vận tải xe buýt Quyết Thắng"/>
  <tag k="ref" v="56"/>
  <tag k="route_master" v="bus"/>
  <tag k="type" v="route_master"/>
 </relation>
 <relation id="17432871" visible="true" version="29" changeset="179495467" timestamp="2026-03-07T14:39:06Z" user="edumiz624" uid="20881381">
  <member type="node" ref="3178488401" role="platform_entry_only"/>
  <member type="node" ref="11793308599" role="platform"/>
  <member type="node" ref="11793308600" role="platform"/>
  <member type="node" ref="11793308601" role="platform"/>
  <member type="node" ref="11793308602" role="platform"/>
  <member type="node" ref="11793308603" role="platform"/>
  <member type="node" ref="11793308604" role="platform"/>
  <member type="node" ref="11793308605" role="platform"/>
  <member type="node" ref="11793308606" role="platform"/>
  <member type="node" ref="11793308607" role="platform"/>
  <member type="node" ref="11793308608" role="platform"/>
  <member type="node" ref="4269790394" role="platform"/>
  <member type="node" ref="11793308588" role="platform"/>
  <member type="node" ref="11793308589" role="platform"/>
  <member type="node" ref="2984717715" role="platform"/>
  <member type="node" ref="2984717720" role="platform"/>
  <member type="node" ref="11755528624" role="platform"/>
  <member type="node" ref="3116282957" role="platform"/>
  <member type="node" ref="2984717730" role="platform"/>
  <member type="node" ref="11755528625" role="platform"/>
  <member type="node" ref="11755528626" role="platform"/>
  <member type="node" ref="11755528627" role="platform"/>
  <member type="node" ref="11755528628" role="platform"/>
  <member type="node" ref="11755528630" role="platform"/>
  <member type="node" ref="11793308611" role="platform"/>
  <member type="node" ref="11793308612" role="platform"/>
  <member type="node" ref="11793308613" role="platform"/>
  <member type="node" ref="11793308614" role="platform_exit_only"/>
  <member type="way" ref="1270139994" role=""/>
  <member type="way" ref="1270139993" role=""/>
  <member type="way" ref="32586617" role=""/>
  <member type="way" ref="1270139998" role=""/>
  <member type="way" ref="547165074" role=""/>
  <member type="way" ref="1270140000" role=""/>
  <member type="way" ref="32578209" role=""/>
  <member type="way" ref="1344344452" role=""/>
  <member type="way" ref="1344344454" role=""/>
  <member type="way" ref="32584711" role=""/>
  <member type="way" ref="720043647" role=""/>
  <member type="way" ref="1273797160" role=""/>
  <member type="way" ref="722019532" role=""/>
  <member type="way" ref="722019533" role=""/>
  <member type="way" ref="723885189" role=""/>
  <member type="way" ref="1316061197" role=""/>
  <member type="way" ref="723885188" role=""/>
  <member type="way" ref="1344344449" role=""/>
  <member type="way" ref="32586408" role=""/>
  <member type="way" ref="723027055" role=""/>
  <member type="way" ref="722036885" role=""/>
  <member type="way" ref="606215575" role=""/>
  <member type="way" ref="1221486089" role=""/>
  <member type="way" ref="32581224" role=""/>
  <member type="way" ref="1215956912" role=""/>
  <member type="way" ref="1344344440" role=""/>
  <member type="way" ref="191937846" role=""/>
  <member type="way" ref="1270828726" role=""/>
  <member type="way" ref="723249849" role=""/>
  <member type="way" ref="1272225923" role=""/>
  <member type="way" ref="1137128326" role=""/>
  <member type="way" ref="720361263" role=""/>
  <member type="way" ref="1269264064" role=""/>
  <member type="way" ref="1265471307" role=""/>
  <member type="way" ref="1215966887" role=""/>
  <member type="way" ref="330532340" role=""/>
  <member type="way" ref="802338945" role=""/>
  <member type="way" ref="1317816171" role=""/>
  <member type="way" ref="1317816169" role=""/>
  <member type="way" ref="1408702630" role=""/>
  <member type="way" ref="408250489" role=""/>
  <member type="way" ref="1203438638" role=""/>
  <member type="way" ref="1203438639" role=""/>
  <member type="way" ref="1073706930" role=""/>
  <member type="way" ref="1057552170" role=""/>
  <member type="way" ref="1344368378" role=""/>
  <member type="way" ref="1272185356" role=""/>
  <member type="way" ref="408229568" role=""/>
  <member type="way" ref="995149094" role=""/>
  <member type="way" ref="1265525418" role=""/>
  <member type="way" ref="1275903828" role=""/>
  <member type="way" ref="1267138248" role=""/>
  <member type="way" ref="1265525439" role=""/>
  <member type="way" ref="223783862" role=""/>
  <member type="way" ref="1178249292" role=""/>
  <member type="way" ref="326771002" role=""/>
  <member type="way" ref="607615097" role=""/>
  <member type="way" ref="607615098" role=""/>
  <member type="way" ref="32928902" role=""/>
  <member type="way" ref="606521503" role=""/>
  <member type="way" ref="606547885" role=""/>
  <member type="way" ref="1265525452" role=""/>
  <member type="way" ref="606521510" role=""/>
  <member type="way" ref="368785551" role=""/>
  <member type="way" ref="1219666785" role=""/>
  <member type="way" ref="1174687516" role=""/>
  <member type="way" ref="305402846" role=""/>
  <member type="way" ref="305402847" role=""/>
  <member type="way" ref="1270919363" role=""/>
  <member type="way" ref="606638713" role=""/>
  <member type="way" ref="1419189310" role=""/>
  <member type="way" ref="606638714" role=""/>
  <member type="way" ref="138331686" role=""/>
  <member type="way" ref="138331684" role=""/>
  <member type="node" ref="12871242830" role="platform"/>
  <member type="node" ref="12886584089" role="platform"/>
  <member type="node" ref="12886584090" role="platform"/>
  <member type="node" ref="12886584091" role="platform"/>
  <member type="node" ref="12886584092" role="platform"/>
  <tag k="charge" v="5000 VND"/>
  <tag k="colour" v="#4F0AFF"/>
  <tag k="fee" v="yes"/>
  <tag k="from" v="Chợ Phước Bình"/>
  <tag k="interval" v="00:10-00:20"/>
  <tag k="name" v="Chợ Phước Bình - Trường Trung học phổ thông Hiệp Bình"/>
  <tag k="network" v="Xe buýt Thành phố Hồ Chí Minh"/>
  <tag k="network:wikidata" v="Q30919670"/>
  <tag k="opening_hours" v="Mo-Su 05:00-18:30"/>
  <tag k="operator" v="Công ty Cổ phần Xe khách Phương Trang - FUTA Bus Lines"/>
  <tag k="public_transport:version" v="2"/>
  <tag k="ref" v="57"/>
  <tag k="route" v="bus"/>
  <tag k="to" v="Trường Trung học phổ thông Hiệp Bình"/>
  <tag k="type" v="route"/>
 </relation>
 <relation id="17432872" visible="true" version="28" changeset="179495467" timestamp="2026-03-07T14:39:06Z" user="edumiz624" uid="20881381">
  <member type="node" ref="11793308615" role="platform"/>
  <member type="node" ref="11793308616" role="platform"/>
  <member type="node" ref="11793308617" role="platform"/>
  <member type="node" ref="3116353275" role="platform"/>
  <member type="node" ref="11755528612" role="platform"/>
  <member type="node" ref="3116353277" role="platform"/>
  <member type="node" ref="11755528615" role="platform"/>
  <member type="node" ref="3116353278" role="platform"/>
  <member type="node" ref="2984717728" role="platform"/>
  <member type="node" ref="2984717727" role="platform"/>
  <member type="node" ref="2984717726" role="platform"/>
  <member type="node" ref="2984717721" role="platform"/>
  <member type="node" ref="2984717719" role="platform"/>
  <member type="node" ref="2024973266" role="platform"/>
  <member type="node" ref="3185949681" role="platform"/>
  <member type="node" ref="3185949682" role="platform"/>
  <member type="node" ref="11793308618" role="platform"/>
  <member type="node" ref="11793308619" role="platform"/>
  <member type="node" ref="11793308620" role="platform"/>
  <member type="node" ref="11793308621" role="platform"/>
  <member type="node" ref="11793308622" role="platform"/>
  <member type="node" ref="11793308623" role="platform"/>
  <member type="node" ref="11793308624" role="platform"/>
  <member type="node" ref="11793308625" role="platform"/>
  <member type="node" ref="11793308626" role="platform"/>
  <member type="node" ref="11793308627" role="platform"/>
  <member type="node" ref="11793308628" role="platform"/>
  <member type="node" ref="3178488401" role="platform_exit_only"/>
  <member type="node" ref="11793308614" role="platform_entry_only"/>
  <member type="way" ref="138331684" role=""/>
  <member type="way" ref="138331686" role=""/>
  <member type="way" ref="606638714" role=""/>
  <member type="way" ref="1419189310" role=""/>
  <member type="way" ref="606638713" role=""/>
  <member type="way" ref="1270919363" role=""/>
  <member type="way" ref="305402847" role=""/>
  <member type="way" ref="32586257" role=""/>
  <member type="way" ref="1161308783" role=""/>
  <member type="way" ref="606547908" role=""/>
  <member type="way" ref="1219668785" role=""/>
  <member type="way" ref="1219668784" role=""/>
  <member type="way" ref="1331884462" role=""/>
  <member type="way" ref="606547912" role=""/>
  <member type="way" ref="368785550" role=""/>
  <member type="way" ref="606521511" role=""/>
  <member type="way" ref="1156081393" role=""/>
  <member type="way" ref="1282361048" role=""/>
  <member type="way" ref="1265525440" role=""/>
  <member type="way" ref="606521503" role=""/>
  <member type="way" ref="32928902" role=""/>
  <member type="way" ref="607615098" role=""/>
  <member type="way" ref="607615097" role=""/>
  <member type="way" ref="224456765" role=""/>
  <member type="way" ref="1265525420" role=""/>
  <member type="way" ref="995149094" role=""/>
  <member type="way" ref="408229568" role=""/>
  <member type="way" ref="1272185356" role=""/>
  <member type="way" ref="1344368378" role=""/>
  <member type="way" ref="1057552170" role=""/>
  <member type="way" ref="1073706930" role=""/>
  <member type="way" ref="1221434609" role=""/>
  <member type="way" ref="1203438638" role=""/>
  <member type="way" ref="408250489" role=""/>
  <member type="way" ref="1408702630" role=""/>
  <member type="way" ref="1317816170" role=""/>
  <member type="way" ref="1203438640" role=""/>
  <member type="way" ref="1317816171" role=""/>
  <member type="way" ref="802338945" role=""/>
  <member type="way" ref="330532340" role=""/>
  <member type="way" ref="191937850" role=""/>
  <member type="way" ref="1215970291" role=""/>
  <member type="way" ref="1215970290" role=""/>
  <member type="way" ref="720361261" role=""/>
  <member type="way" ref="720361262" role=""/>
  <member type="way" ref="722556033" role=""/>
  <member type="way" ref="722556034" role=""/>
  <member type="way" ref="191937848" role=""/>
  <member type="way" ref="1270828724" role=""/>
  <member type="way" ref="722357075" role=""/>
  <member type="way" ref="191937846" role=""/>
  <member type="way" ref="1344344440" role=""/>
  <member type="way" ref="1215956912" role=""/>
  <member type="way" ref="32581224" role=""/>
  <member type="way" ref="1221486089" role=""/>
  <member type="way" ref="606215575" role=""/>
  <member type="way" ref="722036885" role=""/>
  <member type="way" ref="723027055" role=""/>
  <member type="way" ref="32586408" role=""/>
  <member type="way" ref="1344344449" role=""/>
  <member type="way" ref="723885188" role=""/>
  <member type="way" ref="1316061197" role=""/>
  <member type="way" ref="723885189" role=""/>
  <member type="way" ref="722019533" role=""/>
  <member type="way" ref="722019532" role=""/>
  <member type="way" ref="1273797160" role=""/>
  <member type="way" ref="720043647" role=""/>
  <member type="way" ref="1270140004" role=""/>
  <member type="way" ref="314209780" role=""/>
  <member type="way" ref="1344344459" role=""/>
  <member type="way" ref="1344344457" role=""/>
  <member type="way" ref="1270140001" role=""/>
  <member type="way" ref="32578209" role=""/>
  <member type="way" ref="1270140000" role=""/>
  <member type="way" ref="547165074" role=""/>
  <member type="way" ref="1270139998" role=""/>
  <member type="way" ref="32586617" role=""/>
  <member type="way" ref="1270139995" role=""/>
  <member type="way" ref="1270140007" role=""/>
  <member type="node" ref="12886584093" role="platform"/>
  <member type="node" ref="12886584094" role="platform"/>
  <member type="node" ref="12886584095" role="platform"/>
  <tag k="charge" v="5000 VND"/>
  <tag k="colour" v="#4F0AFF"/>
  <tag k="fee" v="yes"/>
  <tag k="from" v="Trường Trung học phổ thông Hiệp Bình"/>
  <tag k="interval" v="00:10-00:20"/>
  <tag k="name" v="Trường Trung học phổ thông Hiệp Bình - Chợ Phước Bình"/>
  <tag k="network" v="Xe buýt Thành phố Hồ Chí Minh"/>
  <tag k="network:wikidata" v="Q30919670"/>
  <tag k="opening_hours" v="Mo-Su 05:00-18:30"/>
  <tag k="operator" v="Công ty Cổ phần Xe khách Phương Trang - FUTA Bus Lines"/>
  <tag k="public_transport:version" v="2"/>
  <tag k="ref" v="57"/>
  <tag k="route" v="bus"/>
  <tag k="to" v="Chợ Phước Bình"/>
  <tag k="type" v="route"/>
 </relation>
 <relation id="17432873" visible="true" version="2" changeset="157718660" timestamp="2024-10-10T14:31:20Z" user="edumiz624" uid="20881381">
  <member type="relation" ref="17432871" role=""/>
  <member type="relation" ref="17432872" role=""/>
  <tag k="name" v="Chợ Phước Bình - Trường THPT Hiệp Bình"/>
  <tag k="network" v="Xe buýt Thành phố Hồ Chí Minh"/>
  <tag k="network:wikidata" v="Q30919670"/>
  <tag k="operator" v="Công ty Cổ phần Xe khách Phương Trang - FUTA Bus Lines"/>
  <tag k="ref" v="57"/>
  <tag k="route_master" v="bus"/>
  <tag k="type" v="route_master"/>
 </relation>
 <relation id="17438219" visible="true" version="68" changeset="179495467" timestamp="2026-03-07T14:39:06Z" user="edumiz624" uid="20881381">
  <member type="node" ref="11757386654" role="platform_entry_only"/>
  <member type="node" ref="8995301262" role="platform"/>
  <member type="node" ref="8995301264" role="platform"/>
  <member type="node" ref="8995301266" role="platform"/>
  <member type="node" ref="8995301267" role="platform"/>
  <member type="node" ref="8995301271" role="platform"/>
  <member type="node" ref="9585048355" role="platform"/>
  <member type="node" ref="11363404641" role="platform"/>
  <member type="node" ref="11363404642" role="platform"/>
  <member type="node" ref="11755160659" role="platform"/>
  <member type="node" ref="11755160660" role="platform"/>
  <member type="node" ref="11755160661" role="platform"/>
  <member type="node" ref="11755160662" role="platform"/>
  <member type="node" ref="11755160663" role="platform"/>
  <member type="node" ref="11755160664" role="platform"/>
  <member type="node" ref="11789253345" role="platform"/>
  <member type="node" ref="3230448898" role="platform"/>
  <member type="node" ref="3230448899" role="platform"/>
  <member type="node" ref="11771724343" role="platform"/>
  <member type="node" ref="11755184272" role="platform"/>
  <member type="node" ref="11755528617" role="platform"/>
  <member type="node" ref="2984625915" role="platform"/>
  <member type="node" ref="11755528618" role="platform"/>
  <member type="node" ref="7183291637" role="platform"/>
  <member type="node" ref="11755528619" role="platform"/>
  <member type="node" ref="11799114453" role="platform"/>
  <member type="node" ref="11799114454" role="platform"/>
  <member type="node" ref="11799114455" role="platform"/>
  <member type="node" ref="11799114456" role="platform"/>
  <member type="node" ref="11799136678" role="platform_exit_only"/>
  <member type="node" ref="11869153634" role="platform"/>
  <member type="node" ref="10287576612" role="platform"/>
  <member type="node" ref="10287576613" role="platform"/>
  <member type="node" ref="10287576614" role="platform"/>
  <member type="node" ref="10287576615" role="platform"/>
  <member type="node" ref="10287576616" role="platform"/>
  <member type="node" ref="10287576617" role="platform"/>
  <member type="node" ref="10287576618" role="platform"/>
  <member type="node" ref="10287576619" role="platform"/>
  <member type="node" ref="8987356900" role="platform"/>
  <member type="node" ref="8987356902" role="platform"/>
  <member type="node" ref="8987356904" role="platform"/>
  <member type="node" ref="8987356906" role="platform"/>
  <member type="node" ref="8987356908" role="platform"/>
  <member type="node" ref="8987356910" role="platform"/>
  <member type="node" ref="8987356912" role="platform"/>
  <member type="node" ref="8987356916" role="platform"/>
  <member type="node" ref="8987385218" role="platform"/>
  <member type="node" ref="8987385220" role="platform"/>
  <member type="node" ref="11870716280" role="platform"/>
  <member type="node" ref="8987385224" role="platform"/>
  <member type="node" ref="8987385226" role="platform"/>
  <member type="node" ref="8987385228" role="platform"/>
  <member type="node" ref="8987507238" role="platform"/>
  <member type="node" ref="8987507240" role="platform"/>
  <member type="node" ref="8987507242" role="platform"/>
  <member type="node" ref="8987507244" role="platform"/>
  <member type="node" ref="8987507246" role="platform"/>
  <member type="node" ref="11870716282" role="platform"/>
  <member type="node" ref="12451337732" role="platform"/>
  <member type="node" ref="11755160665" role="platform"/>
  <member type="node" ref="11755184273" role="platform"/>
  <member type="node" ref="11873794174" role="platform"/>
  <member type="node" ref="11755160658" role="platform"/>
  <member type="node" ref="11874238101" role="platform"/>
  <member type="way" ref="302383094" role=""/>
  <member type="way" ref="977346731" role=""/>
  <member type="way" ref="977523913" role=""/>
  <member type="way" ref="1265743200" role=""/>
  <member type="way" ref="1265743192" role=""/>
  <member type="way" ref="55451561" role=""/>
  <member type="way" ref="1315935782" role=""/>
  <member type="way" ref="1225831527" role=""/>
  <member type="way" ref="33103490" role=""/>
  <member type="way" ref="192512367" role=""/>
  <member type="way" ref="1105792198" role=""/>
  <member type="way" ref="1105792202" role=""/>
  <member type="way" ref="330374254" role=""/>
  <member type="way" ref="1456869483" role=""/>
  <member type="way" ref="1330231655" role=""/>
  <member type="way" ref="231981990" role=""/>
  <member type="way" ref="725686333" role=""/>
  <member type="way" ref="1265700913" role=""/>
  <member type="way" ref="971692797" role=""/>
  <member type="way" ref="1265700924" role=""/>
  <member type="way" ref="971692798" role=""/>
  <member type="way" ref="977346734" role=""/>
  <member type="way" ref="1278461430" role=""/>
  <member type="way" ref="1421503182" role=""/>
  <member type="way" ref="192512337" role=""/>
  <member type="way" ref="330532283" role=""/>
  <member type="way" ref="192512371" role=""/>
  <member type="way" ref="53551190" role=""/>
  <member type="way" ref="59986387" role=""/>
  <member type="way" ref="1344043030" role=""/>
  <member type="way" ref="1344797767" role=""/>
  <member type="way" ref="1344797761" role=""/>
  <member type="way" ref="977346737" role=""/>
  <member type="way" ref="404356160" role=""/>
  <member type="way" ref="977346738" role=""/>
  <member type="way" ref="192289472" role=""/>
  <member type="way" ref="306073180" role=""/>
  <member type="way" ref="1428979983" role=""/>
  <member type="way" ref="1346116868" role=""/>
  <member type="way" ref="1267913061" role=""/>
  <member type="way" ref="1449459857" role=""/>
  <member type="way" ref="1451410365" role=""/>
  <member type="way" ref="192289476" role=""/>
  <member type="way" ref="1343964564" role=""/>
  <member type="way" ref="1228548749" role=""/>
  <member type="way" ref="1441950911" role=""/>
  <member type="way" ref="1435974581" role=""/>
  <member type="way" ref="1441950913" role=""/>
  <member type="way" ref="404351362" role=""/>
  <member type="way" ref="1435974584" role=""/>
  <member type="way" ref="587812525" role=""/>
  <member type="way" ref="719495577" role=""/>
  <member type="way" ref="604499634" role=""/>
  <member type="way" ref="719494696" role=""/>
  <member type="way" ref="566588297" role=""/>
  <member type="way" ref="566588298" role=""/>
  <member type="way" ref="1322906343" role=""/>
  <member type="way" ref="192289502" role=""/>
  <member type="way" ref="192289456" role=""/>
  <member type="way" ref="1435974596" role=""/>
  <member type="way" ref="192289504" role=""/>
  <member type="way" ref="719494701" role=""/>
  <member type="way" ref="1486306987" role=""/>
  <member type="way" ref="1435976976" role=""/>
  <member type="way" ref="719488944" role=""/>
  <member type="way" ref="719488941" role=""/>
  <member type="way" ref="192289446" role=""/>
  <member type="way" ref="1179893875" role=""/>
  <member type="way" ref="1435976985" role=""/>
  <member type="way" ref="723889912" role=""/>
  <member type="way" ref="723889914" role=""/>
  <member type="way" ref="1322795556" role=""/>
  <member type="way" ref="723889913" role=""/>
  <member type="way" ref="191937834" role=""/>
  <member type="way" ref="1263684138" role=""/>
  <member type="way" ref="1263684130" role=""/>
  <member type="way" ref="1263684135" role=""/>
  <member type="way" ref="719482081" role=""/>
  <member type="way" ref="330532348" role=""/>
  <member type="way" ref="1228592565" role=""/>
  <member type="way" ref="720360984" role=""/>
  <member type="way" ref="404368564" role=""/>
  <member type="way" ref="719494700" role=""/>
  <member type="way" ref="1269264063" role=""/>
  <member type="way" ref="719482084" role=""/>
  <member type="way" ref="719462303" role=""/>
  <member type="way" ref="1435980094" role=""/>
  <member type="way" ref="404368566" role=""/>
  <member type="way" ref="1141872934" role=""/>
  <member type="way" ref="1141872937" role=""/>
  <member type="way" ref="718505943" role=""/>
  <member type="way" ref="718505944" role=""/>
  <member type="way" ref="1235783457" role=""/>
  <member type="way" ref="1278461443" role=""/>
  <member type="way" ref="722613242" role=""/>
  <member type="way" ref="1441950916" role=""/>
  <member type="way" ref="1441950917" role=""/>
  <member type="way" ref="722613243" role=""/>
  <member type="way" ref="290403929" role=""/>
  <member type="way" ref="1221478834" role=""/>
  <member type="way" ref="1221478830" role=""/>
  <member type="way" ref="722541344" role=""/>
  <member type="way" ref="1021845069" role=""/>
  <member type="way" ref="566555201" role=""/>
  <member type="way" ref="977346744" role=""/>
  <member type="way" ref="722544493" role=""/>
  <member type="way" ref="1360096415" role=""/>
  <member type="way" ref="1012315232" role=""/>
  <member type="way" ref="1021065772" role=""/>
  <member type="way" ref="1021065774" role=""/>
  <member type="way" ref="1012315235" role=""/>
  <member type="way" ref="1411102034" role=""/>
  <member type="way" ref="1271931191" role=""/>
  <member type="way" ref="1012316328" role=""/>
  <member type="way" ref="1265525421" role=""/>
  <member type="way" ref="1160102613" role=""/>
  <member type="way" ref="1160102616" role=""/>
  <member type="way" ref="1160102615" role=""/>
  <member type="way" ref="1059687555" role=""/>
  <member type="way" ref="1269264078" role=""/>
  <member type="way" ref="1278431086" role=""/>
  <member type="way" ref="1278431087" role=""/>
  <member type="way" ref="922837572" role=""/>
  <member type="way" ref="1360096416" role=""/>
  <member type="way" ref="722559570" role=""/>
  <member type="way" ref="606543187" role=""/>
  <member type="way" ref="722590542" role=""/>
  <member type="way" ref="1319183832" role=""/>
  <member type="way" ref="1319183834" role=""/>
  <member type="way" ref="722594803" role=""/>
  <member type="way" ref="722605891" role=""/>
  <member type="way" ref="722605890" role=""/>
  <member type="way" ref="722605922" role=""/>
  <member type="way" ref="722605889" role=""/>
  <member type="way" ref="722605887" role=""/>
  <member type="way" ref="976232593" role=""/>
  <member type="way" ref="1465774689" role=""/>
  <member type="way" ref="981281213" role=""/>
  <member type="way" ref="722352801" role=""/>
  <member type="way" ref="977346750" role=""/>
  <member type="way" ref="53499683" role=""/>
  <member type="way" ref="721724307" role=""/>
  <member type="way" ref="721724907" role=""/>
  <member type="way" ref="977346751" role=""/>
  <member type="way" ref="721724906" role=""/>
  <member type="way" ref="53499663" role=""/>
  <member type="way" ref="721724309" role=""/>
  <member type="way" ref="721724313" role=""/>
  <member type="way" ref="721724310" role=""/>
  <member type="way" ref="1099661258" role=""/>
  <member type="way" ref="1099661259" role=""/>
  <member type="way" ref="1022440115" role=""/>
  <member type="way" ref="1409120943" role=""/>
  <member type="way" ref="939740721" role=""/>
  <member type="way" ref="939740722" role=""/>
  <member type="way" ref="834909204" role=""/>
  <member type="way" ref="1319142698" role=""/>
  <member type="way" ref="1319142495" role=""/>
  <member type="way" ref="1031546857" role=""/>
  <member type="way" ref="836698130" role=""/>
  <member type="way" ref="836698131" role=""/>
  <member type="way" ref="1460423749" role=""/>
  <member type="way" ref="1324562413" role=""/>
  <member type="way" ref="158636491" role=""/>
  <member type="way" ref="1012317465" role=""/>
  <member type="way" ref="1012317466" role=""/>
  <member type="way" ref="1028865641" role=""/>
  <member type="way" ref="1409122766" role=""/>
  <member type="way" ref="1165662816" role=""/>
  <member type="way" ref="1165662818" role=""/>
  <member type="way" ref="1310458945" role=""/>
  <member type="way" ref="1310458946" role=""/>
  <member type="way" ref="1028865642" role=""/>
  <member type="way" ref="732981697" role=""/>
  <member type="way" ref="1409126688" role=""/>
  <member type="way" ref="1409126689" role=""/>
  <member type="way" ref="1162334466" role=""/>
  <member type="way" ref="1031651007" role=""/>
  <member type="way" ref="1031651006" role=""/>
  <member type="way" ref="732981696" role=""/>
  <member type="way" ref="158636493" role=""/>
  <member type="way" ref="1031546861" role=""/>
  <member type="way" ref="1031546862" role=""/>
  <member type="way" ref="1231054982" role=""/>
  <member type="way" ref="1409133508" role=""/>
  <member type="way" ref="1231054979" role=""/>
  <member type="way" ref="1409133504" role=""/>
  <member type="way" ref="1031651012" role=""/>
  <member type="way" ref="1006918775" role=""/>
  <member type="way" ref="982404935" role=""/>
  <member type="way" ref="1028865635" role=""/>
  <member type="way" ref="1028865634" role=""/>
  <member type="way" ref="1409133507" role=""/>
  <member type="way" ref="975697053" role=""/>
  <member type="way" ref="322597493" role=""/>
  <member type="way" ref="232597547" role=""/>
  <member type="way" ref="973205517" role=""/>
  <member type="way" ref="126132123" role=""/>
  <member type="way" ref="126132125" role=""/>
  <member type="way" ref="975697052" role=""/>
  <member type="way" ref="975676266" role=""/>
  <member type="way" ref="1110284492" role=""/>
  <member type="way" ref="1110284494" role=""/>
  <member type="way" ref="294036468" role=""/>
  <member type="way" ref="563812027" role=""/>
  <member type="way" ref="563812030" role=""/>
  <member type="way" ref="294036467" role=""/>
  <member type="way" ref="61397118" role=""/>
  <member type="way" ref="675276472" role=""/>
  <member type="way" ref="1466805440" role=""/>
  <member type="way" ref="263054109" role=""/>
  <member type="way" ref="1466805444" role=""/>
  <member type="way" ref="1434535434" role=""/>
  <member type="way" ref="1346183974" role=""/>
  <member type="way" ref="1162325414" role=""/>
  <member type="way" ref="1162325415" role=""/>
  <member type="way" ref="1022440116" role=""/>
  <member type="way" ref="53498063" role=""/>
  <member type="way" ref="1370334731" role=""/>
  <member type="way" ref="1099661256" role=""/>
  <member type="way" ref="1017569504" role=""/>
  <member type="way" ref="972534501" role=""/>
  <member type="way" ref="972534500" role=""/>
  <member type="way" ref="1370334732" role=""/>
  <member type="way" ref="972748178" role=""/>
  <member type="way" ref="972534499" role=""/>
  <member type="way" ref="232598362" role=""/>
  <member type="way" ref="972534509" role=""/>
  <member type="way" ref="563808706" role=""/>
  <member type="way" ref="614617537" role=""/>
  <member type="way" ref="1022440112" role=""/>
  <member type="way" ref="1229058813" role=""/>
  <member type="way" ref="1279030526" role=""/>
  <member type="way" ref="970102205" role=""/>
  <member type="way" ref="1022440111" role=""/>
  <member type="way" ref="1022440114" role=""/>
  <member type="way" ref="1022440113" role=""/>
  <tag k="charge" v="45000 VND"/>
  <tag k="fee" v="yes"/>
  <tag k="from" v="Bến xe Miền Đông"/>
  <tag k="interval" v="00:25-00:30"/>
  <tag k="name" v="Bến xe Miền Đông - Khu công nghiệp Nhơn Trạch"/>
  <tag k="network" v="Xe buýt Thành phố Hồ Chí Minh"/>
  <tag k="network:wikidata" v="Q30919670"/>
  <tag k="opening_hours" v="Mo-Su 04:45-18:00"/>
  <tag k="operator" v="Công ty Cổ phần Xe khách Phương Trang - FUTA Bus Lines"/>
  <tag k="public_transport:version" v="2"/>
  <tag k="ref" v="60-3"/>
  <tag k="route" v="bus"/>
  <tag k="to" v="Khu công nghiệp Nhơn Trạch"/>
  <tag k="type" v="route"/>
 </relation>
 <relation id="17438220" visible="true" version="65" changeset="179388091" timestamp="2026-03-05T09:57:37Z" user="edumiz624" uid="20881381">
  <member type="node" ref="11799136678" role="platform_entry_only"/>
  <member type="node" ref="11799114459" role="platform"/>
  <member type="node" ref="11799114460" role="platform"/>
  <member type="node" ref="11335586134" role="platform"/>
  <member type="node" ref="11799114461" role="platform"/>
  <member type="node" ref="11755528622" role="platform"/>
  <member type="node" ref="6841128309" role="platform"/>
  <member type="node" ref="7183291636" role="platform"/>
  <member type="node" ref="11755184279" role="platform"/>
  <member type="node" ref="11755184280" role="platform"/>
  <member type="node" ref="3148967606" role="platform"/>
  <member type="node" ref="11335586132" role="platform"/>
  <member type="node" ref="11337172377" role="platform"/>
  <member type="node" ref="11337172375" role="platform"/>
  <member type="node" ref="11337172379" role="platform"/>
  <member type="node" ref="11755184285" role="platform"/>
  <member type="node" ref="11337172374" role="platform"/>
  <member type="node" ref="11337172378" role="platform"/>
  <member type="node" ref="11704307870" role="platform"/>
  <member type="node" ref="11755184286" role="platform"/>
  <member type="node" ref="11755184287" role="platform"/>
  <member type="node" ref="2673074380" role="platform"/>
  <member type="node" ref="11755184289" role="platform"/>
  <member type="node" ref="11625828069" role="platform"/>
  <member type="node" ref="11755184290" role="platform"/>
  <member type="node" ref="8995806246" role="platform"/>
  <member type="node" ref="8995806250" role="platform"/>
  <member type="node" ref="11754611894" role="platform"/>
  <member type="node" ref="8995301261" role="platform"/>
  <member type="node" ref="11757386654" role="platform_exit_only"/>
  <member type="node" ref="11870716283" role="platform"/>
  <member type="node" ref="8987507247" role="platform"/>
  <member type="node" ref="8987507245" role="platform"/>
  <member type="node" ref="8987507243" role="platform"/>
  <member type="node" ref="8987507241" role="platform"/>
  <member type="node" ref="11870716286" role="platform"/>
  <member type="node" ref="8987507239" role="platform"/>
  <member type="node" ref="8987385229" role="platform"/>
  <member type="node" ref="8987385227" role="platform"/>
  <member type="node" ref="8987385225" role="platform"/>
  <member type="node" ref="8987385223" role="platform"/>
  <member type="node" ref="8987385221" role="platform"/>
  <member type="node" ref="8987385219" role="platform"/>
  <member type="node" ref="8987385217" role="platform"/>
  <member type="node" ref="8987356913" role="platform"/>
  <member type="node" ref="8987356914" role="platform"/>
  <member type="node" ref="8987356911" role="platform"/>
  <member type="node" ref="8987356909" role="platform"/>
  <member type="node" ref="8987356905" role="platform"/>
  <member type="node" ref="8987356903" role="platform"/>
  <member type="node" ref="11870716287" role="platform"/>
  <member type="node" ref="11870716288" role="platform"/>
  <member type="node" ref="11870716289" role="platform"/>
  <member type="node" ref="11870716290" role="platform"/>
  <member type="node" ref="11870716291" role="platform"/>
  <member type="node" ref="11870716292" role="platform"/>
  <member type="node" ref="12451337730" role="platform"/>
  <member type="node" ref="11873794174" role="platform"/>
  <member type="node" ref="13095375534" role="platform"/>
  <member type="way" ref="1217955185" role=""/>
  <member type="way" ref="1270566015" role=""/>
  <member type="way" ref="1217955182" role=""/>
  <member type="way" ref="1346183975" role=""/>
  <member type="way" ref="1434535433" role=""/>
  <member type="way" ref="1466805443" role=""/>
  <member type="way" ref="836784864" role=""/>
  <member type="way" ref="1466805442" role=""/>
  <member type="way" ref="675276472" role=""/>
  <member type="way" ref="61397118" role=""/>
  <member type="way" ref="294036467" role=""/>
  <member type="way" ref="563812030" role=""/>
  <member type="way" ref="563812027" role=""/>
  <member type="way" ref="294036468" role=""/>
  <member type="way" ref="1110284494" role=""/>
  <member type="way" ref="1110284492" role=""/>
  <member type="way" ref="975676266" role=""/>
  <member type="way" ref="975697052" role=""/>
  <member type="way" ref="126132125" role=""/>
  <member type="way" ref="126132123" role=""/>
  <member type="way" ref="973205517" role=""/>
  <member type="way" ref="1110284491" role=""/>
  <member type="way" ref="1110284489" role=""/>
  <member type="way" ref="232597547" role=""/>
  <member type="way" ref="322597493" role=""/>
  <member type="way" ref="975697053" role=""/>
  <member type="way" ref="1409133507" role=""/>
  <member type="way" ref="975676264" role=""/>
  <member type="way" ref="1028865632" role=""/>
  <member type="way" ref="1227100340" role=""/>
  <member type="way" ref="1028865633" role=""/>
  <member type="way" ref="322597488" role=""/>
  <member type="way" ref="1006918776" role=""/>
  <member type="way" ref="732981695" role=""/>
  <member type="way" ref="1031651009" role=""/>
  <member type="way" ref="1031651011" role=""/>
  <member type="way" ref="1109981037" role=""/>
  <member type="way" ref="1409133503" role=""/>
  <member type="way" ref="1409133502" role=""/>
  <member type="way" ref="1231054981" role=""/>
  <member type="way" ref="1231054980" role=""/>
  <member type="way" ref="1409126691" role=""/>
  <member type="way" ref="1162334467" role=""/>
  <member type="way" ref="1031651008" role=""/>
  <member type="way" ref="732981694" role=""/>
  <member type="way" ref="158643595" role=""/>
  <member type="way" ref="1409126690" role=""/>
  <member type="way" ref="1031651004" role=""/>
  <member type="way" ref="1028865640" role=""/>
  <member type="way" ref="1028865639" role=""/>
  <member type="way" ref="1310461373" role=""/>
  <member type="way" ref="1165662817" role=""/>
  <member type="way" ref="1310461374" role=""/>
  <member type="way" ref="1165662815" role=""/>
  <member type="way" ref="1012317468" role=""/>
  <member type="way" ref="1012317467" role=""/>
  <member type="way" ref="148183324" role=""/>
  <member type="way" ref="148183325" role=""/>
  <member type="way" ref="1104678555" role=""/>
  <member type="way" ref="836698129" role=""/>
  <member type="way" ref="1466668470" role=""/>
  <member type="way" ref="836698128" role=""/>
  <member type="way" ref="994892378" role=""/>
  <member type="way" ref="1464088054" role=""/>
  <member type="way" ref="1138685310" role=""/>
  <member type="way" ref="834909205" role=""/>
  <member type="way" ref="997569332" role=""/>
  <member type="way" ref="897888712" role=""/>
  <member type="way" ref="1008282355" role=""/>
  <member type="way" ref="1008282354" role=""/>
  <member type="way" ref="1168965153" role=""/>
  <member type="way" ref="1168965155" role=""/>
  <member type="way" ref="1168965154" role=""/>
  <member type="way" ref="563808706" role=""/>
  <member type="way" ref="614617537" role=""/>
  <member type="way" ref="1022440112" role=""/>
  <member type="way" ref="1229058813" role=""/>
  <member type="way" ref="1279030526" role=""/>
  <member type="way" ref="1108553230" role=""/>
  <member type="way" ref="563806823" role=""/>
  <member type="way" ref="721712895" role=""/>
  <member type="way" ref="1099661261" role=""/>
  <member type="way" ref="682348417" role=""/>
  <member type="way" ref="721712896" role=""/>
  <member type="way" ref="1162975018" role=""/>
  <member type="way" ref="721712897" role=""/>
  <member type="way" ref="32899365" role=""/>
  <member type="way" ref="723227125" role=""/>
  <member type="way" ref="32643896" role=""/>
  <member type="way" ref="723228215" role=""/>
  <member type="way" ref="1008772741" role=""/>
  <member type="way" ref="1007186191" role=""/>
  <member type="way" ref="1018999649" role=""/>
  <member type="way" ref="723228214" role=""/>
  <member type="way" ref="723228212" role=""/>
  <member type="way" ref="1007185448" role=""/>
  <member type="way" ref="1227570135" role=""/>
  <member type="way" ref="1227570133" role=""/>
  <member type="way" ref="1220778648" role=""/>
  <member type="way" ref="1021065766" role=""/>
  <member type="way" ref="488651400" role=""/>
  <member type="way" ref="488651399" role=""/>
  <member type="way" ref="1220817437" role=""/>
  <member type="way" ref="1265525422" role=""/>
  <member type="way" ref="1220817439" role=""/>
  <member type="way" ref="1411102033" role=""/>
  <member type="way" ref="1102615852" role=""/>
  <member type="way" ref="1102615854" role=""/>
  <member type="way" ref="743232319" role=""/>
  <member type="way" ref="1265525438" role=""/>
  <member type="way" ref="1315050998" role=""/>
  <member type="way" ref="1221477947" role=""/>
  <member type="way" ref="1221477948" role=""/>
  <member type="way" ref="32899358" role=""/>
  <member type="way" ref="1221478831" role=""/>
  <member type="way" ref="1221478835" role=""/>
  <member type="way" ref="1087001352" role=""/>
  <member type="way" ref="1346116875" role=""/>
  <member type="way" ref="1451410369" role=""/>
  <member type="way" ref="1319661272" role=""/>
  <member type="way" ref="1220429670" role=""/>
  <member type="way" ref="1087001353" role=""/>
  <member type="way" ref="1087001356" role=""/>
  <member type="way" ref="610137696" role=""/>
  <member type="way" ref="610137703" role=""/>
  <member type="way" ref="718505945" role=""/>
  <member type="way" ref="1463428417" role=""/>
  <member type="way" ref="610137706" role=""/>
  <member type="way" ref="1435980097" role=""/>
  <member type="way" ref="722051479" role=""/>
  <member type="way" ref="610137708" role=""/>
  <member type="way" ref="211840922" role=""/>
  <member type="way" ref="1270139985" role=""/>
  <member type="way" ref="218227253" role=""/>
  <member type="way" ref="722058131" role=""/>
  <member type="way" ref="1435977458" role=""/>
  <member type="way" ref="722058129" role=""/>
  <member type="way" ref="1435977459" role=""/>
  <member type="way" ref="722059136" role=""/>
  <member type="way" ref="1435976994" role=""/>
  <member type="way" ref="722059134" role=""/>
  <member type="way" ref="1435976993" role=""/>
  <member type="way" ref="722059133" role=""/>
  <member type="way" ref="606240980" role=""/>
  <member type="way" ref="722059828" role=""/>
  <member type="way" ref="1322795553" role=""/>
  <member type="way" ref="606240977" role=""/>
  <member type="way" ref="722308479" role=""/>
  <member type="way" ref="722308478" role=""/>
  <member type="way" ref="1435976980" role=""/>
  <member type="way" ref="236502610" role=""/>
  <member type="way" ref="192289449" role=""/>
  <member type="way" ref="1179893872" role=""/>
  <member type="way" ref="1179893877" role=""/>
  <member type="way" ref="1435974593" role=""/>
  <member type="way" ref="604469774" role=""/>
  <member type="way" ref="1104932698" role=""/>
  <member type="way" ref="604469777" role=""/>
  <member type="way" ref="1346116861" role=""/>
  <member type="way" ref="566594769" role=""/>
  <member type="way" ref="723560789" role=""/>
  <member type="way" ref="1435974587" role=""/>
  <member type="way" ref="1435974588" role=""/>
  <member type="way" ref="1220307737" role=""/>
  <member type="way" ref="1220307738" role=""/>
  <member type="way" ref="719495581" role=""/>
  <member type="way" ref="1220307329" role=""/>
  <member type="way" ref="1220307330" role=""/>
  <member type="way" ref="404353953" role=""/>
  <member type="way" ref="1343964570" role=""/>
  <member type="way" ref="404353952" role=""/>
  <member type="way" ref="1346116855" role=""/>
  <member type="way" ref="1274615190" role=""/>
  <member type="way" ref="1346116858" role=""/>
  <member type="way" ref="1278461447" role=""/>
  <member type="way" ref="1291185292" role=""/>
  <member type="way" ref="1278461448" role=""/>
  <member type="way" ref="1464490349" role=""/>
  <member type="way" ref="192289484" role=""/>
  <member type="way" ref="1424698019" role=""/>
  <member type="way" ref="1346116866" role=""/>
  <member type="way" ref="192289478" role=""/>
  <member type="way" ref="978724174" role=""/>
  <member type="way" ref="978724173" role=""/>
  <member type="way" ref="1344797769" role=""/>
  <member type="way" ref="1453156276" role=""/>
  <member type="way" ref="1434431137" role=""/>
  <member type="way" ref="1344797764" role=""/>
  <member type="way" ref="855212185" role=""/>
  <member type="way" ref="33103624" role=""/>
  <member type="way" ref="1265743196" role=""/>
  <member type="way" ref="55880235" role=""/>
  <member type="way" ref="1421503181" role=""/>
  <member type="way" ref="977523910" role=""/>
  <member type="way" ref="192512342" role=""/>
  <member type="way" ref="53551383" role=""/>
  <member type="way" ref="1330231655" role=""/>
  <member type="way" ref="1330784594" role=""/>
  <member type="way" ref="1330784595" role=""/>
  <member type="way" ref="191666357" role=""/>
  <member type="way" ref="33103592" role=""/>
  <member type="way" ref="1330784598" role=""/>
  <member type="way" ref="1330784596" role=""/>
  <member type="way" ref="1411067484" role=""/>
  <member type="way" ref="193614216" role=""/>
  <member type="way" ref="330374266" role=""/>
  <member type="way" ref="1225826028" role=""/>
  <member type="way" ref="835972779" role=""/>
  <member type="way" ref="192512347" role=""/>
  <member type="way" ref="977523912" role=""/>
  <member type="way" ref="977523913" role=""/>
  <member type="way" ref="636762582" role=""/>
  <member type="way" ref="696069600" role=""/>
  <member type="way" ref="1435980099" role=""/>
  <tag k="charge" v="45000 VND"/>
  <tag k="fee" v="yes"/>
  <tag k="from" v="Khu công nghiệp Nhơn Trạch"/>
  <tag k="interval" v="00:25-00:30"/>
  <tag k="name" v="Khu công nghiệp Nhơn Trạch - Bến xe Miền Đông"/>
  <tag k="network" v="Xe buýt Thành phố Hồ Chí Minh"/>
  <tag k="network:wikidata" v="Q30919670"/>
  <tag k="opening_hours" v="Mo-Su 04:45-18:00"/>
  <tag k="operator" v="Công ty Cổ phần Xe khách Phương Trang - FUTA Bus Lines"/>
  <tag k="public_transport:version" v="2"/>
  <tag k="ref" v="60-3"/>
  <tag k="route" v="bus"/>
  <tag k="to" v="Bến xe Miền Đông"/>
  <tag k="type" v="route"/>
 </relation>
 <relation id="17438221" visible="true" version="2" changeset="157627489" timestamp="2024-10-08T13:39:17Z" user="edumiz624" uid="20881381">
  <member type="relation" ref="17438219" role=""/>
  <member type="relation" ref="17438220" role=""/>
  <tag k="name" v="Bến xe Miền Đông - Khu công nghiệp Nhơn Trạch"/>
  <tag k="network" v="Xe buýt Thành phố Hồ Chí Minh"/>
  <tag k="network:wikidata" v="Q30919670"/>
  <tag k="operator" v="Công ty Cổ phần Xe khách Phương Trang - FUTA Bus Lines"/>
  <tag k="ref" v="60-3"/>
  <tag k="route_master" v="bus"/>
  <tag k="type" v="route_master"/>
 </relation>
 <relation id="17443891" visible="true" version="1" changeset="149725297" timestamp="2024-04-08T09:16:18Z" user="phoenixsaigon1698" uid="3323343">
  <member type="way" ref="191937848" role="from"/>
  <member type="way" ref="1270828725" role="via"/>
  <member type="way" ref="723249849" role="to"/>
  <tag k="except" v="bicycle;motorcycle;mofa;moped"/>
  <tag k="restriction" v="no_u_turn"/>
  <tag k="type" v="restriction"/>
 </relation>
 <relation id="17461759" visible="true" version="46" changeset="179955581" timestamp="2026-03-16T14:48:29Z" user="edumiz624" uid="20881381">
  <member type="node" ref="8995301262" role="platform"/>
  <member type="node" ref="8995301264" role="platform"/>
  <member type="node" ref="8995301266" role="platform"/>
  <member type="node" ref="8995301267" role="platform"/>
  <member type="node" ref="8995301271" role="platform"/>
  <member type="node" ref="9585048355" role="platform"/>
  <member type="node" ref="11363404641" role="platform"/>
  <member type="node" ref="11363404642" role="platform"/>
  <member type="node" ref="11755160658" role="platform"/>
  <member type="node" ref="11755160659" role="platform"/>
  <member type="node" ref="11755160660" role="platform"/>
  <member type="node" ref="11755160661" role="platform"/>
  <member type="node" ref="11755160662" role="platform"/>
  <member type="node" ref="11755160663" role="platform"/>
  <member type="node" ref="11755160664" role="platform"/>
  <member type="node" ref="11755160665" role="platform"/>
  <member type="node" ref="11789253345" role="platform"/>
  <member type="node" ref="3230448898" role="platform"/>
  <member type="node" ref="3230448899" role="platform"/>
  <member type="node" ref="11771724343" role="platform"/>
  <member type="node" ref="11755184272" role="platform"/>
  <member type="node" ref="11755528617" role="platform"/>
  <member type="node" ref="11755184273" role="platform"/>
  <member type="node" ref="2984625915" role="platform"/>
  <member type="node" ref="11755528618" role="platform"/>
  <member type="node" ref="7183291637" role="platform"/>
  <member type="node" ref="11811380956" role="platform"/>
  <member type="node" ref="11811380957" role="platform"/>
  <member type="node" ref="11811380958" role="platform"/>
  <member type="node" ref="4765785888" role="platform_exit_only"/>
  <member type="node" ref="11757386654" role="platform_entry_only"/>
  <member type="node" ref="12451337732" role="platform"/>
  <member type="way" ref="302383094" role=""/>
  <member type="way" ref="977346731" role=""/>
  <member type="way" ref="977523913" role=""/>
  <member type="way" ref="1265743200" role=""/>
  <member type="way" ref="1265743192" role=""/>
  <member type="way" ref="55451561" role=""/>
  <member type="way" ref="1315935782" role=""/>
  <member type="way" ref="1225831527" role=""/>
  <member type="way" ref="33103490" role=""/>
  <member type="way" ref="192512367" role=""/>
  <member type="way" ref="1105792198" role=""/>
  <member type="way" ref="1105792202" role=""/>
  <member type="way" ref="330374254" role=""/>
  <member type="way" ref="1456869483" role=""/>
  <member type="way" ref="1330231655" role=""/>
  <member type="way" ref="231981990" role=""/>
  <member type="way" ref="725686333" role=""/>
  <member type="way" ref="1265700913" role=""/>
  <member type="way" ref="971692797" role=""/>
  <member type="way" ref="1265700924" role=""/>
  <member type="way" ref="971692798" role=""/>
  <member type="way" ref="977346734" role=""/>
  <member type="way" ref="1278461430" role=""/>
  <member type="way" ref="1421503182" role=""/>
  <member type="way" ref="192512337" role=""/>
  <member type="way" ref="330532283" role=""/>
  <member type="way" ref="192512371" role=""/>
  <member type="way" ref="53551190" role=""/>
  <member type="way" ref="59986387" role=""/>
  <member type="way" ref="1344043030" role=""/>
  <member type="way" ref="1344797767" role=""/>
  <member type="way" ref="1344797761" role=""/>
  <member type="way" ref="977346737" role=""/>
  <member type="way" ref="404356160" role=""/>
  <member type="way" ref="977346738" role=""/>
  <member type="way" ref="192289472" role=""/>
  <member type="way" ref="306073180" role=""/>
  <member type="way" ref="1428979983" role=""/>
  <member type="way" ref="1346116868" role=""/>
  <member type="way" ref="1267913061" role=""/>
  <member type="way" ref="1449459857" role=""/>
  <member type="way" ref="1451410365" role=""/>
  <member type="way" ref="192289476" role=""/>
  <member type="way" ref="1343964564" role=""/>
  <member type="way" ref="1228548749" role=""/>
  <member type="way" ref="1441950911" role=""/>
  <member type="way" ref="1435974581" role=""/>
  <member type="way" ref="1441950913" role=""/>
  <member type="way" ref="404351362" role=""/>
  <member type="way" ref="1435974584" role=""/>
  <member type="way" ref="587812525" role=""/>
  <member type="way" ref="719495577" role=""/>
  <member type="way" ref="604499634" role=""/>
  <member type="way" ref="719494696" role=""/>
  <member type="way" ref="566588297" role=""/>
  <member type="way" ref="566588298" role=""/>
  <member type="way" ref="1322906343" role=""/>
  <member type="way" ref="192289502" role=""/>
  <member type="way" ref="192289456" role=""/>
  <member type="way" ref="1435974596" role=""/>
  <member type="way" ref="192289504" role=""/>
  <member type="way" ref="719494701" role=""/>
  <member type="way" ref="1486306987" role=""/>
  <member type="way" ref="719488944" role=""/>
  <member type="way" ref="719488941" role=""/>
  <member type="way" ref="192289446" role=""/>
  <member type="way" ref="1179893875" role=""/>
  <member type="way" ref="1435976985" role=""/>
  <member type="way" ref="723889912" role=""/>
  <member type="way" ref="723889914" role=""/>
  <member type="way" ref="1322795556" role=""/>
  <member type="way" ref="723889913" role=""/>
  <member type="way" ref="191937834" role=""/>
  <member type="way" ref="1263684138" role=""/>
  <member type="way" ref="1263684130" role=""/>
  <member type="way" ref="1263684135" role=""/>
  <member type="way" ref="719482081" role=""/>
  <member type="way" ref="330532348" role=""/>
  <member type="way" ref="1228592565" role=""/>
  <member type="way" ref="720360984" role=""/>
  <member type="way" ref="404368564" role=""/>
  <member type="way" ref="719494700" role=""/>
  <member type="way" ref="1269264063" role=""/>
  <member type="way" ref="719482084" role=""/>
  <member type="way" ref="719462303" role=""/>
  <member type="way" ref="1435980094" role=""/>
  <member type="way" ref="404368566" role=""/>
  <member type="way" ref="1141872934" role=""/>
  <member type="way" ref="1141872937" role=""/>
  <member type="way" ref="718505943" role=""/>
  <member type="way" ref="718505944" role=""/>
  <member type="way" ref="1235783457" role=""/>
  <member type="way" ref="1278461443" role=""/>
  <member type="way" ref="722613242" role=""/>
  <member type="way" ref="1441950916" role=""/>
  <member type="way" ref="1441950917" role=""/>
  <member type="way" ref="722613243" role=""/>
  <member type="way" ref="290403929" role=""/>
  <member type="way" ref="1221478834" role=""/>
  <member type="way" ref="1221478830" role=""/>
  <member type="way" ref="722541344" role=""/>
  <member type="way" ref="1021845069" role=""/>
  <member type="way" ref="566555201" role=""/>
  <member type="way" ref="977346744" role=""/>
  <member type="way" ref="722544493" role=""/>
  <member type="way" ref="1360096415" role=""/>
  <member type="way" ref="1012315232" role=""/>
  <member type="way" ref="1021065772" role=""/>
  <member type="way" ref="1021065774" role=""/>
  <member type="way" ref="1012315235" role=""/>
  <member type="way" ref="1411102034" role=""/>
  <member type="way" ref="191937820" role=""/>
  <member type="way" ref="1160098466" role=""/>
  <member type="way" ref="1160098470" role=""/>
  <member type="way" ref="1160098471" role=""/>
  <member type="way" ref="32576294" role=""/>
  <member type="way" ref="1160098467" role=""/>
  <member type="way" ref="1271931193" role=""/>
  <member type="way" ref="608487591" role=""/>
  <member type="way" ref="1271931192" role=""/>
  <member type="way" ref="721958956" role=""/>
  <member type="way" ref="1269264079" role=""/>
  <member type="way" ref="721973862" role=""/>
  <member type="way" ref="1269264080" role=""/>
  <member type="way" ref="1269264081" role=""/>
  <member type="way" ref="721973864" role=""/>
  <member type="way" ref="1270139982" role=""/>
  <member type="way" ref="1435976976" role=""/>
  <tag k="charge" v="20000 VND"/>
  <tag k="colour" v="#008080"/>
  <tag k="fee" v="yes"/>
  <tag k="from" v="Bến xe Miền Đông cũ"/>
  <tag k="interval" v="01:00-01:30"/>
  <tag k="name" v="Bến xe Miền Đông cũ - Bến xe Miền Đông mới"/>
  <tag k="network" v="Xe buýt Thành phố Hồ Chí Minh"/>
  <tag k="network:wikidata" v="Q30919670"/>
  <tag k="opening_hours" v="Mo-Su 04:00-22:30"/>
  <tag k="operator" v="Công ty Cổ phần Xe khách Phương Trang - FUTA Bus Lines"/>
  <tag k="public_transport:version" v="2"/>
  <tag k="ref" v="67"/>
  <tag k="route" v="bus"/>
  <tag k="to" v="Bến xe Miền Đông mới"/>
  <tag k="type" v="route"/>
 </relation>
 <relation id="17461760" visible="true" version="51" changeset="179955581" timestamp="2026-03-16T14:48:29Z" user="edumiz624" uid="20881381">
  <member type="node" ref="4765785888" role="platform_entry_only"/>
  <member type="node" ref="11793308574" role="platform"/>
  <member type="node" ref="11789305174" role="platform"/>
  <member type="node" ref="11755528619" role="platform"/>
  <member type="node" ref="11755528622" role="platform"/>
  <member type="node" ref="6841128309" role="platform"/>
  <member type="node" ref="7183291636" role="platform"/>
  <member type="node" ref="11755528623" role="platform"/>
  <member type="node" ref="11755184279" role="platform"/>
  <member type="node" ref="3148967606" role="platform"/>
  <member type="node" ref="11335586132" role="platform"/>
  <member type="node" ref="11337172377" role="platform"/>
  <member type="node" ref="11337172375" role="platform"/>
  <member type="node" ref="11337172379" role="platform"/>
  <member type="node" ref="11755184285" role="platform"/>
  <member type="node" ref="11337172374" role="platform"/>
  <member type="node" ref="11337172378" role="platform"/>
  <member type="node" ref="11704307870" role="platform"/>
  <member type="node" ref="11755184286" role="platform"/>
  <member type="node" ref="11755184287" role="platform"/>
  <member type="node" ref="2673074380" role="platform"/>
  <member type="node" ref="11755184289" role="platform"/>
  <member type="node" ref="11625828069" role="platform"/>
  <member type="node" ref="11755184290" role="platform"/>
  <member type="node" ref="11755184291" role="platform"/>
  <member type="node" ref="8995806246" role="platform"/>
  <member type="node" ref="8995806250" role="platform"/>
  <member type="node" ref="11755528608" role="platform"/>
  <member type="node" ref="11757386654" role="platform_exit_only"/>
  <member type="node" ref="8995301261" role="platform"/>
  <member type="node" ref="11755184280" role="platform"/>
  <member type="node" ref="12451337730" role="platform"/>
  <member type="node" ref="13095375534" role="platform"/>
  <member type="way" ref="721973861" role=""/>
  <member type="way" ref="721973863" role=""/>
  <member type="way" ref="32588315" role=""/>
  <member type="way" ref="1289525932" role=""/>
  <member type="way" ref="721958956" role=""/>
  <member type="way" ref="32582341" role=""/>
  <member type="way" ref="1271931193" role=""/>
  <member type="way" ref="1160098469" role=""/>
  <member type="way" ref="1160098471" role=""/>
  <member type="way" ref="1160098468" role=""/>
  <member type="way" ref="1160098466" role=""/>
  <member type="way" ref="566557986" role=""/>
  <member type="way" ref="1012316328" role=""/>
  <member type="way" ref="1265525421" role=""/>
  <member type="way" ref="743232322" role=""/>
  <member type="way" ref="1163316778" role=""/>
  <member type="way" ref="1163316774" role=""/>
  <member type="way" ref="1220817439" role=""/>
  <member type="way" ref="1411102033" role=""/>
  <member type="way" ref="1102615852" role=""/>
  <member type="way" ref="1102615854" role=""/>
  <member type="way" ref="743232319" role=""/>
  <member type="way" ref="1265525438" role=""/>
  <member type="way" ref="1315050998" role=""/>
  <member type="way" ref="1221477947" role=""/>
  <member type="way" ref="1221477948" role=""/>
  <member type="way" ref="32899358" role=""/>
  <member type="way" ref="1221478831" role=""/>
  <member type="way" ref="1221478835" role=""/>
  <member type="way" ref="1087001352" role=""/>
  <member type="way" ref="1346116875" role=""/>
  <member type="way" ref="1451410369" role=""/>
  <member type="way" ref="1319661272" role=""/>
  <member type="way" ref="1220429670" role=""/>
  <member type="way" ref="1087001353" role=""/>
  <member type="way" ref="1087001356" role=""/>
  <member type="way" ref="610137696" role=""/>
  <member type="way" ref="610137703" role=""/>
  <member type="way" ref="718505945" role=""/>
  <member type="way" ref="1463428417" role=""/>
  <member type="way" ref="610137706" role=""/>
  <member type="way" ref="1435980097" role=""/>
  <member type="way" ref="722051479" role=""/>
  <member type="way" ref="610137708" role=""/>
  <member type="way" ref="211840922" role=""/>
  <member type="way" ref="1270139985" role=""/>
  <member type="way" ref="218227253" role=""/>
  <member type="way" ref="722058131" role=""/>
  <member type="way" ref="1435977458" role=""/>
  <member type="way" ref="722058129" role=""/>
  <member type="way" ref="1435977459" role=""/>
  <member type="way" ref="722059136" role=""/>
  <member type="way" ref="1435976994" role=""/>
  <member type="way" ref="722059134" role=""/>
  <member type="way" ref="1435976993" role=""/>
  <member type="way" ref="722059133" role=""/>
  <member type="way" ref="606240980" role=""/>
  <member type="way" ref="722059828" role=""/>
  <member type="way" ref="1322795553" role=""/>
  <member type="way" ref="606240977" role=""/>
  <member type="way" ref="722308479" role=""/>
  <member type="way" ref="722308478" role=""/>
  <member type="way" ref="1435976980" role=""/>
  <member type="way" ref="236502610" role=""/>
  <member type="way" ref="192289449" role=""/>
  <member type="way" ref="1179893872" role=""/>
  <member type="way" ref="1179893877" role=""/>
  <member type="way" ref="1435974593" role=""/>
  <member type="way" ref="604469774" role=""/>
  <member type="way" ref="1104932698" role=""/>
  <member type="way" ref="604469777" role=""/>
  <member type="way" ref="1346116861" role=""/>
  <member type="way" ref="566594769" role=""/>
  <member type="way" ref="723560789" role=""/>
  <member type="way" ref="1435974587" role=""/>
  <member type="way" ref="1435974588" role=""/>
  <member type="way" ref="1220307737" role=""/>
  <member type="way" ref="1220307738" role=""/>
  <member type="way" ref="719495581" role=""/>
  <member type="way" ref="1220307329" role=""/>
  <member type="way" ref="1220307330" role=""/>
  <member type="way" ref="404353953" role=""/>
  <member type="way" ref="1343964570" role=""/>
  <member type="way" ref="404353952" role=""/>
  <member type="way" ref="1346116855" role=""/>
  <member type="way" ref="1274615190" role=""/>
  <member type="way" ref="1346116858" role=""/>
  <member type="way" ref="1278461447" role=""/>
  <member type="way" ref="1291185292" role=""/>
  <member type="way" ref="1278461448" role=""/>
  <member type="way" ref="1464490349" role=""/>
  <member type="way" ref="192289484" role=""/>
  <member type="way" ref="1424698019" role=""/>
  <member type="way" ref="1346116866" role=""/>
  <member type="way" ref="192289478" role=""/>
  <member type="way" ref="978724174" role=""/>
  <member type="way" ref="978724173" role=""/>
  <member type="way" ref="1344797769" role=""/>
  <member type="way" ref="1453156276" role=""/>
  <member type="way" ref="1434431137" role=""/>
  <member type="way" ref="1344797764" role=""/>
  <member type="way" ref="855212185" role=""/>
  <member type="way" ref="33103624" role=""/>
  <member type="way" ref="1265743196" role=""/>
  <member type="way" ref="55880235" role=""/>
  <member type="way" ref="1421503181" role=""/>
  <member type="way" ref="977523910" role=""/>
  <member type="way" ref="192512342" role=""/>
  <member type="way" ref="53551383" role=""/>
  <member type="way" ref="1330231655" role=""/>
  <member type="way" ref="1330784594" role=""/>
  <member type="way" ref="1330784595" role=""/>
  <member type="way" ref="191666357" role=""/>
  <member type="way" ref="33103592" role=""/>
  <member type="way" ref="1330784598" role=""/>
  <member type="way" ref="1330784596" role=""/>
  <member type="way" ref="1411067484" role=""/>
  <member type="way" ref="193614216" role=""/>
  <member type="way" ref="330374266" role=""/>
  <member type="way" ref="1225826028" role=""/>
  <member type="way" ref="835972779" role=""/>
  <member type="way" ref="192512347" role=""/>
  <member type="way" ref="977523912" role=""/>
  <member type="way" ref="977523913" role=""/>
  <member type="way" ref="636762582" role=""/>
  <member type="way" ref="696069600" role=""/>
  <member type="way" ref="1435980099" role=""/>
  <tag k="charge" v="20000 VND"/>
  <tag k="colour" v="#008080"/>
  <tag k="fee" v="yes"/>
  <tag k="from" v="Bến xe Miền Đông mới"/>
  <tag k="interval" v="01:00-01:30"/>
  <tag k="name" v="Bến xe Miền Đông mới - Bến xe Miền Đông cũ"/>
  <tag k="network" v="Xe buýt Thành phố Hồ Chí Minh"/>
  <tag k="network:wikidata" v="Q30919670"/>
  <tag k="opening_hours" v="Mo-Su 04:00-22:30"/>
  <tag k="operator" v="Công ty Cổ phần Xe khách Phương Trang - FUTA Bus Lines"/>
  <tag k="public_transport:version" v="2"/>
  <tag k="ref" v="67"/>
  <tag k="route" v="bus"/>
  <tag k="to" v="Bến xe Miền Đông cũ"/>
  <tag k="type" v="route"/>
 </relation>
 <relation id="17461761" visible="true" version="2" changeset="157627489" timestamp="2024-10-08T13:39:17Z" user="edumiz624" uid="20881381">
  <member type="relation" ref="17461759" role=""/>
  <member type="relation" ref="17461760" role=""/>
  <tag k="name" v="Bến xe Miền Đông cũ - Bến xe Miền Đông mới"/>
  <tag k="network" v="Xe buýt Thành phố Hồ Chí Minh"/>
  <tag k="network:wikidata" v="Q30919670"/>
  <tag k="operator" v="Công ty Cổ phần Xe khách Phương Trang - FUTA Bus Lines"/>
  <tag k="ref" v="67"/>
  <tag k="route_master" v="bus"/>
  <tag k="type" v="route_master"/>
 </relation>
 <relation id="17465148" visible="true" version="32" changeset="179979781" timestamp="2026-03-17T04:15:15Z" user="edumiz624" uid="20881381">
  <member type="node" ref="11813897483" role="platform_entry_only"/>
  <member type="node" ref="11813897489" role="platform"/>
  <member type="node" ref="11813897490" role="platform"/>
  <member type="node" ref="11813897491" role="platform"/>
  <member type="node" ref="11813897492" role="platform"/>
  <member type="node" ref="11813897493" role="platform"/>
  <member type="node" ref="11813897494" role="platform"/>
  <member type="node" ref="11813897495" role="platform"/>
  <member type="node" ref="11813897496" role="platform"/>
  <member type="node" ref="11813897497" role="platform"/>
  <member type="node" ref="11813897498" role="platform"/>
  <member type="node" ref="11813897499" role="platform"/>
  <member type="node" ref="11813897500" role="platform"/>
  <member type="node" ref="11813897501" role="platform"/>
  <member type="node" ref="11813897502" role="platform"/>
  <member type="node" ref="11813897503" role="platform"/>
  <member type="node" ref="11813897504" role="platform"/>
  <member type="node" ref="11813897505" role="platform"/>
  <member type="node" ref="11813897506" role="platform"/>
  <member type="node" ref="11813897507" role="platform"/>
  <member type="node" ref="11813897508" role="platform"/>
  <member type="node" ref="11813897509" role="platform"/>
  <member type="node" ref="11813897510" role="platform"/>
  <member type="node" ref="11813897511" role="platform"/>
  <member type="node" ref="11813897512" role="platform"/>
  <member type="node" ref="11813897513" role="platform"/>
  <member type="node" ref="11813897514" role="platform"/>
  <member type="node" ref="11813897515" role="platform"/>
  <member type="node" ref="11793308586" role="platform"/>
  <member type="node" ref="11793308587" role="platform"/>
  <member type="node" ref="4269790394" role="platform"/>
  <member type="node" ref="11793308588" role="platform"/>
  <member type="node" ref="11793308589" role="platform"/>
  <member type="node" ref="11755184272" role="platform"/>
  <member type="node" ref="11755528617" role="platform"/>
  <member type="node" ref="11755184273" role="platform"/>
  <member type="node" ref="2984625915" role="platform"/>
  <member type="node" ref="11755528618" role="platform"/>
  <member type="node" ref="7183291637" role="platform"/>
  <member type="node" ref="11811380956" role="platform"/>
  <member type="node" ref="11811380957" role="platform"/>
  <member type="node" ref="11811380958" role="platform"/>
  <member type="node" ref="4765785888" role="platform_exit_only"/>
  <member type="way" ref="1272225919" role=""/>
  <member type="way" ref="850051115" role=""/>
  <member type="way" ref="1464490348" role=""/>
  <member type="way" ref="850051114" role=""/>
  <member type="way" ref="32899378" role=""/>
  <member type="way" ref="1274986724" role=""/>
  <member type="way" ref="32899380" role=""/>
  <member type="way" ref="32899379" role=""/>
  <member type="way" ref="32585411" role=""/>
  <member type="way" ref="604123332" role=""/>
  <member type="way" ref="32899382" role=""/>
  <member type="way" ref="32580552" role=""/>
  <member type="way" ref="32899388" role=""/>
  <member type="way" ref="914684901" role=""/>
  <member type="way" ref="32899389" role=""/>
  <member type="way" ref="32899390" role=""/>
  <member type="way" ref="32899391" role=""/>
  <member type="way" ref="1273103138" role=""/>
  <member type="way" ref="1273102733" role=""/>
  <member type="way" ref="604903128" role=""/>
  <member type="way" ref="604164150" role=""/>
  <member type="way" ref="931966066" role=""/>
  <member type="way" ref="931966067" role=""/>
  <member type="way" ref="1380599076" role=""/>
  <member type="way" ref="719061120" role=""/>
  <member type="way" ref="138331688" role=""/>
  <member type="way" ref="138331690" role=""/>
  <member type="way" ref="606193325" role=""/>
  <member type="way" ref="32585029" role=""/>
  <member type="way" ref="1272225922" role=""/>
  <member type="way" ref="724070766" role=""/>
  <member type="way" ref="1137128336" role=""/>
  <member type="way" ref="607249927" role=""/>
  <member type="way" ref="1344344439" role=""/>
  <member type="way" ref="722545278" role=""/>
  <member type="way" ref="1273081475" role=""/>
  <member type="way" ref="1273081476" role=""/>
  <member type="way" ref="704892961" role=""/>
  <member type="way" ref="1215956911" role=""/>
  <member type="way" ref="1215957881" role=""/>
  <member type="way" ref="1215956912" role=""/>
  <member type="way" ref="1344344440" role=""/>
  <member type="way" ref="191937846" role=""/>
  <member type="way" ref="722357075" role=""/>
  <member type="way" ref="1270828726" role=""/>
  <member type="way" ref="723249849" role=""/>
  <member type="way" ref="1272225923" role=""/>
  <member type="way" ref="1137128326" role=""/>
  <member type="way" ref="719482084" role=""/>
  <member type="way" ref="719462303" role=""/>
  <member type="way" ref="1435980094" role=""/>
  <member type="way" ref="404368566" role=""/>
  <member type="way" ref="1141872934" role=""/>
  <member type="way" ref="1141872937" role=""/>
  <member type="way" ref="718505943" role=""/>
  <member type="way" ref="718505944" role=""/>
  <member type="way" ref="1235783457" role=""/>
  <member type="way" ref="1278461443" role=""/>
  <member type="way" ref="722613242" role=""/>
  <member type="way" ref="1441950916" role=""/>
  <member type="way" ref="1441950917" role=""/>
  <member type="way" ref="722613243" role=""/>
  <member type="way" ref="290403929" role=""/>
  <member type="way" ref="1221478834" role=""/>
  <member type="way" ref="1221478830" role=""/>
  <member type="way" ref="722541344" role=""/>
  <member type="way" ref="1021845069" role=""/>
  <member type="way" ref="566555201" role=""/>
  <member type="way" ref="977346744" role=""/>
  <member type="way" ref="722544493" role=""/>
  <member type="way" ref="1360096415" role=""/>
  <member type="way" ref="1012315232" role=""/>
  <member type="way" ref="1021065772" role=""/>
  <member type="way" ref="1021065774" role=""/>
  <member type="way" ref="1012315235" role=""/>
  <member type="way" ref="1411102034" role=""/>
  <member type="way" ref="191937820" role=""/>
  <member type="way" ref="1160098466" role=""/>
  <member type="way" ref="1160098470" role=""/>
  <member type="way" ref="1160098471" role=""/>
  <member type="way" ref="32576294" role=""/>
  <member type="way" ref="1160098467" role=""/>
  <member type="way" ref="1271931193" role=""/>
  <member type="way" ref="608487591" role=""/>
  <member type="way" ref="1271931192" role=""/>
  <member type="way" ref="721958956" role=""/>
  <member type="way" ref="1269264079" role=""/>
  <member type="way" ref="721973862" role=""/>
  <member type="way" ref="1269264080" role=""/>
  <member type="way" ref="1269264081" role=""/>
  <member type="way" ref="721973864" role=""/>
  <member type="way" ref="1270139982" role=""/>
  <member type="node" ref="13433629330" role="platform"/>
  <member type="node" ref="13433629334" role="platform"/>
  <tag k="charge" v="6000 VND"/>
  <tag k="colour" v="#4F0AFF"/>
  <tag k="fee" v="yes"/>
  <tag k="from" v="Long Phước"/>
  <tag k="interval" v="00:08-00:20"/>
  <tag k="name" v="Long Phước - Bến xe Miền Đông mới"/>
  <tag k="network" v="Xe buýt Thành phố Hồ Chí Minh"/>
  <tag k="network:wikidata" v="Q30919670"/>
  <tag k="opening_hours" v="Mo-Su 04:45-22:00"/>
  <tag k="operator" v="Công ty Cổ phần Xe khách Phương Trang - FUTA Bus Lines"/>
  <tag k="public_transport:version" v="2"/>
  <tag k="ref" v="76"/>
  <tag k="route" v="bus"/>
  <tag k="to" v="Bến xe Miền Đông mói"/>
  <tag k="type" v="route"/>
 </relation>
 <relation id="17465149" visible="true" version="30" changeset="179979781" timestamp="2026-03-17T04:15:15Z" user="edumiz624" uid="20881381">
  <member type="node" ref="11793308574" role="platform"/>
  <member type="node" ref="11789305173" role="platform"/>
  <member type="node" ref="11789305174" role="platform"/>
  <member type="node" ref="7183291636" role="platform"/>
  <member type="node" ref="11755528623" role="platform"/>
  <member type="node" ref="11755184279" role="platform"/>
  <member type="node" ref="11755184280" role="platform"/>
  <member type="node" ref="3148967606" role="platform"/>
  <member type="node" ref="2024973266" role="platform"/>
  <member type="node" ref="3185949681" role="platform"/>
  <member type="node" ref="3185949682" role="platform"/>
  <member type="node" ref="11789253360" role="platform"/>
  <member type="node" ref="11789253361" role="platform"/>
  <member type="node" ref="11813897516" role="platform"/>
  <member type="node" ref="11813897517" role="platform"/>
  <member type="node" ref="11813897518" role="platform"/>
  <member type="node" ref="11813897519" role="platform"/>
  <member type="node" ref="11813897520" role="platform"/>
  <member type="node" ref="11813897521" role="platform"/>
  <member type="node" ref="11813897522" role="platform"/>
  <member type="node" ref="11813897523" role="platform"/>
  <member type="node" ref="11813897524" role="platform"/>
  <member type="node" ref="11813897525" role="platform"/>
  <member type="node" ref="11813897526" role="platform"/>
  <member type="node" ref="11813897528" role="platform"/>
  <member type="node" ref="11813897529" role="platform"/>
  <member type="node" ref="11813897530" role="platform"/>
  <member type="node" ref="11813897531" role="platform"/>
  <member type="node" ref="11813897532" role="platform"/>
  <member type="node" ref="11813897533" role="platform"/>
  <member type="node" ref="11813897534" role="platform"/>
  <member type="node" ref="11813897535" role="platform"/>
  <member type="node" ref="11813897536" role="platform"/>
  <member type="node" ref="11813897537" role="platform"/>
  <member type="node" ref="11813897538" role="platform"/>
  <member type="node" ref="11813897539" role="platform"/>
  <member type="node" ref="11813897540" role="platform"/>
  <member type="node" ref="11813897541" role="platform"/>
  <member type="node" ref="11813897542" role="platform"/>
  <member type="node" ref="11813897483" role="platform_exit_only"/>
  <member type="node" ref="4765785888" role="platform_entry_only"/>
  <member type="node" ref="11813897527" role="platform"/>
  <member type="way" ref="721973861" role=""/>
  <member type="way" ref="721973863" role=""/>
  <member type="way" ref="32588315" role=""/>
  <member type="way" ref="1289525932" role=""/>
  <member type="way" ref="721958956" role=""/>
  <member type="way" ref="32582341" role=""/>
  <member type="way" ref="1271931193" role=""/>
  <member type="way" ref="1160098469" role=""/>
  <member type="way" ref="1160098471" role=""/>
  <member type="way" ref="1160098468" role=""/>
  <member type="way" ref="1160098466" role=""/>
  <member type="way" ref="566557986" role=""/>
  <member type="way" ref="1012316328" role=""/>
  <member type="way" ref="1265525421" role=""/>
  <member type="way" ref="743232322" role=""/>
  <member type="way" ref="1163316778" role=""/>
  <member type="way" ref="1163316774" role=""/>
  <member type="way" ref="1220817439" role=""/>
  <member type="way" ref="1411102033" role=""/>
  <member type="way" ref="1102615852" role=""/>
  <member type="way" ref="1102615854" role=""/>
  <member type="way" ref="743232319" role=""/>
  <member type="way" ref="1265525438" role=""/>
  <member type="way" ref="1315050998" role=""/>
  <member type="way" ref="1221477947" role=""/>
  <member type="way" ref="1221477948" role=""/>
  <member type="way" ref="32899358" role=""/>
  <member type="way" ref="1221478831" role=""/>
  <member type="way" ref="1221478835" role=""/>
  <member type="way" ref="1087001352" role=""/>
  <member type="way" ref="1346116875" role=""/>
  <member type="way" ref="1451410369" role=""/>
  <member type="way" ref="1319661272" role=""/>
  <member type="way" ref="1220429670" role=""/>
  <member type="way" ref="1087001353" role=""/>
  <member type="way" ref="1087001356" role=""/>
  <member type="way" ref="211840922" role=""/>
  <member type="way" ref="1270139985" role=""/>
  <member type="way" ref="720361261" role=""/>
  <member type="way" ref="720361262" role=""/>
  <member type="way" ref="722556033" role=""/>
  <member type="way" ref="722556034" role=""/>
  <member type="way" ref="191937848" role=""/>
  <member type="way" ref="1270828724" role=""/>
  <member type="way" ref="722357075" role=""/>
  <member type="way" ref="191937846" role=""/>
  <member type="way" ref="1344344440" role=""/>
  <member type="way" ref="1215956912" role=""/>
  <member type="way" ref="1215957881" role=""/>
  <member type="way" ref="1215956911" role=""/>
  <member type="way" ref="704892961" role=""/>
  <member type="way" ref="1273081476" role=""/>
  <member type="way" ref="1273081475" role=""/>
  <member type="way" ref="722545278" role=""/>
  <member type="way" ref="1344344439" role=""/>
  <member type="way" ref="607249927" role=""/>
  <member type="way" ref="724079955" role=""/>
  <member type="way" ref="1137128335" role=""/>
  <member type="way" ref="32585029" role=""/>
  <member type="way" ref="606193325" role=""/>
  <member type="way" ref="138331690" role=""/>
  <member type="way" ref="138331688" role=""/>
  <member type="way" ref="719061120" role=""/>
  <member type="way" ref="1380599076" role=""/>
  <member type="way" ref="931966067" role=""/>
  <member type="way" ref="931966066" role=""/>
  <member type="way" ref="604164150" role=""/>
  <member type="way" ref="604903128" role=""/>
  <member type="way" ref="1273102733" role=""/>
  <member type="way" ref="1273103138" role=""/>
  <member type="way" ref="32899391" role=""/>
  <member type="way" ref="32899390" role=""/>
  <member type="way" ref="32899389" role=""/>
  <member type="way" ref="914684901" role=""/>
  <member type="way" ref="32899388" role=""/>
  <member type="way" ref="32580552" role=""/>
  <member type="way" ref="32899382" role=""/>
  <member type="way" ref="604123332" role=""/>
  <member type="way" ref="32585411" role=""/>
  <member type="way" ref="32899379" role=""/>
  <member type="way" ref="32899380" role=""/>
  <member type="way" ref="1274986724" role=""/>
  <member type="way" ref="32899378" role=""/>
  <member type="way" ref="850051114" role=""/>
  <member type="way" ref="1464490348" role=""/>
  <member type="way" ref="850051115" role=""/>
  <member type="way" ref="1272225919" role=""/>
  <member type="way" ref="1435980097" role=""/>
  <member type="way" ref="722051479" role=""/>
  <member type="way" ref="610137708" role=""/>
  <member type="way" ref="610137696" role=""/>
  <member type="way" ref="610137703" role=""/>
  <member type="way" ref="718505945" role=""/>
  <member type="way" ref="1463428417" role=""/>
  <member type="way" ref="610137706" role=""/>
  <member type="way" ref="1435980099" role=""/>
  <member type="node" ref="13433629328" role="platform"/>
  <member type="node" ref="11755528622" role="platform"/>
  <member type="node" ref="6841128309" role="platform"/>
  <member type="node" ref="13433629335" role="platform"/>
  <tag k="charge" v="6000 VND"/>
  <tag k="colour" v="#4F0AFF"/>
  <tag k="fee" v="yes"/>
  <tag k="from" v="Bến xe Miền Đông mới"/>
  <tag k="interval" v="00:08-00:20"/>
  <tag k="name" v="Bến xe Miền Đông mới - Long Phước"/>
  <tag k="network" v="Xe buýt Thành phố Hồ Chí Minh"/>
  <tag k="network:wikidata" v="Q30919670"/>
  <tag k="opening_hours" v="Mo-Su 04:45-22:00"/>
  <tag k="operator" v="Công ty Cổ phần Xe khách Phương Trang - FUTA Bus Lines"/>
  <tag k="public_transport:version" v="2"/>
  <tag k="ref" v="76"/>
  <tag k="route" v="bus"/>
  <tag k="to" v="Long Phước"/>
  <tag k="type" v="route"/>
 </relation>
 <relation id="17465150" visible="true" version="3" changeset="169822820" timestamp="2025-08-01T14:57:54Z" user="edumiz624" uid="20881381">
  <member type="relation" ref="17465148" role=""/>
  <member type="relation" ref="17465149" role=""/>
  <tag k="name" v="Long Phước - Suối Tiên - Bến xe Miền Đông mới"/>
  <tag k="network" v="Xe buýt Thành phố Hồ Chí Minh"/>
  <tag k="network:wikidata" v="Q30919670"/>
  <tag k="operator" v="Công ty Cổ phần Xe khách Phương Trang - FUTA Bus Lines"/>
  <tag k="ref" v="76"/>
  <tag k="route_master" v="bus"/>
  <tag k="type" v="route_master"/>
 </relation>
 <relation id="17540365" visible="true" version="23" changeset="179993773" timestamp="2026-03-17T09:28:27Z" user="edumiz624" uid="20881381">
  <member type="node" ref="11868138070" role="platform_entry_only"/>
  <member type="node" ref="11868138074" role="platform"/>
  <member type="node" ref="11868138075" role="platform"/>
  <member type="node" ref="11868138076" role="platform"/>
  <member type="node" ref="11868138077" role="platform"/>
  <member type="node" ref="11868138078" role="platform"/>
  <member type="node" ref="11868138079" role="platform"/>
  <member type="node" ref="11868138080" role="platform"/>
  <member type="node" ref="11813897505" role="platform"/>
  <member type="node" ref="11813897506" role="platform"/>
  <member type="node" ref="11813897507" role="platform"/>
  <member type="node" ref="11813897508" role="platform"/>
  <member type="node" ref="11813897509" role="platform"/>
  <member type="node" ref="11793308583" role="platform"/>
  <member type="node" ref="11793308584" role="platform"/>
  <member type="node" ref="11793308585" role="platform"/>
  <member type="node" ref="11793308586" role="platform"/>
  <member type="node" ref="11793308587" role="platform"/>
  <member type="node" ref="4269790394" role="platform"/>
  <member type="node" ref="11793308588" role="platform"/>
  <member type="node" ref="11793308589" role="platform"/>
  <member type="node" ref="2984717715" role="platform"/>
  <member type="node" ref="2984717720" role="platform"/>
  <member type="node" ref="11755528624" role="platform"/>
  <member type="node" ref="3116282957" role="platform"/>
  <member type="node" ref="2984717730" role="platform"/>
  <member type="node" ref="11769143910" role="platform"/>
  <member type="node" ref="3178503261" role="platform"/>
  <member type="node" ref="3053462719" role="platform"/>
  <member type="node" ref="3053462720" role="platform"/>
  <member type="node" ref="3316038911" role="platform"/>
  <member type="node" ref="11769143914" role="platform"/>
  <member type="node" ref="11769143915" role="platform"/>
  <member type="node" ref="11769143916" role="platform"/>
  <member type="node" ref="3178503263" role="platform"/>
  <member type="node" ref="11769143918" role="platform"/>
  <member type="node" ref="11799344246" role="platform"/>
  <member type="node" ref="11799344247" role="platform"/>
  <member type="node" ref="11799344248" role="platform"/>
  <member type="node" ref="11799344249" role="platform"/>
  <member type="node" ref="11799344250" role="platform"/>
  <member type="node" ref="11799344251" role="platform"/>
  <member type="node" ref="11799344252" role="platform"/>
  <member type="node" ref="11799344253" role="platform"/>
  <member type="node" ref="11868138081" role="platform_exit_only"/>
  <member type="node" ref="11838346604" role="platform"/>
  <member type="node" ref="12871242805" role="platform"/>
  <member type="way" ref="1489694986" role=""/>
  <member type="way" ref="1489694987" role=""/>
  <member type="way" ref="174620023" role=""/>
  <member type="way" ref="174620024" role=""/>
  <member type="way" ref="32576175" role=""/>
  <member type="way" ref="32899393" role=""/>
  <member type="way" ref="604136783" role=""/>
  <member type="way" ref="604136784" role=""/>
  <member type="way" ref="32899395" role=""/>
  <member type="way" ref="604914755" role=""/>
  <member type="way" ref="604903135" role=""/>
  <member type="way" ref="1272225921" role=""/>
  <member type="way" ref="604164150" role=""/>
  <member type="way" ref="931966066" role=""/>
  <member type="way" ref="931966067" role=""/>
  <member type="way" ref="1380599076" role=""/>
  <member type="way" ref="719061120" role=""/>
  <member type="way" ref="138331688" role=""/>
  <member type="way" ref="138331690" role=""/>
  <member type="way" ref="606193325" role=""/>
  <member type="way" ref="32585029" role=""/>
  <member type="way" ref="1137128335" role=""/>
  <member type="way" ref="724106903" role=""/>
  <member type="way" ref="724079954" role=""/>
  <member type="way" ref="722361739" role=""/>
  <member type="way" ref="724081804" role=""/>
  <member type="way" ref="724081802" role=""/>
  <member type="way" ref="607249905" role=""/>
  <member type="way" ref="1273081475" role=""/>
  <member type="way" ref="1273081476" role=""/>
  <member type="way" ref="704892961" role=""/>
  <member type="way" ref="1215956911" role=""/>
  <member type="way" ref="1215957881" role=""/>
  <member type="way" ref="1215956912" role=""/>
  <member type="way" ref="1344344440" role=""/>
  <member type="way" ref="191937846" role=""/>
  <member type="way" ref="722357075" role=""/>
  <member type="way" ref="1270828726" role=""/>
  <member type="way" ref="723249849" role=""/>
  <member type="way" ref="1272225923" role=""/>
  <member type="way" ref="1137128326" role=""/>
  <member type="way" ref="720361263" role=""/>
  <member type="way" ref="1269264064" role=""/>
  <member type="way" ref="1265471307" role=""/>
  <member type="way" ref="1215966887" role=""/>
  <member type="way" ref="330532340" role=""/>
  <member type="way" ref="802338945" role=""/>
  <member type="way" ref="1317816171" role=""/>
  <member type="way" ref="1317816169" role=""/>
  <member type="way" ref="1408702630" role=""/>
  <member type="way" ref="408250489" role=""/>
  <member type="way" ref="1203438638" role=""/>
  <member type="way" ref="1203438639" role=""/>
  <member type="way" ref="1073706930" role=""/>
  <member type="way" ref="1057552170" role=""/>
  <member type="way" ref="1344368378" role=""/>
  <member type="way" ref="1272185356" role=""/>
  <member type="way" ref="408229568" role=""/>
  <member type="way" ref="995149094" role=""/>
  <member type="way" ref="1265525418" role=""/>
  <member type="way" ref="1275903828" role=""/>
  <member type="way" ref="1267138248" role=""/>
  <member type="way" ref="1007861095" role=""/>
  <member type="way" ref="771564456" role=""/>
  <member type="way" ref="1007861097" role=""/>
  <member type="way" ref="1009623691" role=""/>
  <member type="way" ref="1259036040" role=""/>
  <member type="way" ref="1217247990" role=""/>
  <member type="way" ref="1007861098" role=""/>
  <member type="way" ref="32589047" role=""/>
  <member type="way" ref="32588592" role=""/>
  <member type="way" ref="1267138249" role=""/>
  <member type="way" ref="1419189307" role=""/>
  <member type="way" ref="1224670425" role=""/>
  <member type="way" ref="370714755" role=""/>
  <member type="way" ref="1267138250" role=""/>
  <member type="way" ref="1267138252" role=""/>
  <member type="way" ref="708721341" role=""/>
  <member type="way" ref="1270595434" role=""/>
  <member type="way" ref="1267138253" role=""/>
  <member type="way" ref="478832778" role=""/>
  <member type="way" ref="32584102" role=""/>
  <member type="way" ref="1015714682" role=""/>
  <member type="way" ref="1289050524" role=""/>
  <member type="way" ref="1153094490" role=""/>
  <member type="way" ref="32581293" role=""/>
  <member type="way" ref="607239667" role=""/>
  <member type="way" ref="32588663" role=""/>
  <member type="way" ref="605539159" role=""/>
  <member type="way" ref="260604764" role=""/>
  <member type="way" ref="32586847" role=""/>
  <member type="way" ref="604155776" role=""/>
  <tag k="charge" v="6000 VND"/>
  <tag k="colour" v="#4F0AFF"/>
  <tag k="fee" v="yes"/>
  <tag k="from" v="Khu du lịch BCR"/>
  <tag k="interval" v="00:07-00:15"/>
  <tag k="name" v="Khu du lịch BCR - Long Trường - Khu chế xuất Linh Trung II"/>
  <tag k="network" v="Xe buýt Thành phố Hồ Chí Minh"/>
  <tag k="network:wikidata" v="Q30919670"/>
  <tag k="opening_hours" v="Mo-Su 05:00-19:30"/>
  <tag k="operator" v="Công ty Cổ phần Xe khách Phương Trang - FUTA Bus Lines"/>
  <tag k="public_transport:version" v="2"/>
  <tag k="ref" v="141"/>
  <tag k="route" v="bus"/>
  <tag k="to" v="Khu chế xuất Linh Trung II"/>
  <tag k="type" v="route"/>
  <tag k="via" v="Long Trường"/>
 </relation>
 <relation id="17540366" visible="true" version="23" changeset="179993773" timestamp="2026-03-17T09:28:27Z" user="edumiz624" uid="20881381">
  <member type="node" ref="11868138081" role="platform_entry_only"/>
  <member type="node" ref="11799344237" role="platform"/>
  <member type="node" ref="11799344238" role="platform"/>
  <member type="node" ref="11799344239" role="platform"/>
  <member type="node" ref="11799344240" role="platform"/>
  <member type="node" ref="11799344241" role="platform"/>
  <member type="node" ref="11799344242" role="platform"/>
  <member type="node" ref="11799344243" role="platform"/>
  <member type="node" ref="11799344244" role="platform"/>
  <member type="node" ref="11868138082" role="platform"/>
  <member type="node" ref="11769143922" role="platform"/>
  <member type="node" ref="11769143923" role="platform"/>
  <member type="node" ref="11769143924" role="platform"/>
  <member type="node" ref="11769143925" role="platform"/>
  <member type="node" ref="11769143926" role="platform"/>
  <member type="node" ref="11868138083" role="platform"/>
  <member type="node" ref="11769143930" role="platform"/>
  <member type="node" ref="3316038919" role="platform"/>
  <member type="node" ref="3053462714" role="platform"/>
  <member type="node" ref="2984717727" role="platform"/>
  <member type="node" ref="2984717726" role="platform"/>
  <member type="node" ref="2984717721" role="platform"/>
  <member type="node" ref="2984717719" role="platform"/>
  <member type="node" ref="2024973266" role="platform"/>
  <member type="node" ref="3185949681" role="platform"/>
  <member type="node" ref="3185949682" role="platform"/>
  <member type="node" ref="11789253360" role="platform"/>
  <member type="node" ref="11789253361" role="platform"/>
  <member type="node" ref="3185949683" role="platform"/>
  <member type="node" ref="3185949684" role="platform"/>
  <member type="node" ref="3185949685" role="platform"/>
  <member type="node" ref="11813897522" role="platform"/>
  <member type="node" ref="11813897523" role="platform"/>
  <member type="node" ref="11813897524" role="platform"/>
  <member type="node" ref="11813897525" role="platform"/>
  <member type="node" ref="11813897526" role="platform"/>
  <member type="node" ref="11868138084" role="platform"/>
  <member type="node" ref="11868138085" role="platform"/>
  <member type="node" ref="11868138086" role="platform"/>
  <member type="node" ref="11868138087" role="platform"/>
  <member type="node" ref="11868138088" role="platform"/>
  <member type="node" ref="11868138089" role="platform"/>
  <member type="node" ref="3187226247" role="platform"/>
  <member type="node" ref="11868138090" role="platform"/>
  <member type="node" ref="11868138070" role="platform_exit_only"/>
  <member type="node" ref="12241394109" role="platform"/>
  <member type="node" ref="12216140086" role="platform"/>
  <member type="node" ref="12871242806" role="platform"/>
  <member type="node" ref="12871242807" role="platform"/>
  <member type="way" ref="604155776" role=""/>
  <member type="way" ref="32586847" role=""/>
  <member type="way" ref="260604764" role=""/>
  <member type="way" ref="605539159" role=""/>
  <member type="way" ref="32588663" role=""/>
  <member type="way" ref="607239667" role=""/>
  <member type="way" ref="32581293" role=""/>
  <member type="way" ref="1208660423" role=""/>
  <member type="way" ref="1289050522" role=""/>
  <member type="way" ref="223784069" role=""/>
  <member type="way" ref="478832779" role=""/>
  <member type="way" ref="478832777" role=""/>
  <member type="way" ref="1361634317" role=""/>
  <member type="way" ref="1267138260" role=""/>
  <member type="way" ref="1267138261" role=""/>
  <member type="way" ref="223782704" role=""/>
  <member type="way" ref="1267138263" role=""/>
  <member type="way" ref="1267138264" role=""/>
  <member type="way" ref="1267138250" role=""/>
  <member type="way" ref="370714755" role=""/>
  <member type="way" ref="1224670425" role=""/>
  <member type="way" ref="1419189307" role=""/>
  <member type="way" ref="870286990" role=""/>
  <member type="way" ref="870286989" role=""/>
  <member type="way" ref="32589047" role=""/>
  <member type="way" ref="1007861098" role=""/>
  <member type="way" ref="1007861093" role=""/>
  <member type="way" ref="1259032483" role=""/>
  <member type="way" ref="1009623689" role=""/>
  <member type="way" ref="1007861094" role=""/>
  <member type="way" ref="1007861095" role=""/>
  <member type="way" ref="1265525439" role=""/>
  <member type="way" ref="224456766" role=""/>
  <member type="way" ref="1265525420" role=""/>
  <member type="way" ref="995149094" role=""/>
  <member type="way" ref="408229568" role=""/>
  <member type="way" ref="1272185356" role=""/>
  <member type="way" ref="1344368378" role=""/>
  <member type="way" ref="1057552170" role=""/>
  <member type="way" ref="1073706930" role=""/>
  <member type="way" ref="1221434609" role=""/>
  <member type="way" ref="1203438638" role=""/>
  <member type="way" ref="408250489" role=""/>
  <member type="way" ref="1408702630" role=""/>
  <member type="way" ref="1317816170" role=""/>
  <member type="way" ref="1203438640" role=""/>
  <member type="way" ref="1317816171" role=""/>
  <member type="way" ref="802338945" role=""/>
  <member type="way" ref="330532340" role=""/>
  <member type="way" ref="191937850" role=""/>
  <member type="way" ref="1215970291" role=""/>
  <member type="way" ref="1215970290" role=""/>
  <member type="way" ref="720361261" role=""/>
  <member type="way" ref="720361262" role=""/>
  <member type="way" ref="722556033" role=""/>
  <member type="way" ref="722556034" role=""/>
  <member type="way" ref="191937848" role=""/>
  <member type="way" ref="1270828724" role=""/>
  <member type="way" ref="722357075" role=""/>
  <member type="way" ref="191937846" role=""/>
  <member type="way" ref="1344344440" role=""/>
  <member type="way" ref="1215956912" role=""/>
  <member type="way" ref="1215957881" role=""/>
  <member type="way" ref="1215956911" role=""/>
  <member type="way" ref="704892961" role=""/>
  <member type="way" ref="1273081476" role=""/>
  <member type="way" ref="1273081475" role=""/>
  <member type="way" ref="724068830" role=""/>
  <member type="way" ref="724068939" role=""/>
  <member type="way" ref="722542337" role=""/>
  <member type="way" ref="724070776" role=""/>
  <member type="way" ref="724070773" role=""/>
  <member type="way" ref="724070771" role=""/>
  <member type="way" ref="724070770" role=""/>
  <member type="way" ref="724070767" role=""/>
  <member type="way" ref="32585029" role=""/>
  <member type="way" ref="606193325" role=""/>
  <member type="way" ref="138331690" role=""/>
  <member type="way" ref="138331688" role=""/>
  <member type="way" ref="719061120" role=""/>
  <member type="way" ref="1380599076" role=""/>
  <member type="way" ref="931966067" role=""/>
  <member type="way" ref="931966066" role=""/>
  <member type="way" ref="604164150" role=""/>
  <member type="way" ref="1272225921" role=""/>
  <member type="way" ref="604903135" role=""/>
  <member type="way" ref="604914755" role=""/>
  <member type="way" ref="32899395" role=""/>
  <member type="way" ref="604136784" role=""/>
  <member type="way" ref="604136783" role=""/>
  <member type="way" ref="32899393" role=""/>
  <member type="way" ref="32576175" role=""/>
  <member type="way" ref="174620024" role=""/>
  <member type="way" ref="174620023" role=""/>
  <member type="way" ref="1489694987" role=""/>
  <member type="way" ref="1489694986" role=""/>
  <tag k="charge" v="6000 VND"/>
  <tag k="colour" v="#4F0AFF"/>
  <tag k="fee" v="yes"/>
  <tag k="from" v="Khu chế xuất Linh Trung II"/>
  <tag k="interval" v="00:07-00:15"/>
  <tag k="name" v="Khu chế xuất Linh Trung II - Long Trường - Khu du lịch BCR"/>
  <tag k="network" v="Xe buýt Thành phố Hồ Chí Minh"/>
  <tag k="network:wikidata" v="Q30919670"/>
  <tag k="opening_hours" v="Mo-Su 05:00-19:30"/>
  <tag k="operator" v="Công ty Cổ phần Xe khách Phương Trang - FUTA Bus Lines"/>
  <tag k="public_transport:version" v="2"/>
  <tag k="ref" v="141"/>
  <tag k="route" v="bus"/>
  <tag k="to" v="Khu du lịch BCR"/>
  <tag k="type" v="route"/>
  <tag k="via" v="Long Trường"/>
 </relation>
 <relation id="17540367" visible="true" version="2" changeset="157716152" timestamp="2024-10-10T13:35:29Z" user="edumiz624" uid="20881381">
  <member type="relation" ref="17540365" role=""/>
  <member type="relation" ref="17540366" role=""/>
  <tag k="name" v="Khu du lịch BCR - Long Trường - Khu chế xuất Linh Trung II"/>
  <tag k="network" v="Xe buýt Thành phố Hồ Chí Minh"/>
  <tag k="network:wikidata" v="Q30919670"/>
  <tag k="operator" v="Công ty Cổ phần Xe khách Phương Trang - FUTA Bus Lines"/>
  <tag k="ref" v="141"/>
  <tag k="route_master" v="bus"/>
  <tag k="type" v="route_master"/>
 </relation>
 <relation id="17540727" visible="true" version="61" changeset="179993773" timestamp="2026-03-17T09:28:27Z" user="edumiz624" uid="20881381">
  <member type="node" ref="11753277688" role="platform_entry_only"/>
  <member type="node" ref="9042278313" role="platform"/>
  <member type="node" ref="3160545656" role="platform"/>
  <member type="node" ref="4615972579" role="platform"/>
  <member type="node" ref="6315672406" role="platform"/>
  <member type="node" ref="9667135118" role="platform"/>
  <member type="node" ref="3116315718" role="platform"/>
  <member type="node" ref="11755184303" role="platform"/>
  <member type="node" ref="8995806220" role="platform"/>
  <member type="node" ref="8995806221" role="platform"/>
  <member type="node" ref="11868497848" role="platform"/>
  <member type="node" ref="11757109512" role="platform"/>
  <member type="node" ref="11813095034" role="platform"/>
  <member type="node" ref="3116339946" role="platform"/>
  <member type="node" ref="11813095035" role="platform"/>
  <member type="node" ref="3116339948" role="platform"/>
  <member type="node" ref="3116339949" role="platform"/>
  <member type="node" ref="3116339950" role="platform"/>
  <member type="node" ref="3116339952" role="platform"/>
  <member type="node" ref="3116339953" role="platform"/>
  <member type="node" ref="3116339954" role="platform"/>
  <member type="node" ref="11757109514" role="platform"/>
  <member type="node" ref="3162543050" role="platform"/>
  <member type="node" ref="11782827572" role="platform"/>
  <member type="node" ref="11782827573" role="platform"/>
  <member type="node" ref="9585048355" role="platform"/>
  <member type="node" ref="11363404641" role="platform"/>
  <member type="node" ref="11363404642" role="platform"/>
  <member type="node" ref="11755160658" role="platform"/>
  <member type="node" ref="11755160659" role="platform"/>
  <member type="node" ref="11755160660" role="platform"/>
  <member type="node" ref="11755160661" role="platform"/>
  <member type="node" ref="11755160662" role="platform"/>
  <member type="node" ref="11755160663" role="platform"/>
  <member type="node" ref="11755160664" role="platform"/>
  <member type="node" ref="11755160665" role="platform"/>
  <member type="node" ref="11789253345" role="platform"/>
  <member type="node" ref="3230448898" role="platform"/>
  <member type="node" ref="3230448899" role="platform"/>
  <member type="node" ref="11771724343" role="platform"/>
  <member type="node" ref="11755184272" role="platform"/>
  <member type="node" ref="11755528617" role="platform"/>
  <member type="node" ref="11755184273" role="platform"/>
  <member type="node" ref="2984625915" role="platform"/>
  <member type="node" ref="11755528618" role="platform"/>
  <member type="node" ref="7183291637" role="platform"/>
  <member type="node" ref="3116339951" role="platform"/>
  <member type="node" ref="12451337732" role="platform"/>
  <member type="node" ref="11811380956" role="platform"/>
  <member type="node" ref="11811380957" role="platform"/>
  <member type="node" ref="11811380958" role="platform"/>
  <member type="node" ref="4765785888" role="platform_exit_only"/>
  <member type="way" ref="1030255268" role=""/>
  <member type="way" ref="1030257132" role=""/>
  <member type="way" ref="721740238" role=""/>
  <member type="way" ref="330374261" role=""/>
  <member type="way" ref="971864710" role=""/>
  <member type="way" ref="971864709" role=""/>
  <member type="way" ref="189027809" role=""/>
  <member type="way" ref="476903112" role=""/>
  <member type="way" ref="721738758" role=""/>
  <member type="way" ref="463031681" role=""/>
  <member type="way" ref="971952463" role=""/>
  <member type="way" ref="971864711" role=""/>
  <member type="way" ref="713808805" role=""/>
  <member type="way" ref="493222445" role=""/>
  <member type="way" ref="189017060" role=""/>
  <member type="way" ref="1265822552" role=""/>
  <member type="way" ref="706394537" role=""/>
  <member type="way" ref="715914020" role=""/>
  <member type="way" ref="1226411209" role=""/>
  <member type="way" ref="1265471310" role=""/>
  <member type="way" ref="716748281" role=""/>
  <member type="way" ref="715914019" role=""/>
  <member type="way" ref="716772938" role=""/>
  <member type="way" ref="716772937" role=""/>
  <member type="way" ref="716772936" role=""/>
  <member type="way" ref="716774358" role=""/>
  <member type="way" ref="717310025" role=""/>
  <member type="way" ref="1215981750" role=""/>
  <member type="way" ref="717310026" role=""/>
  <member type="way" ref="715914018" role=""/>
  <member type="way" ref="715914017" role=""/>
  <member type="way" ref="189067596" role=""/>
  <member type="way" ref="715914016" role=""/>
  <member type="way" ref="1344783036" role=""/>
  <member type="way" ref="1018414094" role=""/>
  <member type="way" ref="330532328" role=""/>
  <member type="way" ref="719951933" role=""/>
  <member type="way" ref="1018414095" role=""/>
  <member type="way" ref="1268643569" role=""/>
  <member type="way" ref="1268643583" role=""/>
  <member type="way" ref="1294685601" role=""/>
  <member type="way" ref="1294685602" role=""/>
  <member type="way" ref="1294685600" role=""/>
  <member type="way" ref="1374328016" role=""/>
  <member type="way" ref="1294654280" role=""/>
  <member type="way" ref="1294683683" role=""/>
  <member type="way" ref="1294683681" role=""/>
  <member type="way" ref="1374328015" role=""/>
  <member type="way" ref="35114928" role=""/>
  <member type="way" ref="1018414104" role=""/>
  <member type="way" ref="1018414103" role=""/>
  <member type="way" ref="1018414102" role=""/>
  <member type="way" ref="1018414108" role=""/>
  <member type="way" ref="189165773" role=""/>
  <member type="way" ref="1018414111" role=""/>
  <member type="way" ref="327097661" role=""/>
  <member type="way" ref="723832756" role=""/>
  <member type="way" ref="1331550078" role=""/>
  <member type="way" ref="1331550079" role=""/>
  <member type="way" ref="1307177179" role=""/>
  <member type="way" ref="1056695383" role=""/>
  <member type="way" ref="408246127" role=""/>
  <member type="way" ref="723594455" role=""/>
  <member type="way" ref="723823267" role=""/>
  <member type="way" ref="723823266" role=""/>
  <member type="way" ref="408246393" role=""/>
  <member type="way" ref="1275903827" role=""/>
  <member type="way" ref="327074920" role=""/>
  <member type="way" ref="1267462152" role=""/>
  <member type="way" ref="1422795956" role=""/>
  <member type="way" ref="1422795957" role=""/>
  <member type="way" ref="408153725" role=""/>
  <member type="way" ref="408246548" role=""/>
  <member type="way" ref="1225428614" role=""/>
  <member type="way" ref="1173848121" role=""/>
  <member type="way" ref="1173848122" role=""/>
  <member type="way" ref="189165780" role=""/>
  <member type="way" ref="1351997281" role=""/>
  <member type="way" ref="1361942027" role=""/>
  <member type="way" ref="53553363" role=""/>
  <member type="way" ref="1412520605" role=""/>
  <member type="way" ref="1268643578" role=""/>
  <member type="way" ref="53553128" role=""/>
  <member type="way" ref="1463428422" role=""/>
  <member type="way" ref="189165785" role=""/>
  <member type="way" ref="53553099" role=""/>
  <member type="way" ref="1453156273" role=""/>
  <member type="way" ref="1344043029" role=""/>
  <member type="way" ref="192512333" role=""/>
  <member type="way" ref="192512365" role=""/>
  <member type="way" ref="192512383" role=""/>
  <member type="way" ref="1265700924" role=""/>
  <member type="way" ref="971692798" role=""/>
  <member type="way" ref="977346734" role=""/>
  <member type="way" ref="1278461430" role=""/>
  <member type="way" ref="1421503182" role=""/>
  <member type="way" ref="192512337" role=""/>
  <member type="way" ref="330532283" role=""/>
  <member type="way" ref="192512371" role=""/>
  <member type="way" ref="53551190" role=""/>
  <member type="way" ref="59986387" role=""/>
  <member type="way" ref="1344043030" role=""/>
  <member type="way" ref="1344797767" role=""/>
  <member type="way" ref="1344797761" role=""/>
  <member type="way" ref="977346737" role=""/>
  <member type="way" ref="404356160" role=""/>
  <member type="way" ref="977346738" role=""/>
  <member type="way" ref="192289472" role=""/>
  <member type="way" ref="306073180" role=""/>
  <member type="way" ref="1428979983" role=""/>
  <member type="way" ref="1346116868" role=""/>
  <member type="way" ref="1267913061" role=""/>
  <member type="way" ref="1449459857" role=""/>
  <member type="way" ref="1451410365" role=""/>
  <member type="way" ref="192289476" role=""/>
  <member type="way" ref="1343964564" role=""/>
  <member type="way" ref="1228548749" role=""/>
  <member type="way" ref="1441950911" role=""/>
  <member type="way" ref="1435974581" role=""/>
  <member type="way" ref="1441950913" role=""/>
  <member type="way" ref="404351362" role=""/>
  <member type="way" ref="1435974584" role=""/>
  <member type="way" ref="587812525" role=""/>
  <member type="way" ref="719495577" role=""/>
  <member type="way" ref="604499634" role=""/>
  <member type="way" ref="719494696" role=""/>
  <member type="way" ref="566588297" role=""/>
  <member type="way" ref="566588298" role=""/>
  <member type="way" ref="1322906343" role=""/>
  <member type="way" ref="192289502" role=""/>
  <member type="way" ref="192289456" role=""/>
  <member type="way" ref="1435974595" role=""/>
  <member type="way" ref="719494703" role=""/>
  <member type="way" ref="1435976975" role=""/>
  <member type="way" ref="1486306987" role=""/>
  <member type="way" ref="719488944" role=""/>
  <member type="way" ref="719488941" role=""/>
  <member type="way" ref="192289446" role=""/>
  <member type="way" ref="1179893875" role=""/>
  <member type="way" ref="1435976985" role=""/>
  <member type="way" ref="723889912" role=""/>
  <member type="way" ref="723889914" role=""/>
  <member type="way" ref="1322795556" role=""/>
  <member type="way" ref="723889913" role=""/>
  <member type="way" ref="191937834" role=""/>
  <member type="way" ref="1263684138" role=""/>
  <member type="way" ref="1263684130" role=""/>
  <member type="way" ref="1263684135" role=""/>
  <member type="way" ref="719482081" role=""/>
  <member type="way" ref="330532348" role=""/>
  <member type="way" ref="1228592565" role=""/>
  <member type="way" ref="720360984" role=""/>
  <member type="way" ref="404368564" role=""/>
  <member type="way" ref="719494700" role=""/>
  <member type="way" ref="1269264063" role=""/>
  <member type="way" ref="719482084" role=""/>
  <member type="way" ref="719462303" role=""/>
  <member type="way" ref="1435980094" role=""/>
  <member type="way" ref="404368566" role=""/>
  <member type="way" ref="1141872934" role=""/>
  <member type="way" ref="1141872937" role=""/>
  <member type="way" ref="718505943" role=""/>
  <member type="way" ref="718505944" role=""/>
  <member type="way" ref="1235783457" role=""/>
  <member type="way" ref="1278461443" role=""/>
  <member type="way" ref="722613242" role=""/>
  <member type="way" ref="1441950916" role=""/>
  <member type="way" ref="1441950917" role=""/>
  <member type="way" ref="722613243" role=""/>
  <member type="way" ref="290403929" role=""/>
  <member type="way" ref="1221478834" role=""/>
  <member type="way" ref="1221478830" role=""/>
  <member type="way" ref="722541344" role=""/>
  <member type="way" ref="1021845069" role=""/>
  <member type="way" ref="566555201" role=""/>
  <member type="way" ref="977346744" role=""/>
  <member type="way" ref="722544493" role=""/>
  <member type="way" ref="1360096415" role=""/>
  <member type="way" ref="1012315232" role=""/>
  <member type="way" ref="1021065772" role=""/>
  <member type="way" ref="1021065774" role=""/>
  <member type="way" ref="1012315235" role=""/>
  <member type="way" ref="1411102034" role=""/>
  <member type="way" ref="191937820" role=""/>
  <member type="way" ref="1160098466" role=""/>
  <member type="way" ref="1160098470" role=""/>
  <member type="way" ref="1160098471" role=""/>
  <member type="way" ref="32576294" role=""/>
  <member type="way" ref="1160098467" role=""/>
  <member type="way" ref="1271931193" role=""/>
  <member type="way" ref="608487591" role=""/>
  <member type="way" ref="1271931192" role=""/>
  <member type="way" ref="721958956" role=""/>
  <member type="way" ref="1269264079" role=""/>
  <member type="way" ref="721973862" role=""/>
  <member type="way" ref="1269264080" role=""/>
  <member type="way" ref="1269264081" role=""/>
  <member type="way" ref="721973864" role=""/>
  <member type="way" ref="1270139982" role=""/>
  <member type="way" ref="1435976976" role=""/>
  <tag k="charge" v="7000 VND"/>
  <tag k="colour" v="#76C04D"/>
  <tag k="fee" v="yes"/>
  <tag k="from" v="Bến xe Chợ Lớn"/>
  <tag k="interval" v="00:10-00:15"/>
  <tag k="name" v="Bến xe Chợ Lớn - Bến xe Miền Đông mới"/>
  <tag k="network" v="Xe buýt Thành phố Hồ Chí Minh"/>
  <tag k="network:wikidata" v="Q30919670"/>
  <tag k="opening_hours" v="Mo-Su 04:00-22:00"/>
  <tag k="operator" v="Công ty TNHH Vận tải Sinh thái Vinbus"/>
  <tag k="public_transport:version" v="2"/>
  <tag k="ref" v="150"/>
  <tag k="route" v="bus"/>
  <tag k="to" v="Bến xe Miền Đông mới"/>
  <tag k="type" v="route"/>
 </relation>
 <relation id="17540728" visible="true" version="56" changeset="180518755" timestamp="2026-03-27T19:37:52Z" user="HoangQuanHDFPV" uid="22644759">
  <member type="node" ref="11755528622" role="platform"/>
  <member type="node" ref="6841128309" role="platform"/>
  <member type="node" ref="7183291636" role="platform"/>
  <member type="node" ref="11755184279" role="platform"/>
  <member type="node" ref="3148967606" role="platform"/>
  <member type="node" ref="11335586132" role="platform"/>
  <member type="node" ref="11337172377" role="platform"/>
  <member type="node" ref="11337172375" role="platform"/>
  <member type="node" ref="11337172379" role="platform"/>
  <member type="node" ref="11755184285" role="platform"/>
  <member type="node" ref="11337172374" role="platform"/>
  <member type="node" ref="11337172378" role="platform"/>
  <member type="node" ref="11704307870" role="platform"/>
  <member type="node" ref="11755184286" role="platform"/>
  <member type="node" ref="11755184287" role="platform"/>
  <member type="node" ref="2673074380" role="platform"/>
  <member type="node" ref="11755184289" role="platform"/>
  <member type="node" ref="11625828069" role="platform"/>
  <member type="node" ref="11755184290" role="platform"/>
  <member type="node" ref="11755184291" role="platform"/>
  <member type="node" ref="11782827574" role="platform"/>
  <member type="node" ref="1497313167" role="platform"/>
  <member type="node" ref="3162543049" role="platform"/>
  <member type="node" ref="5199014721" role="platform"/>
  <member type="node" ref="3180486883" role="platform"/>
  <member type="node" ref="11846011871" role="platform"/>
  <member type="node" ref="11846011872" role="platform"/>
  <member type="node" ref="11846011873" role="platform"/>
  <member type="node" ref="11773317348" role="platform"/>
  <member type="node" ref="11625810073" role="platform"/>
  <member type="node" ref="2341633617" role="platform"/>
  <member type="node" ref="3167004171" role="platform"/>
  <member type="node" ref="3167004172" role="platform"/>
  <member type="node" ref="3167004173" role="platform"/>
  <member type="node" ref="3164261851" role="platform"/>
  <member type="node" ref="3164261850" role="platform"/>
  <member type="node" ref="6315683491" role="platform"/>
  <member type="node" ref="3150775225" role="platform"/>
  <member type="node" ref="11868497851" role="platform"/>
  <member type="node" ref="8995419815" role="platform"/>
  <member type="node" ref="8995419816" role="platform"/>
  <member type="node" ref="11755184350" role="platform"/>
  <member type="node" ref="11755184351" role="platform"/>
  <member type="node" ref="9667135117" role="platform"/>
  <member type="node" ref="11755184300" role="platform"/>
  <member type="node" ref="3116315721" role="platform"/>
  <member type="node" ref="3116315722" role="platform"/>
  <member type="node" ref="11755184301" role="platform"/>
  <member type="node" ref="11753277688" role="platform_exit_only"/>
  <member type="node" ref="11755528623" role="platform"/>
  <member type="node" ref="11755184280" role="platform"/>
  <member type="node" ref="12451337730" role="platform"/>
  <member type="node" ref="4765785888" role="platform_entry_only"/>
  <member type="node" ref="11793308574" role="platform"/>
  <member type="node" ref="11789305173" role="platform"/>
  <member type="node" ref="11789305174" role="platform"/>
  <member type="node" ref="11755528619" role="platform"/>
  <member type="node" ref="13095375534" role="platform"/>
  <member type="way" ref="721973861" role=""/>
  <member type="way" ref="721973863" role=""/>
  <member type="way" ref="32588315" role=""/>
  <member type="way" ref="1289525932" role=""/>
  <member type="way" ref="721958956" role=""/>
  <member type="way" ref="32582341" role=""/>
  <member type="way" ref="1271931193" role=""/>
  <member type="way" ref="1160098469" role=""/>
  <member type="way" ref="1160098471" role=""/>
  <member type="way" ref="1160098468" role=""/>
  <member type="way" ref="1160098466" role=""/>
  <member type="way" ref="566557986" role=""/>
  <member type="way" ref="1012316328" role=""/>
  <member type="way" ref="743232322" role=""/>
  <member type="way" ref="1163316778" role=""/>
  <member type="way" ref="1163316774" role=""/>
  <member type="way" ref="1220817439" role=""/>
  <member type="way" ref="1411102033" role=""/>
  <member type="way" ref="1102615852" role=""/>
  <member type="way" ref="1102615854" role=""/>
  <member type="way" ref="743232319" role=""/>
  <member type="way" ref="1265525438" role=""/>
  <member type="way" ref="1315050998" role=""/>
  <member type="way" ref="1221477947" role=""/>
  <member type="way" ref="1221477948" role=""/>
  <member type="way" ref="32899358" role=""/>
  <member type="way" ref="1221478831" role=""/>
  <member type="way" ref="1221478835" role=""/>
  <member type="way" ref="1087001352" role=""/>
  <member type="way" ref="1346116875" role=""/>
  <member type="way" ref="1451410369" role=""/>
  <member type="way" ref="1319661272" role=""/>
  <member type="way" ref="1220429670" role=""/>
  <member type="way" ref="1087001353" role=""/>
  <member type="way" ref="1087001356" role=""/>
  <member type="way" ref="610137696" role=""/>
  <member type="way" ref="610137703" role=""/>
  <member type="way" ref="718505945" role=""/>
  <member type="way" ref="1463428417" role=""/>
  <member type="way" ref="610137706" role=""/>
  <member type="way" ref="1435980097" role=""/>
  <member type="way" ref="722051479" role=""/>
  <member type="way" ref="610137708" role=""/>
  <member type="way" ref="211840922" role=""/>
  <member type="way" ref="1270139985" role=""/>
  <member type="way" ref="218227253" role=""/>
  <member type="way" ref="722058131" role=""/>
  <member type="way" ref="1435977458" role=""/>
  <member type="way" ref="722058129" role=""/>
  <member type="way" ref="1435977459" role=""/>
  <member type="way" ref="722059136" role=""/>
  <member type="way" ref="1435976994" role=""/>
  <member type="way" ref="722059134" role=""/>
  <member type="way" ref="1435976993" role=""/>
  <member type="way" ref="722059133" role=""/>
  <member type="way" ref="606240980" role=""/>
  <member type="way" ref="722059828" role=""/>
  <member type="way" ref="1322795553" role=""/>
  <member type="way" ref="606240977" role=""/>
  <member type="way" ref="722308479" role=""/>
  <member type="way" ref="722308478" role=""/>
  <member type="way" ref="1435976980" role=""/>
  <member type="way" ref="236502610" role=""/>
  <member type="way" ref="192289449" role=""/>
  <member type="way" ref="1179893872" role=""/>
  <member type="way" ref="1179893877" role=""/>
  <member type="way" ref="1435974593" role=""/>
  <member type="way" ref="604469774" role=""/>
  <member type="way" ref="1104932698" role=""/>
  <member type="way" ref="604469777" role=""/>
  <member type="way" ref="1346116861" role=""/>
  <member type="way" ref="566594769" role=""/>
  <member type="way" ref="723560789" role=""/>
  <member type="way" ref="1435974587" role=""/>
  <member type="way" ref="1435974588" role=""/>
  <member type="way" ref="1220307737" role=""/>
  <member type="way" ref="1220307738" role=""/>
  <member type="way" ref="719495581" role=""/>
  <member type="way" ref="1220307329" role=""/>
  <member type="way" ref="1220307330" role=""/>
  <member type="way" ref="404353953" role=""/>
  <member type="way" ref="1343964570" role=""/>
  <member type="way" ref="404353952" role=""/>
  <member type="way" ref="1346116855" role=""/>
  <member type="way" ref="1274615190" role=""/>
  <member type="way" ref="1346116858" role=""/>
  <member type="way" ref="1278461447" role=""/>
  <member type="way" ref="1291185292" role=""/>
  <member type="way" ref="1278461448" role=""/>
  <member type="way" ref="1464490349" role=""/>
  <member type="way" ref="192289484" role=""/>
  <member type="way" ref="1424698019" role=""/>
  <member type="way" ref="1346116866" role=""/>
  <member type="way" ref="192289478" role=""/>
  <member type="way" ref="978724174" role=""/>
  <member type="way" ref="978724173" role=""/>
  <member type="way" ref="1344797769" role=""/>
  <member type="way" ref="1453156276" role=""/>
  <member type="way" ref="1434431137" role=""/>
  <member type="way" ref="1344797764" role=""/>
  <member type="way" ref="855212185" role=""/>
  <member type="way" ref="33103624" role=""/>
  <member type="way" ref="1265743196" role=""/>
  <member type="way" ref="55880235" role=""/>
  <member type="way" ref="1421503181" role=""/>
  <member type="way" ref="977523910" role=""/>
  <member type="way" ref="330532364" role=""/>
  <member type="way" ref="1278461429" role=""/>
  <member type="way" ref="1265471308" role=""/>
  <member type="way" ref="971692819" role=""/>
  <member type="way" ref="1265700913" role=""/>
  <member type="way" ref="192512353" role=""/>
  <member type="way" ref="192512312" role=""/>
  <member type="way" ref="192512363" role=""/>
  <member type="way" ref="326771003" role=""/>
  <member type="way" ref="211408041" role=""/>
  <member type="way" ref="35114264" role=""/>
  <member type="way" ref="1463428421" role=""/>
  <member type="way" ref="1493495956" role=""/>
  <member type="way" ref="189165798" role=""/>
  <member type="way" ref="408241500" role=""/>
  <member type="way" ref="1265700914" role=""/>
  <member type="way" ref="53553363" role=""/>
  <member type="way" ref="1412520603" role=""/>
  <member type="way" ref="1412520602" role=""/>
  <member type="way" ref="1057294234" role=""/>
  <member type="way" ref="326771004" role=""/>
  <member type="way" ref="1173852473" role=""/>
  <member type="way" ref="1413612401" role=""/>
  <member type="way" ref="1173852133" role=""/>
  <member type="way" ref="1185261855" role=""/>
  <member type="way" ref="1349944380" role=""/>
  <member type="way" ref="58871347" role=""/>
  <member type="way" ref="1267653586" role=""/>
  <member type="way" ref="1184372243" role=""/>
  <member type="way" ref="1267138238" role=""/>
  <member type="way" ref="326771005" role=""/>
  <member type="way" ref="327048052" role=""/>
  <member type="way" ref="1271931205" role=""/>
  <member type="way" ref="723852733" role=""/>
  <member type="way" ref="724469878" role=""/>
  <member type="way" ref="303754189" role=""/>
  <member type="way" ref="723880082" role=""/>
  <member type="way" ref="55884211" role=""/>
  <member type="way" ref="327181434" role=""/>
  <member type="way" ref="1185430805" role=""/>
  <member type="way" ref="723832757" role=""/>
  <member type="way" ref="327181433" role=""/>
  <member type="way" ref="721696780" role=""/>
  <member type="way" ref="721696781" role=""/>
  <member type="way" ref="1018414108" role=""/>
  <member type="way" ref="1018414101" role=""/>
  <member type="way" ref="1018414109" role=""/>
  <member type="way" ref="1018414106" role=""/>
  <member type="way" ref="1018414105" role=""/>
  <member type="way" ref="1374328015" role=""/>
  <member type="way" ref="1294683681" role=""/>
  <member type="way" ref="1294683683" role=""/>
  <member type="way" ref="1294654280" role=""/>
  <member type="way" ref="1374328016" role=""/>
  <member type="way" ref="1294685600" role=""/>
  <member type="way" ref="1294685602" role=""/>
  <member type="way" ref="1294685601" role=""/>
  <member type="way" ref="1265471311" role=""/>
  <member type="way" ref="1265471327" role=""/>
  <member type="way" ref="971692805" role=""/>
  <member type="way" ref="1265471328" role=""/>
  <member type="way" ref="1265471329" role=""/>
  <member type="way" ref="466900849" role=""/>
  <member type="way" ref="1173638566" role=""/>
  <member type="way" ref="1265471330" role=""/>
  <member type="way" ref="210268958" role=""/>
  <member type="way" ref="1179695684" role=""/>
  <member type="way" ref="717325443" role=""/>
  <member type="way" ref="717325442" role=""/>
  <member type="way" ref="1265525446" role=""/>
  <member type="way" ref="717325444" role=""/>
  <member type="way" ref="716809429" role=""/>
  <member type="way" ref="716914325" role=""/>
  <member type="way" ref="716809430" role=""/>
  <member type="way" ref="1226411265" role=""/>
  <member type="way" ref="717325440" role=""/>
  <member type="way" ref="717325439" role=""/>
  <member type="way" ref="715874486" role=""/>
  <member type="way" ref="715874487" role=""/>
  <member type="way" ref="1265822552" role=""/>
  <member type="way" ref="189017060" role=""/>
  <member type="way" ref="971692811" role=""/>
  <member type="way" ref="1265213595" role=""/>
  <member type="way" ref="1435980099" role=""/>
  <tag k="charge" v="7000 VND"/>
  <tag k="colour" v="#76C04D"/>
  <tag k="fee" v="yes"/>
  <tag k="from" v="Bến xe Miền Đông mới"/>
  <tag k="interval" v="00:10-00:15"/>
  <tag k="name" v="Bến xe Miền Đông mới - Bến xe Chợ Lớn"/>
  <tag k="network" v="Xe buýt Thành phố Hồ Chí Minh"/>
  <tag k="network:wikidata" v="Q30919670"/>
  <tag k="opening_hours" v="Mo-Su 04:00-22:00"/>
  <tag k="operator" v="Công ty TNHH Vận tải Sinh thái Vinbus"/>
  <tag k="public_transport:version" v="2"/>
  <tag k="ref" v="150"/>
  <tag k="route" v="bus"/>
  <tag k="to" v="Bến xe Chợ Lớn"/>
  <tag k="type" v="route"/>
 </relation>
 <relation id="17540729" visible="true" version="3" changeset="169815524" timestamp="2025-08-01T12:26:26Z" user="edumiz624" uid="20881381">
  <member type="relation" ref="17540727" role=""/>
  <member type="relation" ref="17540728" role=""/>
  <tag k="name" v="Bến xe Chợ Lớn - Bến xe Miền Đông mới"/>
  <tag k="network" v="Xe buýt Thành phố Hồ Chí Minh"/>
  <tag k="network:wikidata" v="Q30919670"/>
  <tag k="operator" v="Công ty TNHH Vận tải Sinh thái Vinbus"/>
  <tag k="ref" v="150"/>
  <tag k="route_master" v="bus"/>
  <tag k="type" v="route_master"/>
 </relation>
 <relation id="17541146" visible="true" version="59" changeset="179495467" timestamp="2026-03-07T14:39:06Z" user="edumiz624" uid="20881381">
  <member type="node" ref="11868700594" role="platform"/>
  <member type="node" ref="11868700659" role="platform"/>
  <member type="node" ref="11868700660" role="platform"/>
  <member type="node" ref="11868700661" role="platform"/>
  <member type="node" ref="11868700662" role="platform"/>
  <member type="node" ref="11775511387" role="platform"/>
  <member type="node" ref="11868700665" role="platform"/>
  <member type="node" ref="11868700660" role="platform"/>
  <member type="node" ref="11868700661" role="platform"/>
  <member type="node" ref="11755160660" role="platform"/>
  <member type="node" ref="11868700634" role="platform"/>
  <member type="node" ref="11868700590" role="platform"/>
  <member type="node" ref="11868700639" role="platform"/>
  <member type="node" ref="11898041250" role="platform"/>
  <member type="node" ref="11868700658" role="platform"/>
  <member type="node" ref="11868700648" role="platform"/>
  <member type="node" ref="11335586132" role="platform"/>
  <member type="node" ref="11755184272" role="platform"/>
  <member type="node" ref="3230448899" role="platform"/>
  <member type="node" ref="11753290076" role="platform"/>
  <member type="node" ref="11898041253" role="platform"/>
  <member type="node" ref="11898041251" role=""/>
  <member type="node" ref="11868700638" role=""/>
  <member type="node" ref="11898041252" role=""/>
  <member type="node" ref="11868700652" role=""/>
  <member type="way" ref="1344043035" role=""/>
  <member type="way" ref="1344043027" role=""/>
  <member type="way" ref="525277408" role=""/>
  <member type="way" ref="1006083160" role=""/>
  <member type="way" ref="166002619" role=""/>
  <member type="way" ref="166002623" role=""/>
  <member type="way" ref="1460600715" role=""/>
  <member type="way" ref="179122357" role=""/>
  <member type="way" ref="33574429" role=""/>
  <member type="way" ref="409014810" role=""/>
  <member type="way" ref="193085737" role=""/>
  <member type="way" ref="193085708" role=""/>
  <member type="way" ref="193085698" role=""/>
  <member type="way" ref="1218661462" role=""/>
  <member type="way" ref="817117939" role=""/>
  <member type="way" ref="1278461441" role=""/>
  <member type="way" ref="1040198356" role=""/>
  <member type="way" ref="817117940" role=""/>
  <member type="way" ref="193085712" role=""/>
  <member type="way" ref="193085717" role=""/>
  <member type="way" ref="193085687" role=""/>
  <member type="way" ref="58800534" role=""/>
  <member type="way" ref="166002618" role=""/>
  <member type="way" ref="525277409" role=""/>
  <member type="way" ref="166002624" role=""/>
  <member type="way" ref="166002621" role=""/>
  <member type="way" ref="1006083163" role=""/>
  <member type="way" ref="1353292076" role=""/>
  <member type="way" ref="1344797775" role=""/>
  <member type="way" ref="1267269197" role=""/>
  <member type="way" ref="977346736" role=""/>
  <member type="way" ref="604837661" role=""/>
  <member type="way" ref="192289472" role=""/>
  <member type="way" ref="306073180" role=""/>
  <member type="way" ref="1428979983" role=""/>
  <member type="way" ref="1346116868" role=""/>
  <member type="way" ref="1267913061" role=""/>
  <member type="way" ref="1449459857" role=""/>
  <member type="way" ref="1451410365" role=""/>
  <member type="way" ref="192289476" role=""/>
  <member type="way" ref="1343964564" role=""/>
  <member type="way" ref="1228548749" role=""/>
  <member type="way" ref="1441950911" role=""/>
  <member type="way" ref="1435974581" role=""/>
  <member type="way" ref="1441950913" role=""/>
  <member type="way" ref="404351362" role=""/>
  <member type="way" ref="1435974584" role=""/>
  <member type="way" ref="587812525" role=""/>
  <member type="way" ref="719495577" role=""/>
  <member type="way" ref="604499634" role=""/>
  <member type="way" ref="719494696" role=""/>
  <member type="way" ref="566588297" role=""/>
  <member type="way" ref="566588298" role=""/>
  <member type="way" ref="1322906343" role=""/>
  <member type="way" ref="192289502" role=""/>
  <member type="way" ref="192289456" role=""/>
  <member type="way" ref="1435974595" role=""/>
  <member type="way" ref="719494703" role=""/>
  <member type="way" ref="1435976975" role=""/>
  <member type="way" ref="1486306987" role=""/>
  <member type="way" ref="719488944" role=""/>
  <member type="way" ref="719488941" role=""/>
  <member type="way" ref="192289446" role=""/>
  <member type="way" ref="1179893875" role=""/>
  <member type="way" ref="1435976985" role=""/>
  <member type="way" ref="723889912" role=""/>
  <member type="way" ref="723889914" role=""/>
  <member type="way" ref="1322795556" role=""/>
  <member type="way" ref="723889913" role=""/>
  <member type="way" ref="191937834" role=""/>
  <member type="way" ref="1263684138" role=""/>
  <member type="way" ref="1263684130" role=""/>
  <member type="way" ref="1263684135" role=""/>
  <member type="way" ref="719482081" role=""/>
  <member type="way" ref="330532348" role=""/>
  <member type="way" ref="1228592565" role=""/>
  <member type="way" ref="720360984" role=""/>
  <member type="way" ref="404368564" role=""/>
  <member type="way" ref="719494700" role=""/>
  <member type="way" ref="1269264063" role=""/>
  <member type="way" ref="719482084" role=""/>
  <member type="way" ref="719462303" role=""/>
  <member type="way" ref="1435980094" role=""/>
  <member type="way" ref="404368566" role=""/>
  <member type="way" ref="1141872934" role=""/>
  <member type="way" ref="1141872937" role=""/>
  <member type="way" ref="718505943" role=""/>
  <member type="way" ref="718505944" role=""/>
  <member type="way" ref="1235783457" role=""/>
  <member type="way" ref="1235783458" role=""/>
  <member type="way" ref="722562971" role=""/>
  <member type="way" ref="719434996" role=""/>
  <member type="way" ref="719435001" role=""/>
  <member type="way" ref="719434999" role=""/>
  <member type="way" ref="719434997" role=""/>
  <member type="way" ref="719435002" role=""/>
  <member type="way" ref="722562967" role=""/>
  <member type="way" ref="722562968" role=""/>
  <member type="way" ref="722562965" role=""/>
  <member type="way" ref="722562969" role=""/>
  <member type="way" ref="722562962" role=""/>
  <member type="way" ref="722562963" role=""/>
  <member type="way" ref="722562959" role=""/>
  <member type="way" ref="722562960" role=""/>
  <member type="way" ref="722562956" role=""/>
  <member type="way" ref="722562957" role=""/>
  <member type="way" ref="722562953" role=""/>
  <member type="way" ref="722562954" role=""/>
  <member type="way" ref="191937836" role=""/>
  <member type="way" ref="722565061" role=""/>
  <member type="way" ref="211843432" role=""/>
  <member type="way" ref="261043957" role=""/>
  <member type="way" ref="719427566" role=""/>
  <member type="way" ref="719427562" role=""/>
  <member type="way" ref="719427563" role=""/>
  <member type="way" ref="719421588" role=""/>
  <member type="way" ref="719421589" role=""/>
  <member type="way" ref="723826475" role=""/>
  <member type="way" ref="261043959" role=""/>
  <member type="way" ref="719417614" role=""/>
  <member type="way" ref="719417612" role=""/>
  <member type="way" ref="719417615" role=""/>
  <member type="way" ref="1023254212" role=""/>
  <member type="way" ref="719417616" role=""/>
  <member type="way" ref="1344344464" role=""/>
  <member type="way" ref="1278461444" role=""/>
  <member type="way" ref="1278461381" role=""/>
  <member type="way" ref="1278461399" role=""/>
  <member type="way" ref="1344344465" role=""/>
  <member type="way" ref="315899300" role=""/>
  <member type="way" ref="1344344474" role=""/>
  <member type="way" ref="315899293" role=""/>
  <member type="way" ref="315899303" role=""/>
  <member type="way" ref="315899296" role=""/>
  <member type="way" ref="986520607" role=""/>
  <member type="way" ref="315899302" role=""/>
  <member type="way" ref="32899364" role=""/>
  <member type="way" ref="1272555648" role=""/>
  <member type="way" ref="723538181" role=""/>
  <member type="way" ref="32583376" role=""/>
  <member type="way" ref="292072052" role=""/>
  <member type="way" ref="1215959106" role=""/>
  <member type="way" ref="32899386" role=""/>
  <member type="way" ref="1187210564" role=""/>
  <member type="way" ref="1427314732" role=""/>
  <member type="way" ref="35114854" role=""/>
  <member type="way" ref="327181429" role=""/>
  <member type="way" ref="326848004" role=""/>
  <member type="way" ref="306072865" role=""/>
  <member type="way" ref="1046359810" role=""/>
  <member type="way" ref="1049175314" role=""/>
  <member type="way" ref="1083439171" role=""/>
  <member type="way" ref="1083439166" role=""/>
  <member type="way" ref="1144581243" role=""/>
  <member type="way" ref="1040378572" role=""/>
  <member type="way" ref="817277696" role=""/>
  <member type="way" ref="1219331095" role=""/>
  <member type="way" ref="1353292075" role=""/>
  <member type="way" ref="693339049" role=""/>
  <member type="way" ref="693339049" role=""/>
  <member type="way" ref="1353292075" role=""/>
  <member type="way" ref="1278461441" role=""/>
  <member type="way" ref="817117939" role=""/>
  <member type="way" ref="1278461431" role=""/>
  <member type="way" ref="1056107917" role=""/>
  <member type="way" ref="1125220757" role=""/>
  <member type="way" ref="459597457" role=""/>
  <member type="way" ref="1242685478" role=""/>
  <member type="way" ref="1187537970" role=""/>
  <member type="way" ref="1178233766" role=""/>
  <member type="way" ref="1343964593" role=""/>
  <member type="way" ref="1343964594" role=""/>
  <member type="way" ref="690160065" role=""/>
  <member type="way" ref="329878178" role=""/>
  <member type="way" ref="1278461437" role=""/>
  <member type="way" ref="1278461436" role=""/>
  <member type="way" ref="1278461439" role=""/>
  <member type="way" ref="326848030" role=""/>
  <member type="way" ref="1308971677" role=""/>
  <member type="way" ref="1343964590" role=""/>
  <member type="way" ref="1353292075" role=""/>
  <member type="way" ref="693339049" role=""/>
  <member type="way" ref="693339049" role=""/>
  <member type="way" ref="1353292075" role=""/>
  <member type="way" ref="1353292078" role=""/>
  <member type="way" ref="842713229" role=""/>
  <member type="way" ref="1278461424" role=""/>
  <member type="way" ref="1160221297" role=""/>
  <member type="way" ref="516578095" role=""/>
  <member type="way" ref="1278461428" role=""/>
  <member type="way" ref="1278461428" role=""/>
  <member type="way" ref="516578095" role=""/>
  <member type="way" ref="1160221297" role=""/>
  <member type="way" ref="1278461424" role=""/>
  <member type="way" ref="842713229" role=""/>
  <member type="way" ref="1353292078" role=""/>
  <member type="way" ref="1278461423" role=""/>
  <member type="way" ref="1278461423" role=""/>
  <member type="way" ref="720361263" role=""/>
  <member type="way" ref="1137128326" role=""/>
  <member type="way" ref="1272225923" role=""/>
  <member type="way" ref="723249849" role=""/>
  <member type="way" ref="1270828726" role=""/>
  <member type="way" ref="722357075" role=""/>
  <member type="way" ref="191937846" role=""/>
  <member type="way" ref="1344344440" role=""/>
  <member type="way" ref="1215956912" role=""/>
  <member type="way" ref="1215957881" role=""/>
  <member type="way" ref="1215956911" role=""/>
  <member type="way" ref="704892961" role=""/>
  <member type="way" ref="1273081476" role=""/>
  <member type="way" ref="1273081475" role=""/>
  <member type="way" ref="607249905" role=""/>
  <member type="way" ref="724081802" role=""/>
  <member type="way" ref="724081804" role=""/>
  <member type="way" ref="722361739" role=""/>
  <member type="way" ref="724079954" role=""/>
  <member type="way" ref="724106903" role=""/>
  <member type="way" ref="724079955" role=""/>
  <member type="way" ref="722547009" role=""/>
  <member type="way" ref="722361727" role=""/>
  <member type="way" ref="722361728" role=""/>
  <member type="way" ref="607221723" role=""/>
  <member type="way" ref="723251389" role=""/>
  <member type="way" ref="1278461379" role=""/>
  <member type="way" ref="607221725" role=""/>
  <member type="way" ref="723249435" role=""/>
  <member type="way" ref="1269264075" role=""/>
  <member type="way" ref="1272555648" role=""/>
  <member type="way" ref="723538181" role=""/>
  <member type="way" ref="32583376" role=""/>
  <member type="way" ref="292072052" role=""/>
  <member type="way" ref="1215959106" role=""/>
  <member type="way" ref="32899386" role=""/>
  <member type="way" ref="1187210564" role=""/>
  <member type="way" ref="1427314732" role=""/>
  <member type="way" ref="1223367840" role=""/>
  <member type="way" ref="1114959099" role=""/>
  <member type="way" ref="1114959097" role=""/>
  <member type="way" ref="1229275092" role=""/>
  <member type="way" ref="1229275093" role=""/>
  <member type="way" ref="1223367841" role=""/>
  <member type="way" ref="1473686291" role=""/>
  <member type="way" ref="1278461419" role=""/>
  <member type="way" ref="1164330490" role=""/>
  <member type="way" ref="853105078" role=""/>
  <member type="way" ref="830863498" role=""/>
  <member type="way" ref="830863500" role=""/>
  <member type="way" ref="830863502" role=""/>
  <member type="way" ref="1278461377" role=""/>
  <member type="way" ref="1034992771" role=""/>
  <member type="way" ref="830863493" role=""/>
  <member type="way" ref="1034992774" role=""/>
  <member type="way" ref="1278461378" role=""/>
  <member type="way" ref="1187210566" role=""/>
  <member type="way" ref="32899387" role=""/>
  <member type="way" ref="1278461378" role=""/>
  <member type="way" ref="1278461401" role=""/>
  <member type="way" ref="1278461410" role=""/>
  <member type="way" ref="1034992773" role=""/>
  <member type="way" ref="831917533" role=""/>
  <member type="way" ref="1034992772" role=""/>
  <member type="way" ref="1278461402" role=""/>
  <member type="way" ref="830863501" role=""/>
  <member type="way" ref="830863499" role=""/>
  <member type="way" ref="1278461411" role=""/>
  <member type="way" ref="830863497" role=""/>
  <member type="way" ref="1164330489" role=""/>
  <member type="way" ref="1164330491" role=""/>
  <member type="way" ref="1278461419" role=""/>
  <member type="way" ref="1164330492" role=""/>
  <member type="way" ref="1473686292" role=""/>
  <member type="way" ref="830863495" role=""/>
  <member type="way" ref="1278461413" role=""/>
  <member type="way" ref="1278461445" role=""/>
  <member type="way" ref="1114959100" role=""/>
  <member type="way" ref="1278461416" role=""/>
  <member type="way" ref="1278461403" role=""/>
  <member type="way" ref="1278461446" role=""/>
  <member type="way" ref="1278461404" role=""/>
  <member type="way" ref="1278461404" role=""/>
  <member type="way" ref="1006083161" role=""/>
  <member type="way" ref="1344797770" role=""/>
  <member type="way" ref="1194174225" role=""/>
  <member type="way" ref="1344797761" role=""/>
  <member type="way" ref="1344797767" role=""/>
  <member type="way" ref="1344043030" role=""/>
  <member type="way" ref="59986387" role=""/>
  <member type="way" ref="53551190" role=""/>
  <member type="way" ref="192512371" role=""/>
  <member type="way" ref="330532283" role=""/>
  <member type="way" ref="192512337" role=""/>
  <member type="way" ref="1421503180" role=""/>
  <member type="way" ref="978724173" role=""/>
  <member type="way" ref="978724174" role=""/>
  <member type="way" ref="192289478" role=""/>
  <member type="way" ref="1346116866" role=""/>
  <member type="way" ref="1424698019" role=""/>
  <member type="way" ref="192289484" role=""/>
  <member type="way" ref="1237961749" role=""/>
  <member type="way" ref="256679225" role=""/>
  <member type="way" ref="1343716423" role=""/>
  <member type="way" ref="1343716424" role=""/>
  <member type="way" ref="604423357" role=""/>
  <member type="way" ref="1291185292" role=""/>
  <member type="way" ref="1278461447" role=""/>
  <member type="way" ref="1346116858" role=""/>
  <member type="way" ref="1274615190" role=""/>
  <member type="way" ref="1346116855" role=""/>
  <member type="way" ref="404353952" role=""/>
  <member type="way" ref="1343964570" role=""/>
  <member type="way" ref="404353953" role=""/>
  <member type="way" ref="1220307330" role=""/>
  <member type="way" ref="1220307329" role=""/>
  <member type="way" ref="719495581" role=""/>
  <member type="way" ref="1220307738" role=""/>
  <member type="way" ref="1220307737" role=""/>
  <member type="way" ref="1435974588" role=""/>
  <member type="way" ref="1435974587" role=""/>
  <member type="way" ref="723560789" role=""/>
  <member type="way" ref="566594769" role=""/>
  <member type="way" ref="1346116861" role=""/>
  <member type="way" ref="604469777" role=""/>
  <member type="way" ref="1104932698" role=""/>
  <member type="way" ref="604469774" role=""/>
  <member type="way" ref="1435974593" role=""/>
  <member type="way" ref="1179893877" role=""/>
  <member type="way" ref="1179893872" role=""/>
  <member type="way" ref="192289449" role=""/>
  <member type="way" ref="236502610" role=""/>
  <member type="way" ref="1435976980" role=""/>
  <member type="way" ref="722308478" role=""/>
  <member type="way" ref="722308479" role=""/>
  <member type="way" ref="606240977" role=""/>
  <member type="way" ref="1322795553" role=""/>
  <member type="way" ref="722059828" role=""/>
  <member type="way" ref="606240980" role=""/>
  <member type="way" ref="722059133" role=""/>
  <member type="way" ref="1435976993" role=""/>
  <member type="way" ref="722059134" role=""/>
  <member type="way" ref="1435976994" role=""/>
  <member type="way" ref="722059136" role=""/>
  <member type="way" ref="1435977459" role=""/>
  <member type="way" ref="722058129" role=""/>
  <member type="way" ref="1435977458" role=""/>
  <member type="way" ref="722058131" role=""/>
  <member type="way" ref="218227253" role=""/>
  <member type="way" ref="1270139985" role=""/>
  <member type="way" ref="1267040018" role=""/>
  <member type="way" ref="58800536" role=""/>
  <member type="way" ref="842714595" role=""/>
  <member type="way" ref="693659216" role=""/>
  <member type="way" ref="1155257523" role=""/>
  <member type="way" ref="1155257524" role=""/>
  <member type="way" ref="1219666744" role=""/>
  <member type="way" ref="1219666745" role=""/>
  <member type="way" ref="1267040017" role=""/>
  <member type="way" ref="1173241924" role=""/>
  <member type="way" ref="136505783" role=""/>
  <member type="way" ref="842713228" role=""/>
  <member type="way" ref="842713228" role=""/>
  <member type="way" ref="504571780" role=""/>
  <member type="way" ref="504571780" role=""/>
  <member type="way" ref="32587705" role=""/>
  <member type="way" ref="32587705" role=""/>
  <member type="way" ref="1421503181" role=""/>
  <member type="way" ref="1421503181" role=""/>
  <member type="way" ref="55880235" role=""/>
  <member type="way" ref="1265743196" role=""/>
  <member type="way" ref="33103624" role=""/>
  <member type="way" ref="855212185" role=""/>
  <member type="way" ref="1344797764" role=""/>
  <member type="way" ref="1434431137" role=""/>
  <member type="way" ref="977523910" role=""/>
  <member type="way" ref="1278461375" role=""/>
  <member type="way" ref="838402733" role=""/>
  <member type="way" ref="838402733" role=""/>
  <member type="way" ref="1278461375" role=""/>
  <member type="way" ref="1435976976" role=""/>
  <tag k="fee" v="no"/>
  <tag k="from" v="Công viên Vinhome Grand Park"/>
  <tag k="interval" v="00:15-00:20"/>
  <tag k="name" v="Grand Park 03"/>
  <tag k="network" v="Xe buýt Thành phố Hồ Chí Minh"/>
  <tag k="network:wikidata" v="Q30919670"/>
  <tag k="opening_hours" v="Mo-Su 05:00-21:00"/>
  <tag k="operator" v="Công ty TNHH Vận tải Sinh thái Vinbus"/>
  <tag k="public_transport:version" v="2"/>
  <tag k="ref" v="GRP03"/>
  <tag k="roundtrip" v="yes"/>
  <tag k="route" v="bus"/>
  <tag k="to" v="Công viên Vinhome Grand Park"/>
  <tag k="type" v="route"/>
 </relation>
 <relation id="18434969" visible="true" version="4" changeset="170466624" timestamp="2025-08-15T07:25:51Z" user="Claudius Henrichs" uid="18069">
  <member type="node" ref="11586280298" role=""/>
  <member type="node" ref="2890940318" role="stop"/>
  <member type="node" ref="11586280314" role="stop"/>
  <member type="way" ref="1344366433" role="platform"/>
  <member type="way" ref="1344366432" role="platform"/>
  <member type="way" ref="1118165498" role=""/>
  <member type="node" ref="12932461107" role=""/>
  <tag k="name" v="Công viên Văn Thánh"/>
  <tag k="name:de" v="Park Văn Thánh"/>
  <tag k="name:en" v="Van Thanh Park"/>
  <tag k="name:fr" v="Parc Văn Thánh"/>
  <tag k="name:nl" v="Văn Thánhpark"/>
  <tag k="network" v="Ho Chi Minh City Metro"/>
  <tag k="operator" v="Ban quản lý Đường sắt đô thị Thành phố Hồ Chí Minh"/>
  <tag k="public_transport" v="stop_area"/>
  <tag k="ref" v="L104"/>
  <tag k="type" v="public_transport"/>
 </relation>
 <relation id="18434970" visible="true" version="4" changeset="178889837" timestamp="2026-02-22T09:03:16Z" user="Claudius Henrichs" uid="18069">
  <member type="node" ref="11586280299" role=""/>
  <member type="node" ref="11586280317" role="stop"/>
  <member type="node" ref="11586280315" role="stop"/>
  <member type="node" ref="11586280316" role="stop"/>
  <member type="node" ref="11586280318" role="stop"/>
  <member type="way" ref="875450361" role="platform"/>
  <member type="way" ref="875450360" role="platform"/>
  <member type="node" ref="12942164869" role=""/>
  <member type="node" ref="12942164875" role=""/>
  <member type="node" ref="12942164871" role=""/>
  <tag k="name" v="Ga Tân Cảng"/>
  <tag k="name:en" v="Tan Cang Station"/>
  <tag k="network" v="Ho Chi Minh City Metro"/>
  <tag k="operator" v="Ban quản lý Đường sắt đô thị Thành phố Hồ Chí Minh"/>
  <tag k="public_transport" v="stop_area"/>
  <tag k="ref" v="L105"/>
  <tag k="type" v="public_transport"/>
 </relation>
 <relation id="18434971" visible="true" version="3" changeset="176409836" timestamp="2025-12-25T21:14:51Z" user="Tommybara" uid="12198525">
  <member type="node" ref="11586280319" role="stop"/>
  <member type="node" ref="11586280320" role="stop"/>
  <member type="node" ref="11586280300" role=""/>
  <member type="way" ref="1344366435" role="platform"/>
  <member type="way" ref="1344366434" role="platform"/>
  <member type="node" ref="12944888669" role=""/>
  <member type="node" ref="12432977327" role=""/>
  <member type="node" ref="12491831905" role=""/>
  <tag k="name" v="Ga Thảo Điền"/>
  <tag k="name:en" v="Thao Dien Station"/>
  <tag k="network" v="Ho Chi Minh City Metro"/>
  <tag k="operator" v="Ban quản lý Đường sắt đô thị Thành phố Hồ Chí Minh"/>
  <tag k="public_transport" v="stop_area"/>
  <tag k="ref" v="L106"/>
  <tag k="type" v="public_transport"/>
 </relation>
 <relation id="18434972" visible="true" version="5" changeset="176409836" timestamp="2025-12-25T21:14:51Z" user="Tommybara" uid="12198525">
  <member type="node" ref="11586280301" role=""/>
  <member type="node" ref="11586280321" role="stop"/>
  <member type="node" ref="11586280322" role="stop"/>
  <member type="way" ref="1344366436" role="platform"/>
  <member type="node" ref="12942117394" role=""/>
  <member type="node" ref="13406520633" role=""/>
  <member type="node" ref="12944963858" role=""/>
  <tag k="name" v="Ga An Phú"/>
  <tag k="name:en" v="An Phu Station"/>
  <tag k="network" v="Ho Chi Minh City Metro"/>
  <tag k="operator" v="Ban quản lý Đường sắt đô thị Thành phố Hồ Chí Minh"/>
  <tag k="public_transport" v="stop_area"/>
  <tag k="ref" v="L107"/>
  <tag k="type" v="public_transport"/>
 </relation>
 <relation id="18434973" visible="true" version="4" changeset="176414276" timestamp="2025-12-26T00:53:51Z" user="Tommybara" uid="12198525">
  <member type="node" ref="11586280302" role=""/>
  <member type="node" ref="9733886370" role="stop"/>
  <member type="node" ref="9733886226" role="stop"/>
  <member type="way" ref="1344366437" role="platform"/>
  <member type="way" ref="1344366438" role="platform"/>
  <member type="node" ref="12944973155" role=""/>
  <member type="node" ref="11845765002" role=""/>
  <tag k="name" v="Ga Rạch Chiếc"/>
  <tag k="name:en" v="Rach Chiec Station"/>
  <tag k="network" v="Ho Chi Minh City Metro"/>
  <tag k="operator" v="Ban quản lý Đường sắt đô thị Thành phố Hồ Chí Minh"/>
  <tag k="public_transport" v="stop_area"/>
  <tag k="ref" v="L108"/>
  <tag k="type" v="public_transport"/>
 </relation>
 <relation id="18434974" visible="true" version="3" changeset="178761910" timestamp="2026-02-19T09:25:06Z" user="Claudius Henrichs" uid="18069">
  <member type="node" ref="11586280303" role=""/>
  <member type="node" ref="11586280323" role="stop"/>
  <member type="node" ref="11586280324" role="stop"/>
  <member type="way" ref="1344560379" role="platform"/>
  <member type="way" ref="1344560378" role="platform"/>
  <member type="node" ref="11845765017" role=""/>
  <tag k="name" v="Ga Phước Long"/>
  <tag k="name:en" v="Phuoc Long Station"/>
  <tag k="network" v="Ho Chi Minh City Metro"/>
  <tag k="operator" v="Ban quản lý Đường sắt đô thị Thành phố Hồ Chí Minh"/>
  <tag k="public_transport" v="stop_area"/>
  <tag k="ref" v="L109"/>
  <tag k="type" v="public_transport"/>
 </relation>
 <relation id="18434975" visible="true" version="3" changeset="178761844" timestamp="2026-02-19T09:23:54Z" user="Claudius Henrichs" uid="18069">
  <member type="node" ref="11586280304" role=""/>
  <member type="node" ref="11586280325" role="stop"/>
  <member type="node" ref="11586280326" role="stop"/>
  <member type="way" ref="1344560381" role="platform"/>
  <member type="way" ref="1344560380" role="platform"/>
  <member type="node" ref="11845612432" role=""/>
  <tag k="name" v="Ga Bình Thái"/>
  <tag k="name:en" v="Binh Thai Station"/>
  <tag k="network" v="Ho Chi Minh City Metro"/>
  <tag k="operator" v="Ban quản lý Đường sắt đô thị Thành phố Hồ Chí Minh"/>
  <tag k="public_transport" v="stop_area"/>
  <tag k="ref" v="L110"/>
  <tag k="type" v="public_transport"/>
 </relation>
 <relation id="18434976" visible="true" version="3" changeset="178761947" timestamp="2026-02-19T09:25:48Z" user="Claudius Henrichs" uid="18069">
  <member type="node" ref="11586280327" role=""/>
  <member type="node" ref="11586280329" role="stop"/>
  <member type="node" ref="11586280328" role="stop"/>
  <member type="way" ref="1344560383" role="platform"/>
  <member type="way" ref="1344560382" role="platform"/>
  <member type="node" ref="13406520626" role=""/>
  <member type="node" ref="13447663340" role=""/>
  <tag k="name" v="Ga Thủ Đức"/>
  <tag k="name:en" v="Thu Duc Station"/>
  <tag k="network" v="Ho Chi Minh City Metro"/>
  <tag k="operator" v="Ban quản lý Đường sắt đô thị Thành phố Hồ Chí Minh"/>
  <tag k="public_transport" v="stop_area"/>
  <tag k="ref" v="L111"/>
  <tag k="type" v="public_transport"/>
 </relation>
 <relation id="18434977" visible="true" version="3" changeset="178761880" timestamp="2026-02-19T09:24:40Z" user="Claudius Henrichs" uid="18069">
  <member type="node" ref="11586280305" role=""/>
  <member type="node" ref="11586280330" role="stop"/>
  <member type="node" ref="11586280331" role="stop"/>
  <member type="way" ref="1344560384" role="platform"/>
  <member type="way" ref="1344560385" role="platform"/>
  <member type="node" ref="11845612433" role=""/>
  <member type="node" ref="13112006655" role=""/>
  <tag k="name" v="Ga Khu Công Nghệ Cao"/>
  <tag k="name:en" v="High Tech Park Station"/>
  <tag k="network" v="Ho Chi Minh City Metro"/>
  <tag k="operator" v="Ban quản lý Đường sắt đô thị Thành phố Hồ Chí Minh"/>
  <tag k="public_transport" v="stop_area"/>
  <tag k="ref" v="L112"/>
  <tag k="type" v="public_transport"/>
 </relation>
 <relation id="18434978" visible="true" version="3" changeset="176409836" timestamp="2025-12-25T21:14:51Z" user="Tommybara" uid="12198525">
  <member type="node" ref="11586280332" role="stop"/>
  <member type="node" ref="11586280333" role="stop"/>
  <member type="node" ref="11586280306" role=""/>
  <member type="way" ref="1344560387" role="platform"/>
  <member type="way" ref="1344560386" role="platform"/>
  <member type="node" ref="13406520624" role=""/>
  <member type="node" ref="13097684021" role=""/>
  <member type="node" ref="13097674764" role=""/>
  <tag k="name" v="Ga Đại Học Quốc Gia"/>
  <tag k="name:en" v="National University Station"/>
  <tag k="network" v="Ho Chi Minh City Metro"/>
  <tag k="operator" v="Ban quản lý Đường sắt đô thị Thành phố Hồ Chí Minh"/>
  <tag k="public_transport" v="stop_area"/>
  <tag k="ref" v="L113"/>
  <tag k="type" v="public_transport"/>
 </relation>
 <relation id="18434979" visible="true" version="3" changeset="170466567" timestamp="2025-08-15T07:24:19Z" user="Claudius Henrichs" uid="18069">
  <member type="node" ref="11586280307" role=""/>
  <member type="node" ref="11586280334" role="stop"/>
  <member type="node" ref="11586280335" role="stop"/>
  <member type="way" ref="875447341" role="platform"/>
  <member type="node" ref="12942121403" role=""/>
  <member type="node" ref="12942121404" role=""/>
  <tag k="name" v="Ga Bến Xe Suối Tiên"/>
  <tag k="name:en" v="Suoi Tien Terminal Station"/>
  <tag k="network" v="Ho Chi Minh City Metro"/>
  <tag k="operator" v="Ban quản lý Đường sắt đô thị Thành phố Hồ Chí Minh"/>
  <tag k="public_transport" v="stop_area"/>
  <tag k="ref" v="L114"/>
  <tag k="type" v="public_transport"/>
 </relation>
 <relation id="18445408" visible="true" version="7" changeset="179993773" timestamp="2026-03-17T09:28:27Z" user="edumiz624" uid="20881381">
  <member type="node" ref="13423568902" role="platform_entry_only"/>
  <member type="way" ref="191937851" role=""/>
  <member type="way" ref="304558493" role=""/>
  <member type="way" ref="1463428424" role=""/>
  <member type="way" ref="1489694988" role=""/>
  <member type="way" ref="1419189305" role=""/>
  <member type="way" ref="1419189311" role=""/>
  <member type="way" ref="408193287" role=""/>
  <member type="way" ref="566577331" role=""/>
  <member type="way" ref="1215970290" role=""/>
  <member type="way" ref="720361261" role=""/>
  <member type="way" ref="720361262" role=""/>
  <member type="way" ref="722556033" role=""/>
  <member type="way" ref="722556034" role=""/>
  <member type="way" ref="191937848" role=""/>
  <member type="way" ref="1270828724" role=""/>
  <member type="way" ref="722357075" role=""/>
  <member type="way" ref="191937846" role=""/>
  <member type="way" ref="1344344440" role=""/>
  <member type="way" ref="1215956912" role=""/>
  <member type="way" ref="1215957881" role=""/>
  <member type="way" ref="1215956911" role=""/>
  <member type="way" ref="704892961" role=""/>
  <member type="way" ref="1273081476" role=""/>
  <member type="way" ref="1273081475" role=""/>
  <member type="way" ref="724068830" role=""/>
  <member type="way" ref="724068939" role=""/>
  <member type="way" ref="722542337" role=""/>
  <member type="way" ref="724070776" role=""/>
  <member type="way" ref="724070773" role=""/>
  <member type="way" ref="724070771" role=""/>
  <member type="way" ref="724070770" role=""/>
  <member type="way" ref="724070767" role=""/>
  <member type="way" ref="1272225922" role=""/>
  <member type="way" ref="724070766" role=""/>
  <member type="way" ref="1137128336" role=""/>
  <member type="way" ref="607249927" role=""/>
  <member type="way" ref="1344344439" role=""/>
  <member type="way" ref="722545278" role=""/>
  <member type="way" ref="1273081475" role=""/>
  <member type="way" ref="1273081476" role=""/>
  <member type="way" ref="704892961" role=""/>
  <member type="way" ref="1215956911" role=""/>
  <member type="way" ref="1215957881" role=""/>
  <member type="way" ref="1215956912" role=""/>
  <member type="way" ref="1344344440" role=""/>
  <member type="way" ref="606920718" role=""/>
  <member type="way" ref="606920703" role=""/>
  <member type="way" ref="1187589295" role=""/>
  <member type="way" ref="1344344441" role=""/>
  <member type="way" ref="306170804" role=""/>
  <member type="way" ref="722357078" role=""/>
  <member type="way" ref="1344344446" role=""/>
  <member type="way" ref="1215973361" role=""/>
  <member type="way" ref="723589731" role=""/>
  <member type="way" ref="1213004142" role=""/>
  <member type="way" ref="723589732" role=""/>
  <member type="way" ref="227300545" role=""/>
  <member type="way" ref="227300542" role=""/>
  <member type="way" ref="723589732" role=""/>
  <member type="way" ref="722334434" role=""/>
  <member type="way" ref="722552398" role=""/>
  <member type="way" ref="503156453" role=""/>
  <member type="way" ref="1271944491" role=""/>
  <member type="way" ref="720320620" role=""/>
  <member type="way" ref="1263684133" role=""/>
  <member type="way" ref="1263684132" role=""/>
  <member type="way" ref="720320622" role=""/>
  <member type="node" ref="2024973266" role="platform"/>
  <member type="node" ref="3185949681" role="platform"/>
  <member type="node" ref="3185949682" role="platform"/>
  <member type="node" ref="11789253360" role="platform"/>
  <member type="node" ref="11789253361" role="platform"/>
  <member type="node" ref="3185949683" role="platform"/>
  <member type="node" ref="3185949684" role="platform"/>
  <member type="node" ref="3185949685" role="platform"/>
  <member type="node" ref="12216140086" role="platform"/>
  <member type="node" ref="11813897510" role="platform"/>
  <member type="node" ref="11813897511" role="platform"/>
  <member type="node" ref="11813897512" role="platform"/>
  <member type="node" ref="11813897513" role="platform"/>
  <member type="node" ref="11813897514" role="platform"/>
  <member type="node" ref="11813897515" role="platform"/>
  <member type="node" ref="11793308586" role="platform"/>
  <member type="node" ref="11793308587" role="platform"/>
  <member type="node" ref="4269790394" role="platform"/>
  <member type="node" ref="12437015540" role="platform"/>
  <member type="node" ref="12437015541" role="platform"/>
  <member type="node" ref="12437015542" role="platform"/>
  <member type="node" ref="12871242827" role="platform"/>
  <member type="node" ref="12437015543" role="platform"/>
  <member type="node" ref="13423568905" role="platform"/>
  <member type="node" ref="12437015544" role="platform"/>
  <member type="node" ref="12871242825" role="platform"/>
  <member type="node" ref="12437015545" role="platform"/>
  <member type="node" ref="12437015530" role="platform_exit_only"/>
  <member type="node" ref="13654284971" role="platform"/>
  <tag k="charge" v="5000 VND"/>
  <tag k="colour" v="#008080"/>
  <tag k="fee" v="yes"/>
  <tag k="from" v="Ga Thủ Đức"/>
  <tag k="interval" v="00:10-00:15"/>
  <tag k="name" v="Ga Thủ Đức - Chung cư Man Thiện - Ga Bình Thái"/>
  <tag k="network" v="Xe buýt Thành phố Hồ Chí Minh"/>
  <tag k="network:wikidata" v="Q30919670"/>
  <tag k="opening_hours" v="Mo-Su 05:00-22:05"/>
  <tag k="operator" v="Công ty Cổ phần Xe khách Phương Trang - FUTA Bus Lines"/>
  <tag k="ref" v="162"/>
  <tag k="route" v="bus"/>
  <tag k="to" v="Ga Bình Thái"/>
  <tag k="type" v="route"/>
  <tag k="via" v="Chung cư Man Thiện"/>
 </relation>
 <relation id="18445409" visible="true" version="7" changeset="179993773" timestamp="2026-03-17T09:28:27Z" user="edumiz624" uid="20881381">
  <member type="node" ref="12437015530" role="platform"/>
  <member type="node" ref="12437015533" role="platform"/>
  <member type="node" ref="12871242824" role="platform"/>
  <member type="node" ref="12437015534" role="platform"/>
  <member type="node" ref="13423568905" role="platform"/>
  <member type="node" ref="12437015546" role="platform"/>
  <member type="node" ref="12871242828" role="platform"/>
  <member type="node" ref="12437015547" role="platform"/>
  <member type="node" ref="12437015548" role="platform"/>
  <member type="node" ref="12437015549" role="platform"/>
  <member type="node" ref="3185949682" role="platform"/>
  <member type="node" ref="11789253360" role="platform"/>
  <member type="node" ref="11789253361" role="platform"/>
  <member type="node" ref="11813897516" role="platform"/>
  <member type="node" ref="11813897517" role="platform"/>
  <member type="node" ref="11813897518" role="platform"/>
  <member type="node" ref="11813897519" role="platform"/>
  <member type="node" ref="11813897520" role="platform"/>
  <member type="node" ref="11813897521" role="platform"/>
  <member type="node" ref="11793308583" role="platform"/>
  <member type="node" ref="11793308584" role="platform"/>
  <member type="node" ref="11793308585" role="platform"/>
  <member type="node" ref="11793308586" role="platform"/>
  <member type="node" ref="11793308587" role="platform"/>
  <member type="node" ref="4269790394" role="platform"/>
  <member type="node" ref="11793308588" role="platform"/>
  <member type="node" ref="11793308589" role="platform"/>
  <member type="node" ref="12437183266" role="platform"/>
  <member type="node" ref="13423568902" role="platform_exit_only"/>
  <member type="way" ref="720320622" role=""/>
  <member type="way" ref="722552401" role=""/>
  <member type="way" ref="723891384" role=""/>
  <member type="way" ref="720320621" role=""/>
  <member type="way" ref="1271944490" role=""/>
  <member type="way" ref="1271944491" role=""/>
  <member type="way" ref="1271944492" role=""/>
  <member type="way" ref="722552398" role=""/>
  <member type="way" ref="722334434" role=""/>
  <member type="way" ref="227300545" role=""/>
  <member type="way" ref="227300542" role=""/>
  <member type="way" ref="722552395" role=""/>
  <member type="way" ref="723589731" role=""/>
  <member type="way" ref="1215973361" role=""/>
  <member type="way" ref="1344344446" role=""/>
  <member type="way" ref="722357078" role=""/>
  <member type="way" ref="306170804" role=""/>
  <member type="way" ref="1344344441" role=""/>
  <member type="way" ref="1187589295" role=""/>
  <member type="way" ref="606920703" role=""/>
  <member type="way" ref="606920718" role=""/>
  <member type="way" ref="1344344440" role=""/>
  <member type="way" ref="1215956912" role=""/>
  <member type="way" ref="1215957881" role=""/>
  <member type="way" ref="1215956911" role=""/>
  <member type="way" ref="704892961" role=""/>
  <member type="way" ref="1273081476" role=""/>
  <member type="way" ref="1273081475" role=""/>
  <member type="way" ref="722545278" role=""/>
  <member type="way" ref="1344344439" role=""/>
  <member type="way" ref="607249927" role=""/>
  <member type="way" ref="724079955" role=""/>
  <member type="way" ref="724106903" role=""/>
  <member type="way" ref="724079954" role=""/>
  <member type="way" ref="722361739" role=""/>
  <member type="way" ref="724081804" role=""/>
  <member type="way" ref="724081802" role=""/>
  <member type="way" ref="607249905" role=""/>
  <member type="way" ref="1273081475" role=""/>
  <member type="way" ref="1273081476" role=""/>
  <member type="way" ref="704892961" role=""/>
  <member type="way" ref="1215956911" role=""/>
  <member type="way" ref="1215957881" role=""/>
  <member type="way" ref="1215956912" role=""/>
  <member type="way" ref="1344344440" role=""/>
  <member type="way" ref="191937846" role=""/>
  <member type="way" ref="1270828726" role=""/>
  <member type="way" ref="723249849" role=""/>
  <member type="way" ref="1272225923" role=""/>
  <member type="way" ref="1137128326" role=""/>
  <member type="way" ref="720361263" role=""/>
  <member type="way" ref="1269264064" role=""/>
  <member type="way" ref="191937819" role=""/>
  <member type="way" ref="1215971651" role=""/>
  <member type="way" ref="1419189312" role=""/>
  <member type="way" ref="1419189306" role=""/>
  <member type="way" ref="1424698029" role=""/>
  <member type="way" ref="32582911" role=""/>
  <member type="way" ref="1489694988" role=""/>
  <member type="way" ref="1463428423" role=""/>
  <member type="node" ref="13654284972" role="platform"/>
  <tag k="charge" v="5000 VND"/>
  <tag k="colour" v="#008080"/>
  <tag k="fee" v="yes"/>
  <tag k="from" v="Ga Bình Thái"/>
  <tag k="interval" v="00:10-00:15"/>
  <tag k="name" v="Ga Bình Thái - Chung cư Man Thiện - Ga Thủ Đức"/>
  <tag k="network" v="Xe buýt Thành phố Hồ Chí Minh"/>
  <tag k="network:wikidata" v="Q30919670"/>
  <tag k="opening_hours" v="Mo-Su 05:00-22:05"/>
  <tag k="operator" v="Công ty Cổ phần Xe khách Phương Trang - FUTA Bus Lines"/>
  <tag k="ref" v="162"/>
  <tag k="route" v="bus"/>
  <tag k="to" v="Ga Thủ Đức"/>
  <tag k="type" v="route"/>
  <tag k="via" v="Chung cư Man Thiện"/>
 </relation>
 <relation id="18877937" visible="true" version="6" changeset="176701665" timestamp="2026-01-01T12:41:21Z" user="edumiz624" uid="20881381">
  <member type="node" ref="12691098995" role="platform_entry_only"/>
  <member type="way" ref="291267150" role=""/>
  <member type="way" ref="1370334734" role=""/>
  <member type="way" ref="1050150026" role=""/>
  <member type="way" ref="291267136" role=""/>
  <member type="way" ref="1125788393" role=""/>
  <member type="way" ref="1280544989" role=""/>
  <member type="way" ref="137036042" role=""/>
  <member type="way" ref="1210749203" role=""/>
  <member type="way" ref="1270595438" role=""/>
  <member type="way" ref="1320716269" role=""/>
  <member type="way" ref="613174158" role=""/>
  <member type="way" ref="613174159" role=""/>
  <member type="way" ref="568398688" role=""/>
  <member type="way" ref="568398687" role=""/>
  <member type="way" ref="605194405" role=""/>
  <member type="way" ref="976324701" role=""/>
  <member type="way" ref="1106837995" role=""/>
  <member type="way" ref="1106837996" role=""/>
  <member type="way" ref="1463428412" role=""/>
  <member type="way" ref="1078142005" role=""/>
  <member type="way" ref="1344368361" role=""/>
  <member type="way" ref="568398684" role=""/>
  <member type="way" ref="1344368362" role=""/>
  <member type="way" ref="976324699" role=""/>
  <member type="way" ref="568398679" role=""/>
  <member type="way" ref="606976528" role=""/>
  <member type="way" ref="1436389161" role=""/>
  <member type="way" ref="330237274" role=""/>
  <member type="way" ref="1265405862" role=""/>
  <member type="way" ref="1154405805" role=""/>
  <member type="way" ref="1154405807" role=""/>
  <member type="way" ref="1154405808" role=""/>
  <member type="way" ref="1154405806" role=""/>
  <member type="way" ref="997093438" role=""/>
  <member type="way" ref="1422244532" role=""/>
  <member type="way" ref="1015442474" role=""/>
  <member type="way" ref="447644202" role=""/>
  <member type="way" ref="1015442478" role=""/>
  <member type="way" ref="1262111240" role=""/>
  <member type="way" ref="1264517777" role=""/>
  <member type="way" ref="1269264066" role=""/>
  <member type="way" ref="224456768" role=""/>
  <member type="way" ref="1272187662" role=""/>
  <member type="way" ref="1272187313" role=""/>
  <member type="way" ref="1275903828" role=""/>
  <member type="way" ref="1267138248" role=""/>
  <member type="way" ref="1265525439" role=""/>
  <member type="way" ref="224456766" role=""/>
  <member type="way" ref="1265525420" role=""/>
  <member type="way" ref="995149094" role=""/>
  <member type="way" ref="408229568" role=""/>
  <member type="way" ref="1272185356" role=""/>
  <member type="way" ref="1344368378" role=""/>
  <member type="way" ref="1057552170" role=""/>
  <member type="way" ref="1073706930" role=""/>
  <member type="way" ref="1221434609" role=""/>
  <member type="way" ref="1203438638" role=""/>
  <member type="way" ref="408250489" role=""/>
  <member type="way" ref="1408702630" role=""/>
  <member type="way" ref="1317816170" role=""/>
  <member type="way" ref="1203438640" role=""/>
  <member type="way" ref="1317816171" role=""/>
  <member type="way" ref="802338945" role=""/>
  <member type="way" ref="330532340" role=""/>
  <member type="way" ref="191937850" role=""/>
  <member type="way" ref="1215970291" role=""/>
  <member type="way" ref="1215970290" role=""/>
  <member type="way" ref="720361261" role=""/>
  <member type="way" ref="720361262" role=""/>
  <member type="way" ref="722556033" role=""/>
  <member type="way" ref="722556034" role=""/>
  <member type="way" ref="191937848" role=""/>
  <member type="way" ref="1270828724" role=""/>
  <member type="way" ref="722357075" role=""/>
  <member type="way" ref="191937846" role=""/>
  <member type="way" ref="1344344440" role=""/>
  <member type="way" ref="1215956912" role=""/>
  <member type="way" ref="1215957881" role=""/>
  <member type="way" ref="1215956911" role=""/>
  <member type="way" ref="704892961" role=""/>
  <member type="way" ref="1273081476" role=""/>
  <member type="way" ref="1273081475" role=""/>
  <member type="way" ref="724068830" role=""/>
  <member type="way" ref="724068939" role=""/>
  <member type="way" ref="722542337" role=""/>
  <member type="way" ref="724070776" role=""/>
  <member type="way" ref="724070773" role=""/>
  <member type="way" ref="724070771" role=""/>
  <member type="way" ref="724070770" role=""/>
  <member type="way" ref="724070767" role=""/>
  <member type="way" ref="1272225922" role=""/>
  <member type="way" ref="724070766" role=""/>
  <member type="way" ref="722547006" role=""/>
  <member type="way" ref="722547007" role=""/>
  <member type="way" ref="32899363" role=""/>
  <member type="way" ref="723251386" role=""/>
  <member type="way" ref="723251385" role=""/>
  <member type="way" ref="32899364" role=""/>
  <member type="way" ref="1272555648" role=""/>
  <member type="way" ref="723538181" role=""/>
  <member type="way" ref="32583376" role=""/>
  <member type="way" ref="1215959105" role=""/>
  <member type="way" ref="1272160890" role=""/>
  <member type="way" ref="32899372" role=""/>
  <member type="way" ref="1272161084" role=""/>
  <member type="way" ref="1272161083" role=""/>
  <member type="node" ref="12691098997" role="platform_exit_only"/>
  <tag k="charge" v="10000 VND"/>
  <tag k="fee" v="yes"/>
  <tag k="from" v="Bến xe Tân Đông Hiệp"/>
  <tag k="interval" v="00:10-00:15"/>
  <tag k="name" v="Bến xe Tân Đông Hiệp - Dĩ An – Thủ Đức"/>
  <tag k="network" v="Xe buýt Bình Dương"/>
  <tag k="opening_hours" v="Mo-Su 05:00-19:53"/>
  <tag k="operator" v="Chi nhánh Hợp tác xã số 15"/>
  <tag k="ref" v="611"/>
  <tag k="route" v="bus"/>
  <tag k="to" v="Thủ Đức"/>
  <tag k="type" v="route"/>
  <tag k="via" v="Dĩ An"/>
 </relation>
 <relation id="18877938" visible="true" version="3" changeset="167981567" timestamp="2025-06-23T03:03:10Z" user="phoenixsaigon1698" uid="3323343">
  <member type="node" ref="12691098997" role="platform_entry_only"/>
  <member type="way" ref="1272161083" role=""/>
  <member type="way" ref="1272161084" role=""/>
  <member type="way" ref="32899372" role=""/>
  <member type="way" ref="1272160890" role=""/>
  <member type="way" ref="1215959105" role=""/>
  <member type="way" ref="32583376" role=""/>
  <member type="way" ref="723538181" role=""/>
  <member type="way" ref="1272555648" role=""/>
  <member type="way" ref="1269264075" role=""/>
  <member type="way" ref="723249435" role=""/>
  <member type="way" ref="607221725" role=""/>
  <member type="way" ref="1278461379" role=""/>
  <member type="way" ref="723251389" role=""/>
  <member type="way" ref="607221723" role=""/>
  <member type="way" ref="722361728" role=""/>
  <member type="way" ref="722361727" role=""/>
  <member type="way" ref="722547009" role=""/>
  <member type="way" ref="724079955" role=""/>
  <member type="way" ref="724106903" role=""/>
  <member type="way" ref="724079954" role=""/>
  <member type="way" ref="722361739" role=""/>
  <member type="way" ref="724081804" role=""/>
  <member type="way" ref="724081802" role=""/>
  <member type="way" ref="607249905" role=""/>
  <member type="way" ref="1273081475" role=""/>
  <member type="way" ref="1273081476" role=""/>
  <member type="way" ref="704892961" role=""/>
  <member type="way" ref="1215956911" role=""/>
  <member type="way" ref="1215957881" role=""/>
  <member type="way" ref="1215956912" role=""/>
  <member type="way" ref="1344344440" role=""/>
  <member type="way" ref="191937846" role=""/>
  <member type="way" ref="722357075" role=""/>
  <member type="way" ref="1270828726" role=""/>
  <member type="way" ref="723249849" role=""/>
  <member type="way" ref="1272225923" role=""/>
  <member type="way" ref="1137128326" role=""/>
  <member type="way" ref="720361263" role=""/>
  <member type="way" ref="1269264064" role=""/>
  <member type="way" ref="191937819" role=""/>
  <member type="way" ref="330532340" role=""/>
  <member type="way" ref="802338945" role=""/>
  <member type="way" ref="1317816171" role=""/>
  <member type="way" ref="1317816169" role=""/>
  <member type="way" ref="1408702630" role=""/>
  <member type="way" ref="408250489" role=""/>
  <member type="way" ref="1203438638" role=""/>
  <member type="way" ref="1203438639" role=""/>
  <member type="way" ref="1073706930" role=""/>
  <member type="way" ref="1057552170" role=""/>
  <member type="way" ref="1344368378" role=""/>
  <member type="way" ref="1272185356" role=""/>
  <member type="way" ref="408229568" role=""/>
  <member type="way" ref="995149094" role=""/>
  <member type="way" ref="1265525418" role=""/>
  <member type="way" ref="1272187313" role=""/>
  <member type="way" ref="224456768" role=""/>
  <member type="way" ref="1269264066" role=""/>
  <member type="way" ref="1264517777" role=""/>
  <member type="way" ref="1262111240" role=""/>
  <member type="way" ref="704809313" role=""/>
  <member type="way" ref="685351782" role=""/>
  <member type="way" ref="685351780" role=""/>
  <member type="way" ref="714337206" role=""/>
  <member type="way" ref="1154405806" role=""/>
  <member type="way" ref="404528387" role=""/>
  <member type="way" ref="997093440" role=""/>
  <member type="way" ref="822063898" role=""/>
  <member type="way" ref="330237273" role=""/>
  <member type="way" ref="606976526" role=""/>
  <member type="way" ref="606976527" role=""/>
  <member type="way" ref="1344368369" role=""/>
  <member type="way" ref="568398678" role=""/>
  <member type="way" ref="1344368370" role=""/>
  <member type="way" ref="1078142004" role=""/>
  <member type="way" ref="1106837993" role=""/>
  <member type="way" ref="1106837992" role=""/>
  <member type="way" ref="1106837990" role=""/>
  <member type="way" ref="605194406" role=""/>
  <member type="way" ref="1370334736" role=""/>
  <member type="way" ref="605194398" role=""/>
  <member type="way" ref="568398688" role=""/>
  <member type="way" ref="613174159" role=""/>
  <member type="way" ref="613174158" role=""/>
  <member type="way" ref="1320716269" role=""/>
  <member type="way" ref="1210749202" role=""/>
  <member type="way" ref="137036042" role=""/>
  <member type="way" ref="1270595436" role=""/>
  <member type="way" ref="1280544990" role=""/>
  <member type="way" ref="1370334738" role=""/>
  <member type="way" ref="1280536312" role=""/>
  <member type="way" ref="291267150" role=""/>
  <member type="node" ref="12691098995" role="platform_exit_only"/>
  <tag k="charge" v="10000 VND"/>
  <tag k="fee" v="yes"/>
  <tag k="from" v="Thủ Đức"/>
  <tag k="interval" v="00:10-00:15"/>
  <tag k="name" v="Thủ Đức - Dĩ An - Bến xe Tân Đông Hiệp"/>
  <tag k="network" v="Xe buýt Bình Dương"/>
  <tag k="opening_hours" v="Mo-Su 05:00-19:53"/>
  <tag k="operator" v="Chi nhánh Hợp tác xã số 15"/>
  <tag k="ref" v="611"/>
  <tag k="route" v="bus"/>
  <tag k="to" v="Bến xe Tân Đông Hiệp"/>
  <tag k="type" v="route"/>
  <tag k="via" v="Dĩ An"/>
 </relation>
 <relation id="18877939" visible="true" version="1" changeset="163949786" timestamp="2025-03-22T14:24:48Z" user="edumiz624" uid="20881381">
  <member type="relation" ref="18877937" role=""/>
  <tag k="name" v="Bến xe Tân Đông Hiệp - Dĩ An – Thủ Đức"/>
  <tag k="network" v="Xe buýt Bình Dương"/>
  <tag k="operator" v="Chi nhánh Hợp tác xã số 15"/>
  <tag k="ref" v="611"/>
  <tag k="route_master" v="bus"/>
  <tag k="type" v="route_master"/>
 </relation>
 <relation id="19916893" visible="true" version="2" changeset="178511807" timestamp="2026-02-13T16:04:10Z" user="KimChinhTri" uid="4892796">
  <member type="node" ref="12501274997" role="label"/>
  <member type="way" ref="1351259810" role="outer"/>
  <member type="way" ref="1351259852" role="outer"/>
  <member type="way" ref="1351259830" role="outer"/>
  <member type="way" ref="1351259835" role="outer"/>
  <member type="way" ref="1477828135" role="outer"/>
  <member type="way" ref="1477828136" role="outer"/>
  <member type="way" ref="1477828141" role="outer"/>
  <member type="way" ref="501622247" role="outer"/>
  <member type="way" ref="1455936096" role="outer"/>
  <tag k="admin_level" v="9"/>
  <tag k="boundary" v="administrative"/>
  <tag k="name" v="Khu phố 40"/>
  <tag k="type" v="boundary"/>
 </relation>
 <relation id="20034668" visible="true" version="2" changeset="179993773" timestamp="2026-03-17T09:28:27Z" user="edumiz624" uid="20881381">
  <member type="relation" ref="18445408" role=""/>
  <member type="relation" ref="18445409" role=""/>
  <tag k="name" v="Ga Thủ Đức - Chung cư Man Thiện - Ga Bình Thái"/>
  <tag k="network" v="Xe buýt Thành phố Hồ Chí Minh"/>
  <tag k="network:wikidata" v="Q30919670"/>
  <tag k="operator" v="Công ty Cổ phần Xe khách Phương Trang - FUTA Bus Lines"/>
  <tag k="ref" v="162"/>
  <tag k="route_master" v="bus"/>
  <tag k="type" v="route_master"/>
 </relation>
 <relation id="20211337" visible="true" version="1" changeset="178511807" timestamp="2026-02-13T16:04:10Z" user="KimChinhTri" uid="4892796">
  <member type="node" ref="12509924401" role="label"/>
  <member type="way" ref="1352135550" role="outer"/>
  <member type="way" ref="1352135512" role="outer"/>
  <member type="way" ref="1352135535" role="outer"/>
  <member type="way" ref="1352135531" role="outer"/>
  <member type="way" ref="501622247" role="outer"/>
  <tag k="admin_level" v="9"/>
  <tag k="boundary" v="administrative"/>
  <tag k="name" v="Khu phố 36"/>
  <tag k="type" v="boundary"/>
 </relation>
 <relation id="20215881" visible="true" version="1" changeset="178527348" timestamp="2026-02-14T02:05:15Z" user="KimChinhTri" uid="4892796">
  <member type="node" ref="12509924407" role="label"/>
  <member type="way" ref="1352135540" role="outer"/>
  <member type="way" ref="1352135539" role="outer"/>
  <member type="way" ref="1352135537" role="outer"/>
  <member type="way" ref="1352135550" role="outer"/>
  <member type="way" ref="1352135551" role="outer"/>
  <tag k="admin_level" v="9"/>
  <tag k="boundary" v="administrative"/>
  <tag k="name" v="Khu phố 48"/>
  <tag k="type" v="boundary"/>
 </relation>
</osm>
